state,county,locationid,uninsured,high_bp,asthma,heart_disease,copd,smoking,depression,diabetes,inactivity,obesity,population,lon,lat,region
AK,Aleutians East,02013,15.7,33.2,7.8,5.5,5.0,17.0,12.3,12.8,28.7,30.7,3461.0,-161.964571410747,55.359979555826,West
AK,Aleutians West,02016,13.0,30.7,7.8,4.5,4.3,16.2,13.3,10.8,25.2,31.9,5160.0,-110.244912258458,52.7943036111183,West
AK,Anchorage,02020,9.5,31.5,10.7,5.1,5.3,14.0,21.3,8.9,19.8,35.0,286075.0,-149.112545841578,61.150482370682,West
AK,Bethel,02050,15.9,37.5,13.6,7.7,9.9,31.0,21.0,13.8,33.3,39.1,18224.0,-159.82324096097,60.9128860869079,West
AK,Bristol Bay,02060,9.7,36.3,11.0,7.6,7.1,16.5,18.8,11.3,22.2,34.9,844.0,-156.700132487576,58.7440261738219,West
AK,Chugach,02063,8.8,33.4,10.0,6.2,6.3,14.8,18.4,9.6,20.9,31.1,6769.0,-145.846670254475,60.7148095406379,West
AK,Copper River,02066,9.5,38.3,10.7,8.0,8.0,17.8,19.8,11.4,23.2,33.6,2674.0,-143.967989524598,61.8833837156363,West
AK,Denali,02068,9.3,32.0,9.9,5.6,5.9,16.3,19.5,8.6,20.9,31.3,1584.0,-150.011615254067,63.6714884543977,West
AK,Dillingham,02070,13.3,34.4,12.7,7.4,8.6,25.7,20.1,13.0,29.1,38.5,4607.0,-158.236178154164,59.7978171220014,West
AK,Fairbanks North Star,02090,9.9,30.3,10.0,4.8,4.9,13.8,20.5,7.9,21.2,35.3,94840.0,-146.565627734256,64.8075316814407,West
AK,Haines,02100,7.7,38.5,10.1,7.6,7.2,13.8,18.8,10.8,20.1,34.0,2070.0,-135.500167586106,59.119335495324,West
AK,Hoonah-Angoon,02105,10.2,42.8,11.3,9.6,9.4,19.5,18.5,14.8,26.6,37.1,2262.0,-135.641352469501,58.2866674624936,West
AK,Juneau,02110,8.5,32.4,10.2,5.7,5.9,13.9,21.0,8.9,17.5,35.0,31555.0,-134.172902838081,58.4491350384727,West
AK,Kenai Peninsula,02122,9.9,35.4,10.3,7.0,7.3,16.1,19.7,9.8,21.5,32.3,61223.0,-151.5538621838,60.2599690239553,West
AK,Ketchikan Gateway,02130,9.5,34.8,10.3,6.4,6.6,15.9,18.9,10.1,21.9,37.7,13738.0,-130.936350933263,55.586579401666,West
AK,Kodiak Island,02150,10.5,31.0,9.3,5.4,5.5,15.0,17.2,9.8,22.7,31.5,12565.0,-153.789812278338,57.6808874751479,West
AK,Kusilvak,02158,18.1,38.5,14.7,8.5,11.6,36.6,23.5,16.5,37.0,46.5,8001.0,-163.385871730467,62.1566155670538,West
AK,Lake and Peninsula,02164,12.1,38.2,12.5,8.2,9.1,24.7,20.0,14.6,29.4,39.4,1331.0,-156.194112811655,58.6489291768631,West
AK,Matanuska-Susitna,02170,9.7,32.0,10.7,6.0,6.7,17.3,21.9,9.0,22.7,37.5,115239.0,-149.573459107234,62.3154231338699,West
AK,Nome,02180,13.5,33.6,12.8,7.1,8.7,28.7,20.7,13.0,29.3,38.6,9763.0,-164.033919932189,64.9109901665876,West
AK,North Slope,02185,11.2,34.9,10.4,5.8,6.0,20.8,18.0,10.8,23.6,42.3,10603.0,-153.47938789872,69.3135617388991,West
AK,Northwest Arctic,02188,14.2,36.8,13.3,7.5,8.8,28.3,20.7,14.1,30.2,40.6,7361.0,-159.722233405755,67.0527933404638,West
AK,Petersburg,02195,9.8,35.6,9.8,7.1,6.8,14.9,18.2,10.5,21.6,30.8,3427.0,-132.936273558469,57.1215033506989,West
AK,Prince of Wales-Hyder,02198,11.1,39.4,11.9,8.9,9.4,22.0,20.3,14.0,26.5,38.4,5696.0,-133.055155796378,55.8173059571036,West
AK,Sitka,02220,8.8,33.7,10.1,6.1,6.0,13.8,19.1,9.9,19.2,29.8,8282.0,-135.315163429465,57.2335274122738,West
AK,Skagway,02230,9.7,33.6,10.0,6.1,6.3,15.4,19.4,9.1,20.8,36.2,1095.0,-135.336028290736,59.5592737178809,West
AK,Southeast Fairbanks,02240,11.5,35.5,10.1,7.0,7.5,18.3,19.3,10.2,25.8,35.7,7077.0,-143.213550848982,63.8762788125121,West
AK,Wrangell,02275,10.2,40.8,10.6,9.4,9.1,17.0,18.3,12.9,24.6,34.8,2064.0,-132.033291099899,56.3275352874816,West
AK,Yakutat,02282,12.1,40.5,10.9,8.9,8.6,20.5,18.0,13.7,27.0,35.4,687.0,-140.357660106358,59.8890141407815,West
AK,Yukon-Koyukuk,02290,13.5,41.4,12.6,9.7,10.5,27.4,19.8,16.5,29.4,36.9,5129.0,-151.390098989755,65.5085661031514,West
AL,Autauga,01001,8.8,42.0,10.0,6.7,7.4,14.5,25.1,13.3,27.0,39.8,60342.0,-86.6428164158396,32.5350016195151,South
AL,Baldwin,01003,8.3,43.8,9.3,7.5,7.5,13.0,22.5,13.4,25.4,35.2,253507.0,-87.7226204578951,30.7277455824565,South
AL,Barbour,01005,14.3,50.2,10.8,9.5,11.1,20.2,22.1,19.6,36.2,46.8,24585.0,-85.3928136383141,31.8698172860413,South
AL,Bibb,01007,12.6,46.3,10.4,8.5,10.2,19.7,24.4,16.2,33.3,43.9,21868.0,-87.1265925390144,32.9984605509544,South
AL,Blount,01009,11.5,41.2,9.9,8.0,9.1,16.6,24.8,13.8,29.1,36.1,59816.0,-86.5674545509626,33.9808484356408,South
AL,Bullock,01011,17.7,56.6,11.5,10.7,13.0,24.7,21.1,24.6,44.2,51.3,9897.0,-85.7157596722874,32.1005731304216,South
AL,Butler,01013,11.3,51.0,10.9,9.1,10.3,18.3,22.5,18.9,37.1,40.4,18382.0,-86.6804536012984,31.7525985102121,South
AL,Calhoun,01015,10.6,44.8,10.6,7.7,8.9,16.3,24.6,14.8,31.9,38.6,116429.0,-85.8257674379293,33.7714931264898,South
AL,Chambers,01017,11.5,48.7,10.7,8.6,9.9,17.7,22.7,17.9,34.3,41.5,34079.0,-85.3917577489906,32.9141677822456,South
AL,Cherokee,01019,10.0,45.9,10.2,9.6,10.7,17.5,25.0,16.0,31.4,39.5,25666.0,-85.6038430238838,34.1758355642538,South
AL,Chilton,01021,11.6,43.1,10.0,7.6,8.8,16.9,24.5,14.1,31.1,40.0,46431.0,-86.7185602930782,32.8479267319968,South
AL,Choctaw,01023,11.0,52.7,10.9,10.0,11.1,18.2,23.3,20.1,36.4,44.4,12252.0,-88.2631706219377,32.0198224293383,South
AL,Clarke,01025,11.0,49.5,10.8,8.7,9.7,17.7,22.6,18.4,34.4,43.9,22337.0,-87.8308687688628,31.6768474292414,South
AL,Clay,01027,11.0,47.6,10.4,9.3,10.6,18.2,24.4,16.5,32.7,42.5,14111.0,-85.8606604130173,33.2693085517833,South
AL,Cleburne,01029,10.1,42.9,10.0,8.4,9.8,17.8,25.5,14.6,30.5,37.4,15639.0,-85.5179075897695,33.6749172926082,South
AL,Coffee,01031,11.3,43.5,10.2,7.6,8.6,16.6,24.3,14.8,29.9,41.0,55643.0,-85.9880914738148,31.4024803007311,South
AL,Colbert,01033,9.8,44.3,10.3,8.0,8.9,16.2,24.5,15.0,28.6,37.5,58361.0,-87.8049657872681,34.7004396828047,South
AL,Conecuh,01035,12.7,54.7,11.0,11.1,12.6,20.5,22.3,22.1,39.4,46.4,11174.0,-86.9935445067511,31.4293022573494,South
AL,Coosa,01037,10.9,50.2,10.3,9.8,10.6,17.8,22.2,18.6,33.5,41.9,10268.0,-86.2475655062285,32.9362201904239,South
AL,Covington,01039,10.4,46.4,10.2,9.2,10.4,17.6,24.3,16.3,31.9,37.9,37952.0,-86.451444907521,31.2486200676573,South
AL,Crenshaw,01041,11.2,46.6,10.5,8.5,9.9,18.1,23.8,16.6,32.6,40.5,13101.0,-86.3135271841638,31.7314522019174,South
AL,Cullman,01043,10.1,42.3,9.8,7.9,9.0,16.6,25.4,13.4,27.3,36.4,92016.0,-86.8674617693469,34.1321232297422,South
AL,Dale,01045,11.5,44.3,10.3,8.1,9.2,17.5,24.8,15.8,31.7,41.3,49871.0,-85.6109266826185,31.4316629601359,South
AL,Dallas,01047,12.3,55.2,11.6,9.6,11.2,19.5,20.3,22.4,38.0,46.3,36165.0,-87.1065206124462,32.3258306814392,South
AL,DeKalb,01049,14.7,44.5,10.1,8.9,10.8,19.6,26.3,15.7,33.8,38.6,72569.0,-85.8039693236418,34.4598606858773,South
AL,Elmore,01051,9.2,41.6,10.0,6.7,7.5,15.1,23.0,13.0,26.2,38.9,90441.0,-86.1484340236509,32.5970686891064,South
AL,Escambia,01053,13.1,48.6,10.9,9.5,11.4,21.2,24.0,18.5,35.7,43.9,36558.0,-87.1617426535115,31.1261990377952,South
AL,Etowah,01055,10.8,46.3,10.3,8.5,9.8,17.8,24.9,16.3,33.3,43.8,103241.0,-86.0349319631417,34.0451449448922,South
AL,Fayette,01057,11.0,47.6,10.3,9.4,10.9,18.7,25.7,16.6,32.7,40.6,15967.0,-87.7389050506601,33.7211713531213,South
AL,Franklin,01059,15.7,44.4,10.0,8.9,10.7,19.2,25.1,16.4,33.9,42.2,31802.0,-87.8436750232892,34.4417388803873,South
AL,Geneva,01061,11.8,45.5,10.4,9.3,11.0,19.4,25.7,16.4,32.0,42.3,26988.0,-85.8396481010202,31.0950365894133,South
AL,Greene,01063,14.6,59.8,12.0,11.9,13.8,22.3,20.4,27.1,44.7,52.7,7341.0,-87.9519483428688,32.8530437219041,South
AL,Hale,01065,12.4,51.1,11.3,9.0,10.3,18.9,21.2,19.7,36.0,47.6,14888.0,-87.6288617663726,32.7624422973756,South
AL,Henry,01067,10.3,48.1,10.3,8.9,9.7,16.6,23.0,16.7,31.4,41.3,17899.0,-85.2412788046304,31.5148475570572,South
AL,Houston,01069,10.4,44.5,10.4,7.9,8.9,16.0,24.9,15.7,29.0,40.5,108462.0,-85.3024748570754,31.153023163546,South
AL,Jackson,01071,11.2,45.9,10.3,9.2,10.9,19.0,26.7,16.0,32.5,39.3,53467.0,-85.9995052603961,34.7796392771775,South
AL,Jefferson,01073,9.1,42.7,9.9,6.6,6.9,13.7,22.7,15.1,28.0,37.4,662895.0,-86.896632302754,33.554557948471,South
AL,Lamar,01075,10.9,47.7,10.3,9.6,11.1,18.8,24.7,16.7,32.3,40.8,13661.0,-88.0969548281156,33.7791463830423,South
AL,Lauderdale,01077,9.0,39.6,9.9,7.4,8.2,14.2,24.2,12.9,26.7,35.6,96814.0,-87.6540983850983,34.9014438477101,South
AL,Lawrence,01079,10.5,44.3,10.5,8.4,9.8,18.5,24.9,15.5,31.1,39.5,33502.0,-87.3108851040374,34.5216735395968,South
AL,Lee,01081,8.8,37.5,10.1,5.8,6.4,12.9,23.6,12.5,25.0,38.4,183215.0,-85.3550362108983,32.601254498925,South
AL,Limestone,01083,9.2,40.7,9.7,6.4,6.9,14.2,23.7,12.5,25.4,39.6,114654.0,-86.9814538074536,34.8102607960627,South
AL,Lowndes,01085,13.9,56.5,11.7,10.4,12.3,21.6,20.9,24.1,41.4,51.2,9717.0,-86.6500611800636,32.1550262402887,South
AL,Macon,01087,11.2,50.6,11.7,8.2,8.8,15.6,20.7,20.0,35.2,46.7,18370.0,-85.6921198346528,32.3858126404866,South
AL,Madison,01089,8.0,38.6,9.4,5.8,5.8,11.8,21.6,12.1,22.7,39.9,412600.0,-86.550355969647,34.7630088775779,South
AL,Marengo,01091,11.5,51.5,11.0,9.0,9.9,17.5,22.3,19.8,34.6,43.1,18684.0,-87.7895124506775,32.2478854975948,South
AL,Marion,01093,11.0,45.9,10.2,9.4,10.8,18.5,25.7,15.5,32.2,42.4,29244.0,-87.8871984960778,34.1365876476739,South
AL,Marshall,01095,12.5,41.7,9.8,7.8,9.0,16.6,25.4,14.5,30.8,37.6,100756.0,-86.306202322979,34.3673847093536,South
AL,Mobile,01097,10.2,43.1,9.7,7.3,7.9,15.4,22.1,16.1,30.7,39.0,411640.0,-88.20640909701,30.7791692937068,South
AL,Monroe,01099,12.1,51.3,11.1,9.7,11.2,19.7,22.7,19.7,36.8,43.8,19229.0,-87.3654708804686,31.570816777416,South
AL,Montgomery,01101,10.2,46.3,10.7,6.9,7.5,14.4,21.0,16.4,30.6,46.1,224980.0,-86.2076996333806,32.220703470576,South
AL,Morgan,01103,11.2,44.5,9.9,7.7,8.5,16.1,24.0,14.7,29.8,38.6,125133.0,-86.8530296512976,34.453569812448,South
AL,Perry,01105,13.8,56.9,11.9,10.9,12.9,21.9,22.1,24.6,42.1,52.9,7738.0,-87.2942727229619,32.6384797740624,South
AL,Pickens,01107,13.4,48.3,10.6,8.7,10.0,18.7,22.3,18.0,34.8,48.0,18688.0,-88.0891310718596,33.2807870081005,South
AL,Pike,01109,10.3,40.6,10.9,6.8,7.8,14.9,24.7,14.1,28.1,40.3,33137.0,-85.9407627085231,31.8027535253528,South
AL,Randolph,01111,10.2,46.1,10.3,8.7,9.7,16.9,24.4,16.1,30.0,37.8,22786.0,-85.4593334042301,33.293864006059,South
AL,Russell,01113,11.9,46.7,11.0,7.5,9.0,18.1,23.9,17.3,33.2,43.0,58744.0,-85.1846581812352,32.2882099895674,South
AL,Shelby,01117,7.1,40.2,9.3,5.7,5.5,10.5,21.6,11.2,20.7,31.7,233000.0,-86.6608662882591,33.2645243865867,South
AL,St. Clair,01115,9.2,41.8,10.0,7.1,7.9,15.2,25.0,13.0,27.6,39.6,95552.0,-86.3145905166032,33.7153193943775,South
AL,Sumter,01119,11.1,50.0,11.6,8.5,9.3,16.3,21.5,19.7,35.6,47.2,11727.0,-88.1991356439475,32.5909755138009,South
AL,Talladega,01121,10.9,48.2,10.6,8.3,9.4,17.7,22.7,17.2,32.6,45.6,81132.0,-86.1654714346314,33.3800641404691,South
AL,Tallapoosa,01123,10.0,48.5,10.3,9.0,9.5,16.3,23.5,16.8,30.0,39.5,40677.0,-85.797257686572,32.862586933353,South
AL,Tuscaloosa,01125,9.3,38.9,10.3,5.8,6.6,13.6,25.0,12.0,25.9,41.0,237373.0,-87.5254019048087,33.2894088277374,South
AL,Walker,01127,10.7,44.1,10.3,8.6,10.2,18.4,26.6,15.1,32.2,35.8,64728.0,-87.2978092396997,33.8031253577516,South
AL,Washington,01129,9.7,47.4,10.5,8.7,9.5,17.3,24.1,17.0,31.9,41.1,15022.0,-88.2081714139416,31.4075499895542,South
AL,Wilcox,01131,14.4,56.7,11.9,10.8,12.8,21.6,21.4,23.8,41.2,51.2,9944.0,-87.3083095693845,31.9892939338512,South
AL,Winston,01133,11.7,46.9,10.3,9.9,11.8,19.6,26.2,16.5,34.1,39.1,23611.0,-87.373658054727,34.1492657099146,South
AR,Arkansas,05001,11.1,45.4,10.6,8.6,9.6,17.3,23.4,15.2,35.6,39.1,16307.0,-91.3742443996367,34.2890451226643,South
AR,Ashley,05003,12.9,49.4,11.0,10.2,11.9,20.0,25.6,18.3,41.9,45.1,18262.0,-91.7684677225088,33.1912395259672,South
AR,Baxter,05005,10.0,47.0,10.2,11.1,11.5,16.6,25.7,15.0,33.4,37.7,42875.0,-92.3369593879758,36.2869936509323,South
AR,Benton,05007,10.9,32.8,9.2,5.6,5.9,11.7,23.7,10.3,25.7,35.3,311013.0,-94.2558310001198,36.3389781548829,South
AR,Boone,05009,9.5,40.7,10.2,8.5,9.3,16.4,25.4,13.1,30.8,40.7,38530.0,-93.0916817879006,36.3086436758994,South
AR,Bradley,05011,15.2,48.7,10.8,9.4,10.7,18.9,23.2,17.6,40.3,42.5,10104.0,-92.1624834155635,33.466623700772,South
AR,Calhoun,05013,10.2,45.5,10.3,8.5,8.9,16.0,23.0,14.6,33.8,39.2,4641.0,-92.5029413111612,33.5580587155721,South
AR,Carroll,05015,13.7,45.3,9.8,9.7,10.4,17.0,24.2,15.0,36.8,37.6,28814.0,-93.5382990189827,36.340959511681,South
AR,Chicot,05017,14.3,53.0,11.1,10.3,11.5,19.7,21.5,20.5,42.2,47.1,9538.0,-91.2933505574654,33.2667470395332,South
AR,Clark,05019,10.4,40.3,10.9,7.2,8.1,15.0,26.0,12.9,32.1,40.0,21274.0,-93.1767308539705,34.0510757211807,South
AR,Clay,05021,11.0,43.3,10.4,9.3,10.8,18.3,26.8,14.1,35.8,40.2,14201.0,-90.4170776785868,36.3683675945226,South
AR,Cleburne,05023,10.1,45.3,10.1,10.3,11.1,17.4,24.8,15.1,34.6,37.9,25445.0,-92.0266618029566,35.5381671096059,South
AR,Cleveland,05025,10.1,46.5,10.5,9.3,10.3,17.7,24.6,15.0,34.6,42.4,7378.0,-92.1849717548295,33.8983818787189,South
AR,Columbia,05027,11.0,42.8,11.0,7.9,8.8,16.1,23.7,14.4,34.5,37.7,22150.0,-93.2275288321248,33.2144070346383,South
AR,Conway,05029,11.2,46.8,10.6,9.4,10.7,18.8,24.9,15.6,36.5,41.4,21077.0,-92.701239973211,35.2625436321328,South
AR,Craighead,05031,10.6,39.1,10.5,6.7,7.9,15.8,26.5,11.6,31.0,39.1,113993.0,-90.6329336830579,35.8308246644221,South
AR,Crawford,05033,11.6,41.9,10.3,8.1,9.2,16.8,26.1,13.0,31.2,38.8,61891.0,-94.2424245667651,35.5884321173193,South
AR,Crittenden,05035,12.3,47.4,11.6,7.9,9.3,18.5,23.9,16.5,38.7,46.7,47139.0,-90.3082216649023,35.2054090351377,South
AR,Cross,05037,12.2,46.5,10.9,9.1,10.8,19.8,25.3,16.1,38.6,45.0,16420.0,-90.7714945147511,35.2958747021642,South
AR,Dallas,05039,11.1,49.8,10.6,9.2,9.5,16.3,21.7,17.1,37.8,41.9,6185.0,-92.6542603960231,33.9697415127666,South
AR,Desha,05041,16.0,52.8,11.8,10.8,13.1,22.3,23.2,21.2,46.2,46.6,10479.0,-91.2552412838777,33.8308426422596,South
AR,Drew,05043,12.0,44.7,11.1,8.5,9.8,17.4,24.1,15.2,35.8,43.8,16945.0,-91.7196579038053,33.5894113647675,South
AR,Faulkner,05045,9.1,35.4,10.2,6.0,6.7,13.6,26.4,10.8,26.6,39.8,129951.0,-92.3318762564724,35.1471729558217,South
AR,Franklin,05047,11.5,44.6,10.6,9.5,11.2,19.5,27.0,14.6,35.5,39.8,17468.0,-93.8905515046839,35.5124401293152,South
AR,Fulton,05049,11.3,49.1,10.6,11.5,13.2,20.4,26.2,17.1,37.8,39.6,12421.0,-91.817888079321,36.3816206347765,South
AR,Garland,05051,10.3,45.8,10.1,9.3,9.5,15.5,24.1,14.8,30.7,39.1,99784.0,-93.1504977724069,34.5766230811054,South
AR,Grant,05053,9.3,40.2,9.9,7.5,8.2,15.6,24.9,12.0,29.6,36.9,18383.0,-92.4234453390766,34.290047947646,South
AR,Greene,05055,11.2,42.5,10.5,8.0,9.7,18.5,27.8,12.5,35.0,42.3,46743.0,-90.5590804450475,36.1176154800063,South
AR,Hempstead,05057,14.2,46.2,10.7,8.9,9.8,17.7,22.1,16.6,39.7,45.6,19343.0,-93.668219443281,33.7357081301166,South
AR,Hot Spring,05059,11.3,43.3,10.3,8.5,9.8,18.6,23.9,13.9,34.4,37.1,33258.0,-92.9452244629986,34.31776968917,South
AR,Howard,05061,12.5,44.3,10.6,8.6,9.5,17.1,24.3,15.2,36.0,39.4,12533.0,-93.9938053308515,34.0889044688856,South
AR,Independence,05063,11.6,41.3,10.4,8.4,9.7,17.1,26.1,13.4,35.3,41.6,38320.0,-91.5700112648911,35.741699805739,South
AR,Izard,05065,11.8,47.6,10.3,10.9,12.2,19.8,25.6,15.9,37.3,41.2,14169.0,-91.9133749044468,36.0947862703415,South
AR,Jackson,05067,13.6,44.4,11.0,8.9,11.1,21.1,26.3,15.4,39.5,43.9,16784.0,-91.2146324874827,35.5993609746175,South
AR,Jefferson,05069,12.1,50.9,11.2,8.3,9.3,17.3,21.5,17.6,38.1,45.9,63661.0,-91.9306504433258,34.2684876070299,South
AR,Johnson,05071,13.8,42.5,10.3,8.9,10.3,18.3,25.4,14.6,36.8,37.4,26129.0,-93.4598912643847,35.5697554205716,South
AR,Lafayette,05073,14.1,52.6,11.4,11.8,13.6,21.5,23.9,20.6,43.5,46.0,6095.0,-93.6074236583095,33.241415618939,South
AR,Lawrence,05075,11.6,43.7,10.7,9.3,11.3,19.8,27.3,14.4,36.3,43.7,16318.0,-91.1072092066806,36.041205068049,South
AR,Lee,05077,15.8,51.7,11.0,10.1,11.7,22.3,21.3,19.7,42.9,46.9,8201.0,-90.780565570189,34.7806712575882,South
AR,Lincoln,05079,14.7,43.2,9.8,7.6,8.8,19.9,22.0,13.8,36.2,42.6,12898.0,-91.7344327594591,33.9569870088292,South
AR,Little River,05081,10.8,46.3,10.7,9.2,10.2,17.8,24.5,15.7,36.9,41.3,11805.0,-94.2341214453394,33.7020296690166,South
AR,Logan,05083,10.6,44.9,10.5,9.0,10.4,18.0,25.8,14.4,33.8,38.1,21400.0,-93.7171626255792,35.2148866321463,South
AR,Lonoke,05085,9.8,39.0,10.3,6.5,7.5,16.0,25.8,11.3,31.0,36.1,75944.0,-91.8886806209445,34.7543403081242,South
AR,Madison,05087,12.4,44.1,10.4,9.0,10.5,19.0,25.6,13.9,35.2,40.8,17775.0,-93.7242584115005,36.0113363272212,South
AR,Marion,05089,10.5,46.3,10.3,11.3,12.1,18.0,24.8,16.4,34.8,37.9,17514.0,-92.6845075082366,36.2686505271229,South
AR,Miller,05091,12.2,44.8,11.1,8.5,10.1,19.1,24.6,15.3,37.9,38.1,42415.0,-93.8924281761086,33.3123156126392,South
AR,Mississippi,05093,12.5,46.4,11.1,8.1,9.6,18.8,24.8,15.2,36.7,46.6,38663.0,-90.0522615520211,35.7624152398424,South
AR,Monroe,05095,12.3,52.3,11.3,10.4,11.5,19.1,22.9,19.1,39.6,43.5,6512.0,-91.2039164853539,34.6778463256655,South
AR,Montgomery,05097,10.9,47.8,10.4,11.1,12.0,17.8,25.2,16.4,36.0,40.9,8620.0,-93.6594929570876,34.5391664075576,South
AR,Nevada,05099,12.4,51.0,10.9,10.3,11.8,20.4,24.1,18.3,40.8,44.0,8120.0,-93.3071170868575,33.6633038300917,South
AR,Newton,05101,10.1,47.4,10.3,10.4,11.3,17.8,24.7,15.3,34.2,38.6,7071.0,-93.2175629791081,35.9200960625867,South
AR,Ouachita,05103,11.3,49.5,11.0,9.3,10.3,18.2,23.2,17.7,38.0,43.5,21793.0,-92.882040791321,33.593253927504,South
AR,Perry,05105,10.2,43.8,10.2,9.1,10.2,17.6,25.1,14.1,34.2,38.9,10184.0,-92.9308792596259,34.9473919842415,South
AR,Phillips,05107,13.5,55.6,12.2,10.7,12.4,21.0,22.6,21.7,44.1,48.4,14961.0,-90.8486929377124,34.4276555514265,South
AR,Pike,05109,11.4,44.3,10.3,9.1,10.2,17.4,25.7,14.4,34.4,38.3,10208.0,-93.6567760728936,34.1639175444477,South
AR,Poinsett,05111,12.6,43.0,10.8,9.1,11.3,20.4,26.8,14.6,38.7,41.4,22397.0,-90.6631053050275,35.5740758449201,South
AR,Polk,05113,11.7,44.8,10.5,10.1,11.4,18.6,25.0,15.5,35.8,40.0,19436.0,-94.2282210393227,34.4858592435429,South
AR,Pope,05115,12.1,38.7,10.6,7.7,9.1,16.4,24.6,12.7,33.7,44.6,64593.0,-93.034485700416,35.4480772563332,South
AR,Prairie,05117,10.6,46.7,10.4,9.6,10.4,17.3,23.8,15.1,34.9,40.3,8036.0,-91.5527724228457,34.8296805541547,South
AR,Pulaski,05119,10.4,42.2,10.3,6.7,7.2,13.4,23.1,12.9,29.1,40.5,400009.0,-92.3119548341849,34.7700394452014,South
AR,Randolph,05121,11.7,43.6,10.6,9.4,11.2,20.0,26.8,14.7,37.9,41.4,18907.0,-91.027601124923,36.3412861990406,South
AR,Saline,05125,9.2,40.0,10.0,7.1,7.2,14.2,24.7,11.3,29.1,34.5,129574.0,-92.6765172938046,34.6466455813868,South
AR,Scott,05127,12.4,44.1,10.3,9.5,10.6,18.5,25.1,14.8,36.7,37.0,9851.0,-94.06316918547,34.8608770716874,South
AR,Searcy,05129,11.9,49.3,10.7,11.9,13.7,20.9,26.0,17.6,38.6,39.9,7806.0,-92.6994901353755,35.9111264752522,South
AR,Sebastian,05131,12.9,40.7,10.3,7.7,8.5,16.1,24.9,13.1,33.3,36.2,129098.0,-94.2747115384126,35.1994487114465,South
AR,Sevier,05133,20.5,40.2,10.2,8.6,9.9,18.8,24.1,15.2,40.6,41.4,15632.0,-94.2415839878892,33.9971085707583,South
AR,Sharp,05135,11.1,46.7,10.6,10.8,12.3,19.3,26.1,16.2,37.7,39.4,17968.0,-91.4796648363714,36.1612525766705,South
AR,St. Francis,05123,15.1,50.1,11.0,9.3,10.9,21.8,21.7,18.9,42.5,48.2,22101.0,-90.7484778577097,35.0221692427635,South
AR,Stone,05137,11.2,47.9,10.5,11.8,13.2,19.7,25.3,17.0,37.9,39.8,12671.0,-92.1570988831634,35.8596284960808,South
AR,Union,05139,11.4,46.4,10.9,8.7,9.6,17.6,23.6,16.0,36.2,39.4,37397.0,-92.5973698311478,33.1712847934414,South
AR,Van Buren,05141,11.3,47.4,10.4,11.1,12.6,19.3,24.8,16.2,37.0,39.6,16142.0,-92.5158922653774,35.5806118772188,South
AR,Washington,05143,12.7,34.6,10.2,5.8,6.5,13.4,24.6,10.1,27.5,35.4,261549.0,-94.2156793425187,35.9788480792297,South
AR,White,05145,10.9,40.4,10.6,7.9,9.3,17.4,26.3,12.6,32.5,39.7,78452.0,-91.7454779964398,35.2560865177608,South
AR,Woodruff,05147,12.6,49.8,11.0,10.7,12.3,20.2,24.4,18.3,40.7,39.2,5964.0,-91.2431471012526,35.1863222444477,South
AR,Yell,05149,15.3,43.5,10.1,8.7,9.9,18.4,25.1,14.7,35.5,42.0,20044.0,-93.4103078380225,35.002782920903,South
AZ,Apache,04001,14.1,36.0,14.3,9.3,11.9,22.4,20.4,17.5,28.7,35.8,65036.0,-109.48881915611,35.3954681672691,West
AZ,Cochise,04003,14.2,39.0,10.4,8.3,8.3,12.8,19.9,13.7,26.0,31.2,124640.0,-109.751384831901,31.8794588523568,West
AZ,Coconino,04005,10.1,27.0,11.7,5.4,6.3,11.5,22.5,9.3,16.0,23.6,144472.0,-111.770577149727,35.8387928971913,West
AZ,Gila,04007,12.1,39.3,11.1,9.8,10.6,15.4,20.7,15.0,27.4,31.4,54003.0,-110.812096582079,33.7999645115514,West
AZ,Graham,04009,16.0,32.2,11.2,6.4,7.4,15.2,20.3,11.4,25.6,36.0,39525.0,-109.887402691851,32.9327553402921,West
AZ,Greenlee,04011,16.1,29.8,10.1,5.3,5.4,11.6,19.2,10.6,23.4,33.1,9369.0,-109.240185682696,33.215200364114,West
AZ,La Paz,04012,16.6,46.3,10.6,13.3,12.5,14.1,17.9,17.5,32.1,33.2,16710.0,-113.98153747073,33.7292571142703,West
AZ,Maricopa,04013,12.9,30.8,10.0,5.7,5.7,10.8,18.6,10.6,20.4,30.4,4585871.0,-112.491401814525,33.3490920459607,West
AZ,Mohave,04015,13.1,42.0,11.0,10.0,11.2,16.1,19.2,14.2,29.7,32.7,223682.0,-113.758099268811,35.7044739765542,West
AZ,Navajo,04017,13.0,40.7,13.6,8.9,10.9,18.8,22.2,15.1,26.4,37.6,109175.0,-110.321421073074,35.3997521187229,West
AZ,Pima,04019,12.7,34.1,10.9,6.7,6.8,10.5,22.8,11.0,22.3,31.1,1063162.0,-111.790179841763,32.0975237350697,West
AZ,Pinal,04021,13.7,36.2,10.8,6.9,7.5,12.3,19.8,12.9,25.5,38.4,484239.0,-111.344793224721,32.9045145361574,West
AZ,Santa Cruz,04023,25.7,35.7,9.4,7.5,6.8,11.6,16.0,15.5,31.4,34.2,49158.0,-110.846572235272,31.525984062461,West
AZ,Yavapai,04025,10.6,38.0,10.8,8.8,9.2,12.0,19.3,12.1,22.5,27.0,249081.0,-112.553640853115,34.5996977529402,West
AZ,Yuma,04027,24.1,35.3,9.7,7.9,7.5,12.7,17.9,14.5,28.5,37.4,213221.0,-113.905997385394,32.7694427722845,West
CA,Alameda,06001,7.1,28.5,8.8,4.8,4.1,9.3,18.6,11.0,20.6,22.8,1622188.0,-121.888566503138,37.6463311425304,West
CA,Alpine,06003,5.7,35.7,10.2,7.5,6.4,11.0,21.7,11.6,19.4,28.4,1141.0,-119.820667930537,38.5974751291386,West
CA,Amador,06005,7.5,37.6,10.0,7.8,7.1,12.2,21.7,11.8,22.7,29.6,41811.0,-120.650760892534,38.4464297028895,West
CA,Butte,06007,8.3,32.2,10.5,6.5,6.8,12.8,25.6,10.7,22.8,29.3,207172.0,-121.60115169224,39.6663795928272,West
CA,Calaveras,06009,7.1,37.8,10.3,8.7,8.4,13.4,23.2,13.2,24.8,29.8,46565.0,-120.554047814815,38.2047708244318,West
CA,Colusa,06011,17.6,32.0,9.8,6.8,6.4,13.4,21.6,13.4,30.3,35.0,22037.0,-122.238126872813,39.1776793679318,West
CA,Contra Costa,06013,7.8,31.2,9.4,5.5,4.7,9.3,19.1,11.3,23.7,28.0,1155025.0,-121.927326815652,37.9192010440958,West
CA,Del Norte,06015,9.7,36.0,10.8,7.7,8.1,15.0,23.5,12.5,25.6,31.0,26589.0,-123.897120966337,41.7431608613822,West
CA,El Dorado,06017,5.7,33.6,9.8,6.8,6.0,10.4,22.3,10.8,19.5,27.7,192215.0,-120.524584137234,38.7786875121222,West
CA,Fresno,06019,14.6,31.7,9.9,6.2,6.0,13.2,21.4,12.7,30.9,37.7,1017162.0,-119.64899454546,36.7581714404224,West
CA,Glenn,06021,13.7,32.7,10.1,7.0,7.1,13.9,22.6,12.6,28.0,32.1,28129.0,-122.392432829407,39.5983868407646,West
CA,Humboldt,06023,7.5,32.9,11.0,7.1,7.6,14.2,26.1,11.4,23.7,31.3,133985.0,-123.875674190259,40.6992051844633,West
CA,Imperial,06025,22.1,33.2,9.2,6.7,5.7,12.9,19.9,15.0,35.2,34.7,179057.0,-115.365089023702,33.0401896009011,West
CA,Inyo,06027,7.9,35.1,10.2,7.6,6.9,12.0,22.2,12.4,22.9,28.2,18527.0,-117.411112581295,36.5114226868129,West
CA,Kern,06029,16.7,32.0,10.3,6.2,6.4,14.6,22.8,13.3,31.9,36.0,913820.0,-118.730029086317,35.3428262386385,West
CA,Kings,06031,17.6,30.4,9.8,5.8,5.9,14.8,21.1,12.1,30.4,34.7,152682.0,-119.815394099578,36.0752380305363,West
CA,Lake,06033,10.1,39.6,10.8,8.9,9.1,15.2,24.0,14.1,27.8,32.7,67878.0,-122.753413599125,39.0999886976907,West
CA,Lassen,06035,12.0,33.7,10.3,7.1,7.6,15.9,22.9,11.5,26.1,34.2,28861.0,-120.594352001291,40.6734626858289,West
CA,Los Angeles,06037,11.7,30.2,9.1,5.3,4.9,11.2,19.0,12.6,26.2,26.5,9663345.0,-118.224550062411,34.321384729882,West
CA,Madera,06039,17.9,33.2,10.4,7.0,7.2,14.8,21.8,13.5,31.7,36.5,162858.0,-119.762622561071,37.2181735184536,West
CA,Marin,06041,5.5,32.6,9.4,6.4,5.3,8.2,20.6,10.2,18.2,21.3,254407.0,-122.72355494043,38.0735138436081,West
CA,Mariposa,06043,7.3,39.0,10.3,9.1,8.4,12.6,22.6,13.5,24.6,30.5,16919.0,-119.905412294091,37.5815463688348,West
CA,Mendocino,06045,10.3,38.5,10.6,8.5,8.5,14.3,23.0,13.7,26.0,29.3,89108.0,-123.391321827245,39.4403114811983,West
CA,Merced,06047,18.2,31.2,9.8,6.1,6.1,14.1,21.5,13.0,33.2,33.8,291920.0,-120.717750083358,37.1917830406782,West
CA,Modoc,06049,8.6,41.3,10.8,10.0,9.9,14.8,23.9,14.9,27.5,31.9,8500.0,-120.725180763953,41.5897153747434,West
CA,Mono,06051,8.2,31.5,9.9,6.3,6.0,11.7,22.8,10.5,21.5,31.2,13066.0,-118.887441843869,37.9391655989695,West
CA,Monterey,06053,15.9,32.0,9.6,6.2,5.7,11.9,19.2,12.5,27.0,31.1,430723.0,-121.238518915104,36.2170334850568,West
CA,Napa,06055,9.7,33.0,9.5,6.5,5.7,10.4,20.8,11.4,23.5,27.9,133216.0,-122.330692396629,38.5067022702407,West
CA,Nevada,06057,5.6,37.5,10.2,7.9,7.2,11.0,23.0,11.5,20.4,27.5,102037.0,-120.767818372764,39.3015981047531,West
CA,Orange,06059,8.9,29.1,9.0,5.5,4.7,9.2,19.0,11.5,24.1,23.9,3135755.0,-117.761130979135,33.702790446535,West
CA,Placer,06061,5.6,32.7,9.9,5.9,5.2,9.4,21.3,9.8,19.1,27.3,423561.0,-120.717993200586,39.0633030825061,West
CA,Plumas,06063,6.4,40.4,10.6,9.3,8.7,13.0,23.4,13.5,24.0,29.9,19131.0,-120.838269553404,40.0042609776687,West
CA,Riverside,06065,12.7,33.3,9.5,6.0,5.4,11.5,21.7,12.4,27.3,36.8,2492442.0,-115.994764890688,33.7437710409515,West
CA,Sacramento,06067,8.7,30.9,10.2,5.7,5.6,11.8,22.5,11.2,21.5,29.6,1584288.0,-121.34451940892,38.4486270273732,West
CA,San Benito,06069,13.9,29.9,9.2,5.3,4.7,10.9,20.2,11.3,25.3,31.5,68175.0,-121.074673078268,36.605429011687,West
CA,San Bernardino,06071,14.3,31.9,9.9,5.6,5.2,12.3,19.6,12.1,26.3,33.3,2195611.0,-116.178441641048,34.8415154042306,West
CA,San Diego,06073,8.7,28.7,8.9,5.2,4.7,10.0,21.1,10.0,20.6,25.3,3269973.0,-116.735136221495,33.0338956563358,West
CA,San Francisco,06075,6.3,27.0,8.4,4.9,3.9,8.8,19.4,10.2,19.2,17.2,808988.0,-122.439681175401,37.7566838021847,West
CA,San Joaquin,06077,12.8,30.4,9.5,5.7,5.5,12.6,19.6,12.3,26.1,30.7,800965.0,-121.271085290011,37.9345365020323,West
CA,San Luis Obispo,06079,7.5,31.8,9.9,6.4,5.8,10.2,22.8,10.0,20.1,26.1,281639.0,-120.404478346917,35.387112949635,West
CA,San Mateo,06081,6.6,29.2,8.5,5.2,4.0,8.0,18.1,10.6,20.2,22.3,726353.0,-122.328756671313,37.4231955433243,West
CA,Santa Barbara,06083,11.7,30.4,9.7,6.0,5.6,10.7,21.7,10.8,24.1,26.1,441257.0,-120.015341806806,34.6714050399297,West
CA,Santa Clara,06085,6.8,27.0,7.9,4.5,3.5,8.1,17.8,10.5,22.2,21.9,1877592.0,-121.695251446392,37.2316875247769,West
CA,Santa Cruz,06087,8.7,30.5,9.8,5.9,5.4,10.0,22.8,10.2,20.7,25.8,261547.0,-122.001404413399,37.0558255524564,West
CA,Shasta,06089,7.1,35.9,10.8,7.3,7.6,13.8,24.3,11.7,22.2,29.3,180366.0,-122.040246599392,40.763787981335,West
CA,Sierra,06091,7.5,42.8,10.6,10.3,10.2,15.1,23.2,15.3,27.3,32.5,3200.0,-120.516466065629,39.5802928882158,West
CA,Siskiyou,06093,7.6,39.4,11.0,9.2,9.1,14.4,24.0,13.9,25.8,31.8,42905.0,-122.5405492735,41.5927246019871,West
CA,Solano,06095,9.1,33.3,10.1,5.8,5.3,11.3,19.4,12.1,25.1,31.3,449218.0,-121.932781028652,38.2699375647315,West
CA,Sonoma,06097,8.4,31.6,9.8,6.4,5.8,10.6,22.9,10.7,21.2,26.1,481812.0,-122.887568125266,38.5287343227086,West
CA,Stanislaus,06099,14.0,31.8,10.0,6.1,6.1,13.4,20.9,11.9,30.3,36.4,551430.0,-120.997769063577,37.5591258572026,West
CA,Sutter,06101,11.9,33.3,10.0,6.8,6.8,13.9,21.5,12.8,27.7,29.5,97948.0,-121.694661656309,39.0344595609474,West
CA,Tehama,06103,10.8,35.9,10.7,8.1,8.4,15.1,24.1,13.0,27.4,31.6,64896.0,-122.233446855354,40.1257133258826,West
CA,Trinity,06105,7.0,43.7,11.0,11.0,11.3,16.9,24.8,15.9,28.4,33.3,15670.0,-123.11262600912,40.6509037984655,West
CA,Tulare,06107,18.2,31.2,10.0,6.2,6.1,14.0,22.3,13.1,32.6,35.0,479468.0,-118.800931923116,36.2202887082927,West
CA,Tuolumne,06109,7.0,36.8,10.3,8.0,7.6,12.3,23.6,12.1,23.0,29.0,54204.0,-119.955704805251,38.0275813878029,West
CA,Ventura,06111,10.3,30.7,9.5,5.8,5.2,10.4,20.6,11.4,23.6,25.7,829590.0,-119.084850170138,34.4542154266373,West
CA,Yolo,06113,8.9,26.0,9.8,4.9,4.7,9.8,23.6,9.3,22.4,25.7,220544.0,-121.901158583093,38.6865918071174,West
CA,Yuba,06115,11.0,30.9,10.4,6.0,6.5,14.5,23.7,11.3,26.0,30.8,85722.0,-121.35117318039,39.2689845062383,West
CO,Adams,08001,17.2,27.3,11.0,4.7,5.1,13.4,20.7,9.7,22.8,33.2,533365.0,-104.338130186949,39.8735915076236,West
CO,Alamosa,08003,18.0,29.0,11.0,6.2,6.4,12.7,22.6,11.3,23.9,30.3,16655.0,-105.78848300659,37.5728638541496,West
CO,Arapahoe,08005,11.5,27.8,10.5,4.9,4.9,10.5,21.7,8.5,18.0,26.1,656061.0,-104.339237064517,39.6496572797677,West
CO,Archuleta,08007,9.6,35.4,10.9,7.9,7.7,12.0,21.2,11.7,19.7,27.6,14189.0,-107.048213625503,37.1936639220311,West
CO,Baca,08009,12.8,37.8,11.9,9.6,10.7,16.9,24.2,13.4,26.0,29.9,3344.0,-102.560198091618,37.3193048719218,West
CO,Bent,08011,22.1,36.9,10.8,9.2,10.1,20.0,22.0,14.7,29.9,33.7,5681.0,-103.072197677268,37.9549082494337,West
CO,Boulder,08013,7.8,21.9,10.3,4.8,4.7,8.8,23.3,7.1,12.1,16.7,326831.0,-105.357934107429,40.0924397577047,West
CO,Broomfield,08014,7.8,24.5,10.3,4.4,4.2,8.7,21.4,7.1,13.5,22.3,76860.0,-105.052398567169,39.9553900779039,West
CO,Chaffee,08015,9.3,32.3,10.8,7.1,7.1,12.1,21.6,10.2,18.0,25.7,20617.0,-106.19433436673,38.7474050800517,West
CO,Cheyenne,08017,11.1,33.8,11.3,7.6,8.0,13.9,22.8,11.3,21.2,28.8,1727.0,-102.603247709498,38.8281509160219,West
CO,Clear Creek,08019,7.3,30.3,10.6,6.1,5.7,10.1,21.3,9.0,15.2,23.9,9147.0,-105.644012714121,39.6891749844255,West
CO,Conejos,08021,18.8,32.9,10.4,7.5,6.9,13.0,20.5,13.8,26.0,30.3,7521.0,-106.191375072993,37.2006625600038,West
CO,Costilla,08023,19.6,38.1,10.4,9.4,8.4,13.5,19.5,17.0,28.7,31.6,3628.0,-105.428087516472,37.278192662225,West
CO,Crowley,08025,21.1,31.0,10.1,6.4,7.1,18.0,20.5,11.0,25.2,31.7,5636.0,-103.783859331121,38.3263545617782,West
CO,Custer,08027,7.6,38.2,11.2,8.8,8.6,12.2,22.0,12.4,19.6,26.6,5534.0,-105.367401067627,38.1086576046289,West
CO,Delta,08029,11.9,37.5,11.4,8.8,9.2,14.5,23.6,12.4,22.9,26.7,31746.0,-107.862948303439,38.8614572647921,West
CO,Denver,08031,12.5,21.7,10.3,4.1,4.2,10.3,22.7,7.1,17.0,21.6,716577.0,-104.876829827118,39.7613507378355,West
CO,Dolores,08033,10.2,35.1,11.2,7.9,8.3,14.9,22.7,11.5,21.1,27.3,2513.0,-108.517382189661,37.7520546286538,West
CO,Douglas,08035,6.3,25.8,10.5,4.3,4.0,7.8,21.1,6.8,13.7,25.3,383906.0,-104.929359437339,39.3296457475955,West
CO,Eagle,08037,11.3,25.2,10.3,5.1,5.0,10.3,20.4,8.5,16.3,24.3,54381.0,-106.695496417597,39.6280227187944,West
CO,El Paso,08041,9.5,28.1,11.6,4.9,5.2,10.7,25.4,8.7,18.8,28.3,744215.0,-104.525624950703,38.8322231454807,West
CO,Elbert,08039,7.9,29.9,11.1,5.9,5.9,11.2,21.7,8.9,16.2,24.8,28806.0,-104.135022756085,39.2860481189017,West
CO,Fremont,08043,13.4,32.6,11.0,7.6,8.2,15.5,23.2,11.4,22.9,30.6,50318.0,-105.439539306961,38.4730462936741,West
CO,Garfield,08045,13.8,27.2,10.7,5.5,5.8,12.2,21.1,8.9,18.6,24.0,62707.0,-107.902832233474,39.5991303693962,West
CO,Gilpin,08047,7.3,31.1,11.0,6.2,6.1,11.4,21.9,9.6,16.2,25.5,5926.0,-105.522991573347,39.8573476817029,West
CO,Grand,08049,8.6,29.8,10.8,6.2,6.2,11.8,22.6,9.1,16.6,24.3,15935.0,-106.118442353658,40.1030816737949,West
CO,Gunnison,08051,7.4,24.2,10.8,4.6,4.6,9.6,23.3,7.1,14.2,23.8,17321.0,-107.03172655628,38.6668662172011,West
CO,Hinsdale,08053,6.0,34.1,10.4,7.5,6.0,8.4,20.2,10.0,15.0,23.5,765.0,-107.300359047708,37.82133017176,West
CO,Huerfano,08055,13.4,37.6,10.8,9.1,8.6,12.9,20.6,13.9,23.7,27.5,7055.0,-104.960396570107,37.6847024312254,West
CO,Jackson,08057,13.0,38.8,11.5,9.6,10.6,16.9,23.0,13.9,25.2,30.0,1309.0,-106.3432000444,40.6666752317322,West
CO,Jefferson,08059,8.4,27.7,11.2,5.1,5.0,9.9,23.1,8.3,13.3,23.1,576366.0,-105.250333390212,39.5866816614094,West
CO,Kiowa,08061,10.1,36.1,11.4,8.7,8.9,13.8,23.2,11.8,21.7,27.1,1384.0,-102.739222013974,38.4325941497591,West
CO,Kit Carson,08063,13.2,33.3,11.5,7.7,8.3,14.5,23.3,11.4,22.9,29.4,6994.0,-102.602737387319,39.3053193462633,West
CO,La Plata,08067,8.6,28.6,11.1,6.2,6.2,11.7,21.9,9.3,16.1,20.9,56407.0,-107.843443917633,37.2866354863835,West
CO,Lake,08065,11.9,26.4,10.2,4.9,4.7,10.2,21.6,8.4,17.0,23.9,7365.0,-106.344971513974,39.2024367117474,West
CO,Larimer,08069,8.6,25.6,11.2,5.1,5.2,9.6,24.8,7.3,13.9,23.5,370771.0,-105.461215856163,40.6664443621861,West
CO,Las Animas,08071,16.8,35.5,10.8,8.5,8.2,13.7,21.7,13.7,26.0,32.5,14348.0,-104.038483644845,37.3157419323051,West
CO,Lincoln,08073,14.5,32.6,10.9,7.3,7.9,15.5,21.6,10.8,23.4,29.8,5480.0,-103.51381580232,38.9871392845813,West
CO,Logan,08075,14.7,33.6,11.4,7.5,8.4,16.0,23.6,11.2,23.5,29.7,20619.0,-103.109509593953,40.7247385423721,West
CO,Mesa,08077,11.0,31.1,11.4,6.7,7.0,12.7,23.4,9.8,20.0,29.8,159681.0,-108.466537411781,39.0183551841305,West
CO,Mineral,08079,6.9,34.3,10.7,7.3,6.9,10.5,21.5,10.5,16.6,25.7,944.0,-106.924191432374,37.6695585907141,West
CO,Moffat,08081,12.8,32.3,11.4,7.0,7.9,15.6,24.1,10.8,22.1,28.5,13327.0,-108.207493719642,40.6184441818552,West
CO,Montezuma,08083,10.8,33.9,11.8,7.8,8.3,14.7,23.6,11.8,22.0,28.4,26531.0,-108.5965947187,37.3388455453748,West
CO,Montrose,08085,12.6,34.1,11.1,8.0,8.0,13.4,22.4,11.5,21.6,27.5,44156.0,-108.268870810242,38.4024069870887,West
CO,Morgan,08087,17.9,31.6,11.1,6.6,6.9,13.8,21.7,10.9,23.3,32.1,29524.0,-103.810070739977,40.2628578824712,West
CO,Otero,08089,18.8,35.6,11.3,8.5,9.0,15.3,22.5,14.5,27.6,34.6,18136.0,-103.717022312193,37.9021617548008,West
CO,Ouray,08091,6.2,34.0,10.6,7.0,6.2,9.1,21.1,10.0,15.3,23.3,5176.0,-107.769144102426,38.1549222125572,West
CO,Park,08093,7.3,32.7,10.9,6.7,6.5,11.3,21.1,10.2,16.0,23.5,18117.0,-105.717323283776,39.1194787496367,West
CO,Phillips,08095,14.6,34.1,11.2,8.0,8.3,14.3,22.7,11.9,24.0,28.9,4476.0,-102.357399923211,40.5940489294247,West
CO,Pitkin,08097,6.9,28.8,10.2,5.8,4.9,8.3,20.4,8.4,13.7,20.7,16640.0,-106.915848520369,39.2174583094125,West
CO,Prowers,08099,18.3,32.5,11.1,7.6,8.1,15.0,22.4,12.6,26.3,29.2,11751.0,-102.393320913656,37.9551931037437,West
CO,Pueblo,08101,16.3,32.2,11.1,6.9,7.2,13.9,22.6,12.3,26.8,32.1,169422.0,-104.512455462804,38.1734469855067,West
CO,Rio Blanco,08103,9.9,31.1,11.2,6.5,6.8,13.1,23.6,9.6,18.9,26.7,6569.0,-108.217357090795,39.979223167364,West
CO,Rio Grande,08105,15.9,33.4,10.6,7.4,7.1,12.5,21.0,12.2,23.2,27.7,11188.0,-106.383128191215,37.5823404971602,West
CO,Routt,08107,7.5,27.9,10.6,5.5,5.4,10.2,21.8,8.3,15.3,23.7,25064.0,-106.991358943749,40.4849640267694,West
CO,Saguache,08109,15.8,38.3,11.1,9.3,9.3,14.6,21.0,15.1,25.9,29.1,6688.0,-106.281125358106,38.080485475829,West
CO,San Juan,08111,8.3,32.4,10.4,6.9,6.2,11.2,21.5,10.2,17.4,26.4,802.0,-107.675884537497,37.7637873249573,West
CO,San Miguel,08113,7.3,28.7,10.5,5.7,5.3,9.8,21.9,8.7,14.9,26.3,7868.0,-108.405860202785,38.0040513912484,West
CO,Sedgwick,08115,12.0,37.8,11.1,9.3,9.1,13.6,21.9,13.0,23.1,28.0,2299.0,-102.351880623144,40.875947900556,West
CO,Summit,08117,9.1,26.3,10.4,5.0,5.0,10.5,22.1,7.9,15.3,24.4,30465.0,-106.116409160612,39.63441475541,West
CO,Teller,08119,7.6,33.4,11.0,6.9,6.8,11.3,22.0,10.2,17.0,24.1,24617.0,-105.161681803813,38.8823103008979,West
CO,Washington,08121,10.8,32.6,11.1,7.4,7.6,13.4,22.6,10.5,20.2,26.4,4855.0,-103.2015166348,39.9709815449593,West
CO,Weld,08123,13.7,27.8,10.7,5.1,5.5,12.7,22.1,9.5,20.6,33.8,359442.0,-104.392236685569,40.5549894640911,West
CO,Yuma,08125,15.7,31.4,11.1,7.2,7.8,13.9,22.3,10.9,22.7,28.4,9862.0,-102.424564854412,40.0028209513012,West
CT,Capitol,09110,9.8,32.5,11.9,5.7,5.6,11.1,21.8,11.0,25.1,31.9,975328.0,-72.5720699045246,41.8184543884154,Northeast
CT,Greater Bridgeport,09120,14.1,30.6,10.5,5.5,5.4,10.7,17.8,10.3,27.6,28.1,327651.0,-73.2314633461602,41.2433129003445,Northeast
CT,Lower Connecticut River Valley,09130,6.4,33.5,10.7,6.1,5.6,9.8,22.4,9.4,21.0,29.0,176215.0,-72.5066303826498,41.4498201770309,Northeast
CT,Naugatuck Valley,09140,10.3,33.3,11.1,6.3,6.2,11.8,21.1,10.6,26.7,32.5,456128.0,-73.0862770215679,41.5231047501915,Northeast
CT,Northeastern Connecticut,09150,7.6,35.1,11.4,6.4,6.8,13.2,23.9,10.3,26.3,33.3,96692.0,-71.977031834417,41.8270602334583,Northeast
CT,Northwest Hills,09160,7.1,32.4,11.0,6.6,6.5,10.9,21.6,10.0,23.4,28.2,113463.0,-73.2211305040558,41.8467716056501,Northeast
CT,South Central Connecticut,09170,10.1,32.8,10.9,5.9,5.6,10.8,20.4,10.4,26.5,33.4,568158.0,-72.8438185185228,41.3613093948936,Northeast
CT,Southeastern Connecticut,09180,9.6,34.4,11.7,6.1,6.3,10.8,23.1,10.0,26.3,32.5,279634.0,-72.1004124325639,41.50316428787,Northeast
CT,Western Connecticut,09190,9.9,28.2,9.8,5.0,4.6,8.5,17.7,8.5,22.1,24.7,623907.0,-73.4471607445243,41.3202363326839,Northeast
DC,District of Columbia,11001,6.5,28.5,10.2,3.8,4.0,9.4,21.6,7.8,14.9,24.7,678972.0,-77.0162965438829,38.9047814917885,South
DE,Kent,10001,9.5,39.5,12.5,6.6,7.6,13.5,22.5,14.3,31.6,43.5,189789.0,-75.5682629704417,39.0863622587062,South
DE,New Castle,10003,8.6,35.2,10.4,5.9,6.0,11.6,21.0,12.2,25.5,33.4,578592.0,-75.647957543666,39.5816046675309,South
DE,Sussex,10005,9.4,43.4,10.5,9.1,9.1,14.0,20.4,14.2,27.9,33.8,263509.0,-75.3899993656017,38.6607348167294,South
FL,Alachua,12001,11.7,30.7,10.1,5.6,6.0,11.2,20.1,10.5,21.0,30.9,285994.0,-82.3582005204153,29.6751856950068,South
FL,Baker,12003,13.4,36.7,10.3,6.9,8.3,16.6,19.6,12.3,27.7,35.3,28368.0,-82.2845340594762,30.3311771777587,South
FL,Bay,12005,12.5,37.7,10.0,7.3,7.9,14.6,20.8,11.9,25.3,33.4,190769.0,-85.6200626409611,30.2651404769141,South
FL,Bradford,12007,15.8,38.5,10.5,8.6,10.5,19.3,20.3,14.4,32.0,34.9,27858.0,-82.1687798507679,29.9496087311112,South
FL,Brevard,12009,11.6,38.8,9.6,7.9,7.8,12.5,18.6,13.1,23.8,34.0,643979.0,-80.7322290402972,28.2934562139849,South
FL,Broward,12011,16.7,36.3,9.2,6.7,6.3,11.8,15.6,13.5,26.4,30.6,1962531.0,-80.4871790026649,26.1523199539158,South
FL,Calhoun,12013,16.8,40.3,10.6,9.2,11.1,20.2,19.9,15.2,32.7,40.0,13470.0,-85.1966088008131,30.4060465608031,South
FL,Charlotte,12015,11.4,45.1,9.5,10.7,9.7,12.8,16.2,15.6,25.3,30.6,206134.0,-81.9116138222572,26.9058355549784,South
FL,Citrus,12017,12.4,42.6,9.7,11.1,11.1,15.2,18.4,15.8,28.8,32.3,166696.0,-82.4772202477587,28.8485262076997,South
FL,Clay,12019,11.7,36.9,9.9,6.6,7.0,13.5,18.9,12.2,25.4,34.9,232439.0,-81.8578586154471,29.982933504009,South
FL,Collier,12021,15.2,39.2,8.6,9.4,8.0,10.3,15.1,13.7,24.6,26.6,404310.0,-81.3476396087672,26.1107666888152,South
FL,Columbia,12023,15.5,41.5,10.3,8.9,10.1,18.2,20.1,15.1,31.5,39.7,73063.0,-82.6216338263004,30.2248618580445,South
FL,DeSoto,12027,26.1,42.4,10.0,10.7,12.1,19.6,18.6,17.6,38.6,41.0,35979.0,-81.8094702612548,27.1863305947548,South
FL,Dixie,12029,16.2,43.3,10.3,10.6,12.2,20.0,20.0,16.1,32.4,34.7,17465.0,-83.1587103063714,29.6080635127126,South
FL,Duval,12031,13.6,35.4,10.3,6.3,7.0,13.9,19.6,12.8,27.1,34.3,1030822.0,-81.6707360309589,30.3318813634013,South
FL,Escambia,12033,12.4,38.8,10.6,7.2,7.8,14.2,20.5,12.8,26.1,35.8,326928.0,-87.3627693924499,30.6679205302184,South
FL,Flagler,12035,11.4,39.2,9.7,9.0,8.6,12.2,18.3,13.7,24.5,30.6,131439.0,-81.3134845980192,29.4615154544014,South
FL,Franklin,12037,13.9,44.0,9.9,9.8,10.8,16.6,18.3,15.3,29.4,32.3,12594.0,-84.8178572043759,29.8620925999962,South
FL,Gadsden,12039,18.0,44.6,11.1,9.3,11.0,18.6,16.6,19.2,31.4,44.6,43833.0,-84.6137975584322,30.5796484153785,South
FL,Gilchrist,12041,14.0,36.3,10.2,8.3,9.7,17.0,20.6,12.8,27.4,34.5,19587.0,-82.8005068163017,29.7256259792594,South
FL,Glades,12043,23.7,44.0,9.8,10.9,11.7,19.7,17.6,17.7,36.1,37.1,12786.0,-81.1891415991292,26.9564177202841,South
FL,Gulf,12045,13.0,40.5,9.8,8.3,9.1,15.5,19.5,14.1,27.4,35.3,15693.0,-85.2306588125917,29.9507458827787,South
FL,Hamilton,12047,19.4,44.3,10.9,9.9,12.1,20.6,19.1,17.6,32.9,41.5,13471.0,-82.9479422377151,30.4963440419861,South
FL,Hardee,12049,26.1,36.9,9.7,8.6,9.5,17.6,18.0,15.6,33.9,39.9,25760.0,-81.8099656797384,27.4926635095536,South
FL,Hendry,12051,31.5,37.2,9.4,8.0,8.5,17.4,16.6,16.8,38.1,37.6,43333.0,-81.1656946599271,26.5534136526158,South
FL,Hernando,12053,14.7,38.5,9.8,8.9,9.1,14.3,19.7,14.9,27.7,36.1,212807.0,-82.4254406235528,28.5539797457162,South
FL,Highlands,12055,17.9,46.1,9.5,11.7,11.0,14.3,16.9,18.3,33.3,36.7,107614.0,-81.3412000386981,27.3435764189607,South
FL,Hillsborough,12057,16.1,34.4,9.4,6.0,6.0,12.1,16.6,12.5,23.9,31.6,1535564.0,-82.3085859249529,27.9292994635599,South
FL,Holmes,12059,15.1,41.0,10.4,9.0,10.9,19.2,20.8,14.5,29.5,36.3,19944.0,-85.8140150573272,30.8679836113021,South
FL,Indian River,12061,12.2,40.0,9.1,9.7,8.8,11.5,16.6,14.3,25.0,26.6,169795.0,-80.6056426514632,27.6940949646955,South
FL,Jackson,12063,16.5,41.9,10.3,9.1,10.3,19.0,19.3,15.6,31.7,38.7,48622.0,-85.2152870715759,30.7953060542353,South
FL,Jefferson,12065,14.1,46.3,10.3,9.3,10.3,17.1,17.5,16.3,28.3,35.1,15450.0,-83.895075021285,30.437785613323,South
FL,Lafayette,12067,18.1,39.4,10.2,8.8,10.6,19.3,19.3,14.6,31.6,34.7,8078.0,-83.1809583435739,29.9855286865018,South
FL,Lake,12069,14.3,38.9,9.5,8.5,8.0,12.3,17.1,14.5,26.1,35.3,424462.0,-81.7115098698765,28.7613760456976,South
FL,Lee,12071,15.7,39.6,9.2,8.9,8.2,11.9,16.9,14.5,26.6,30.4,834573.0,-81.8411895295692,26.5781570199388,South
FL,Leon,12073,11.2,32.6,10.5,5.5,5.9,11.3,18.2,10.6,22.6,33.1,296913.0,-84.2782658595301,30.4579959957893,South
FL,Levy,12075,15.5,42.6,10.3,9.9,11.0,17.8,19.0,16.1,30.4,33.8,46545.0,-82.7424033737084,29.3191355718998,South
FL,Liberty,12077,18.0,39.5,10.1,8.4,10.0,19.3,19.0,14.3,31.8,44.5,7706.0,-84.8831820625943,30.2412248335451,South
FL,Madison,12079,16.6,43.9,10.9,9.4,11.1,18.8,18.6,16.8,32.5,38.0,18519.0,-83.4697895536584,30.4442617012306,South
FL,Manatee,12081,13.4,39.5,9.1,8.8,8.3,12.4,17.4,14.0,25.4,32.1,441095.0,-82.3157420786182,27.471886228068,South
FL,Marion,12083,15.6,40.9,9.8,9.7,9.8,14.8,19.0,14.9,26.6,36.4,409959.0,-82.0568004029667,29.210259767236,South
FL,Martin,12085,12.2,37.0,9.2,9.4,8.5,11.4,17.1,13.6,23.5,27.0,163315.0,-80.4312703143614,27.0775829017837,South
FL,Miami-Dade,12086,25.6,33.8,8.5,6.8,5.3,11.3,13.5,15.4,32.5,29.5,2686867.0,-80.5593051010929,25.6148756117785,South
FL,Monroe,12087,13.5,38.0,8.9,7.9,7.2,12.0,16.1,13.2,23.8,25.8,80614.0,-81.1205705411756,25.2728942193616,South
FL,Nassau,12089,9.9,36.9,9.6,7.4,7.6,12.4,18.3,11.6,20.2,33.7,101501.0,-81.8018979742329,30.6105051917262,South
FL,Okaloosa,12091,11.7,32.7,9.6,6.1,6.6,12.8,19.1,10.8,22.8,30.7,218464.0,-86.5919018682845,30.6909149618642,South
FL,Okeechobee,12093,21.0,41.4,9.9,9.4,10.5,18.2,19.4,15.6,32.0,43.9,41427.0,-80.8886822709507,27.3865228653033,South
FL,Orange,12095,16.1,32.0,9.1,5.6,5.5,11.9,16.6,11.7,24.5,33.5,1471416.0,-81.3236333626814,28.514472459873,South
FL,Osceola,12097,21.8,34.8,9.0,5.9,5.5,11.8,17.2,13.4,28.2,39.8,437784.0,-81.1492983205034,28.0624845887589,South
FL,Palm Beach,12099,14.6,36.3,9.2,7.9,7.1,11.2,15.3,13.7,25.6,26.6,1533801.0,-80.4654629961577,26.6476274123515,South
FL,Pasco,12101,14.5,38.2,9.7,7.7,7.8,13.5,19.1,12.8,26.5,31.8,632996.0,-82.3944848610698,28.3087668412932,South
FL,Pinellas,12103,11.5,37.3,9.5,8.2,8.1,12.2,19.3,13.1,23.9,31.5,961596.0,-82.7301572394225,27.9264311887689,South
FL,Polk,12105,19.2,36.2,10.0,7.7,8.0,14.4,19.2,13.6,28.8,40.2,818330.0,-81.6975411156457,27.9488148549188,South
FL,Putnam,12107,18.0,43.4,10.8,10.8,13.0,21.0,19.6,17.5,33.7,33.1,75955.0,-81.7441497161206,29.6086037445797,South
FL,Santa Rosa,12113,10.8,35.3,9.6,6.4,6.8,13.4,19.3,10.9,20.5,32.1,203162.0,-87.0219379816929,30.7003170541744,South
FL,Sarasota,12115,10.3,41.4,9.1,9.4,8.4,10.5,17.9,13.0,23.4,29.2,469013.0,-82.3315474199739,27.1844486961668,South
FL,Seminole,12117,13.0,32.2,9.1,5.9,5.6,10.8,16.4,11.0,21.2,29.5,484271.0,-81.235632248437,28.7167421000311,South
FL,St. Johns,12109,8.9,34.6,9.3,6.5,6.0,10.1,17.4,10.6,18.5,29.2,320110.0,-81.4404722322229,29.9015394601225,South
FL,St. Lucie,12111,16.0,39.9,9.9,8.4,8.3,13.5,17.0,14.5,27.0,31.5,373586.0,-80.4710598919163,27.3776983118629,South
FL,Sumter,12119,10.4,48.0,8.8,12.1,10.1,9.9,14.1,16.0,25.1,29.5,151565.0,-82.0804161289261,28.7043606050113,South
FL,Suwannee,12121,16.2,40.9,10.2,9.3,10.5,17.9,19.3,15.0,32.3,38.3,46130.0,-82.9914794385167,30.1954182571874,South
FL,Taylor,12123,15.8,44.3,10.5,9.7,11.5,19.2,19.3,15.9,32.4,40.8,21582.0,-83.6031369466276,30.0471436713506,South
FL,Union,12125,17.3,41.0,10.3,8.5,10.0,20.1,20.2,14.5,30.7,41.6,15532.0,-82.3713281378981,30.0440284848394,South
FL,Volusia,12127,13.9,39.1,10.0,8.3,8.4,13.7,19.1,13.5,25.5,32.7,590357.0,-81.1822347789539,29.0587848982361,South
FL,Wakulla,12129,12.8,37.4,10.0,6.9,7.8,15.3,18.0,12.6,27.2,38.9,36449.0,-84.4003829341659,30.167069730405,South
FL,Walton,12131,11.4,36.3,9.5,7.4,7.7,13.8,18.7,12.3,22.0,30.1,86354.0,-86.1700115892453,30.6435330644625,South
FL,Washington,12133,15.7,42.3,10.5,8.9,10.7,19.5,20.4,15.1,32.3,40.1,25602.0,-85.6657307170342,30.6106026849538,South
GA,Appling,13001,17.9,43.5,10.8,9.1,11.0,20.3,22.0,17.4,35.1,40.6,18457.0,-82.2886914217215,31.7493335724705,South
GA,Atkinson,13003,25.2,42.5,10.8,8.7,11.0,22.0,22.0,18.0,39.9,44.0,8293.0,-82.8795983686044,31.2973133737422,South
GA,Bacon,13005,15.7,40.4,10.7,7.9,9.5,18.8,22.1,14.9,32.7,36.9,11124.0,-82.4524072121804,31.5537937122315,South
GA,Baker,13007,16.4,51.6,11.1,11.3,12.4,20.0,19.3,22.9,38.8,43.3,2743.0,-84.4436447326603,31.3268164349258,South
GA,Baldwin,13009,13.6,40.1,10.8,7.2,8.1,15.8,20.4,15.3,29.8,38.7,43396.0,-83.249810116719,33.0696572776403,South
GA,Banks,13011,14.2,39.0,10.1,7.6,8.8,17.3,22.8,13.8,29.2,34.5,19789.0,-83.4973124857513,34.3543159067035,South
GA,Barrow,13013,14.7,35.6,9.9,5.7,6.5,15.0,19.7,12.2,28.0,35.3,92792.0,-83.7128801451183,33.9928758721442,South
GA,Bartow,13015,13.3,36.8,10.1,6.2,7.1,15.2,21.2,12.0,26.2,38.7,115041.0,-84.8400427897229,34.2373237847409,South
GA,Ben Hill,13017,17.2,46.6,11.4,9.0,11.1,21.3,20.9,19.1,37.8,41.5,17128.0,-83.2201013731344,31.7598658473222,South
GA,Berrien,13019,15.9,41.7,10.7,8.8,10.7,20.7,22.9,16.0,34.0,38.1,18570.0,-83.2290045854325,31.2755410345454,South
GA,Bibb,13021,14.5,44.6,11.2,7.3,8.4,16.8,19.5,16.9,32.2,44.7,156512.0,-83.6968461851432,32.8062871397584,South
GA,Bleckley,13023,13.2,40.2,10.8,7.7,8.8,16.6,21.8,14.7,29.8,37.7,12465.0,-83.3276896179131,32.4345831509728,South
GA,Brantley,13025,14.4,40.3,10.6,8.4,10.3,19.6,24.0,14.4,32.6,39.0,18401.0,-81.9816946940662,31.1969130783185,South
GA,Brooks,13027,16.4,47.9,11.1,10.0,11.6,19.8,20.2,20.0,36.7,40.2,16245.0,-83.5801358740807,30.8426528591046,South
GA,Bryan,13029,10.6,32.8,9.6,4.7,5.0,12.3,20.5,10.0,21.2,33.5,49739.0,-81.4437379812069,32.0137075119901,South
GA,Bulloch,13031,12.5,35.1,10.6,5.6,6.6,14.1,21.4,11.5,25.7,38.9,84327.0,-81.7427854953707,32.3970074753386,South
GA,Burke,13033,15.0,45.7,11.4,8.3,9.8,19.0,20.4,18.3,34.7,40.1,24438.0,-82.00069347969,33.0613394728213,South
GA,Butts,13035,14.5,39.6,10.4,6.8,8.0,17.4,20.4,13.8,31.0,38.2,26887.0,-83.9566698417537,33.2871632593122,South
GA,Calhoun,13037,18.6,46.9,10.6,8.1,9.3,20.8,17.3,18.5,37.0,43.6,5457.0,-84.6226064650118,31.5290236179393,South
GA,Camden,13039,12.9,35.7,10.1,6.2,6.9,14.8,20.9,12.3,27.1,37.2,58118.0,-81.6704234596136,30.9304833205109,South
GA,Candler,13043,17.2,42.7,10.8,8.4,9.8,18.6,21.2,16.5,33.4,42.2,11059.0,-82.0734630871974,32.4033782137034,South
GA,Carroll,13045,13.9,36.7,10.4,6.3,7.3,16.1,21.3,12.8,28.1,34.2,127098.0,-85.0798243523077,33.582899616985,South
GA,Catoosa,13047,11.1,36.3,9.9,6.9,7.5,14.7,21.3,12.5,25.3,34.1,68910.0,-85.1386810142994,34.9040327945415,South
GA,Charlton,13049,21.2,41.2,10.0,7.8,9.1,20.1,20.1,16.1,34.3,41.5,12934.0,-82.1375085665109,30.781754397392,South
GA,Chatham,13051,12.4,38.8,10.2,6.1,6.4,13.3,18.9,13.1,25.2,33.0,303655.0,-81.1324941916333,32.0044135152861,South
GA,Chattahoochee,13053,17.2,25.7,9.2,3.4,4.3,13.5,21.0,7.5,24.7,35.8,8661.0,-84.7871165740001,32.3468609717409,South
GA,Chattooga,13055,17.2,42.0,10.7,8.9,11.3,21.3,23.1,16.0,35.1,35.2,25222.0,-85.345236938921,34.4750251859624,South
GA,Cherokee,13057,10.7,34.1,9.5,5.7,5.6,11.7,20.2,11.0,23.7,33.5,286602.0,-84.4762808876955,34.2438335835566,South
GA,Clarke,13059,12.7,31.1,10.6,5.1,5.8,12.3,22.2,10.9,25.0,30.2,129933.0,-83.3666684734856,33.9516744526006,South
GA,Clay,13061,14.5,52.1,11.2,10.5,11.0,17.2,18.3,21.5,37.3,41.2,2853.0,-84.9792463725169,31.6261945164247,South
GA,Clayton,13063,16.8,41.4,11.4,5.7,6.5,16.0,17.0,16.2,32.5,45.2,298300.0,-84.3578579480575,33.5414016249358,South
GA,Clinch,13065,16.7,43.8,11.1,8.8,11.0,21.2,21.8,17.3,35.6,41.9,6746.0,-82.7062098247415,30.9148775167837,South
GA,Cobb,13067,10.7,32.1,9.4,4.9,4.8,10.4,18.2,10.9,21.6,29.9,776743.0,-84.5766180640985,33.9414862314987,South
GA,Coffee,13069,19.0,41.5,10.9,7.8,9.8,20.7,21.7,16.1,35.0,39.3,43317.0,-82.8493988376197,31.5492785823229,South
GA,Colquitt,13071,19.9,43.0,10.7,8.1,9.6,19.2,21.7,16.7,35.0,35.7,46167.0,-83.7688122592835,31.1884393973825,South
GA,Columbia,13073,10.1,36.7,9.6,5.4,5.5,11.9,19.4,11.9,24.3,33.1,165162.0,-82.2642138010573,33.5442564470998,South
GA,Cook,13075,16.2,42.6,11.0,8.3,10.1,19.7,22.2,16.5,32.6,37.6,17714.0,-83.4302684061787,31.1543623061058,South
GA,Coweta,13077,10.8,35.7,9.9,5.7,5.9,12.3,19.3,12.4,24.9,35.7,155892.0,-84.7638668651097,33.3536597760037,South
GA,Crawford,13079,13.3,42.5,10.4,7.9,9.0,17.1,20.6,15.5,30.4,37.3,12277.0,-83.9862649166093,32.7141953769698,South
GA,Crisp,13081,15.8,47.5,11.6,9.4,11.0,19.9,20.5,19.4,36.9,44.6,19631.0,-83.7673947681673,31.9229853637213,South
GA,Dade,13083,11.5,37.9,10.1,7.4,8.2,15.2,22.6,12.6,26.4,35.1,16165.0,-85.504188975033,34.8546132098114,South
GA,Dawson,13085,10.9,35.8,9.5,6.6,6.8,12.6,21.0,11.6,23.5,31.6,31732.0,-84.171002262823,34.444384268494,South
GA,DeKalb,13089,11.9,37.4,10.4,5.1,5.2,11.5,16.9,13.0,22.5,31.8,762992.0,-84.2263845160089,33.7713752418002,South
GA,Decatur,13087,16.4,44.8,11.1,8.3,9.7,18.9,20.3,17.8,34.6,42.2,29087.0,-84.5790568138442,30.8782445454159,South
GA,Dodge,13091,14.9,44.7,10.6,8.6,9.8,18.7,20.6,16.7,33.8,40.4,19776.0,-83.1684910656793,32.1719787064164,South
GA,Dooly,13093,16.9,47.2,10.5,8.6,9.2,18.1,17.8,18.3,34.4,41.0,10981.0,-83.7999701785629,32.1567057518335,South
GA,Dougherty,13095,15.5,47.1,11.9,7.8,9.1,17.7,18.6,19.0,34.1,41.9,82645.0,-84.2166430665433,31.5334783335968,South
GA,Douglas,13097,13.0,37.4,10.8,5.4,5.8,13.7,18.2,13.6,27.0,36.3,149160.0,-84.7678598130121,33.702130966663,South
GA,Early,13099,15.4,47.4,11.6,8.8,10.3,18.8,19.8,18.9,36.2,40.7,10563.0,-84.9030717223514,31.3232131428873,South
GA,Echols,13101,19.4,36.1,9.8,6.6,7.4,16.3,20.6,13.6,30.6,38.3,3709.0,-82.8945119439741,30.7101017543153,South
GA,Effingham,13103,11.5,34.6,10.0,5.4,6.1,14.1,20.5,11.3,24.5,37.9,71541.0,-81.3413734323975,32.3671225914682,South
GA,Elbert,13105,14.5,44.2,10.7,8.6,9.6,17.8,20.4,16.6,32.7,38.2,20013.0,-82.8404140983714,34.116392219138,South
GA,Emanuel,13107,16.7,43.9,11.1,8.0,10.0,20.3,20.8,16.4,35.9,42.7,23119.0,-82.3016074445996,32.5898924481191,South
GA,Evans,13109,17.6,43.2,10.9,8.0,9.6,19.2,20.8,16.8,35.2,42.4,10754.0,-81.8866652658827,32.1567842852274,South
GA,Fannin,13111,11.5,44.8,10.0,10.2,10.6,16.1,20.7,16.5,30.1,38.2,25955.0,-84.3204086574096,34.864592267803,South
GA,Fayette,13113,9.0,37.1,9.3,6.0,5.3,9.6,17.6,12.6,21.2,30.7,123351.0,-84.4949703697974,33.4135379836022,South
GA,Floyd,13115,14.8,38.6,10.3,7.1,8.1,16.0,22.3,14.1,28.6,37.3,100113.0,-85.213993756054,34.263196511633,South
GA,Forsyth,13117,8.5,30.2,8.4,4.6,4.2,9.2,17.4,9.9,20.2,27.7,272887.0,-84.125243446561,34.2253024818373,South
GA,Franklin,13119,14.1,40.7,10.6,8.2,9.6,17.9,22.6,14.7,30.8,39.0,24782.0,-83.2291794412893,34.3756736821183,South
GA,Fulton,13121,10.1,33.4,9.4,4.6,4.5,9.9,16.9,10.9,20.0,28.2,1079105.0,-84.4671331339505,33.7900005623491,South
GA,Gilmer,13123,13.6,41.9,9.7,9.1,9.5,15.0,20.7,15.2,28.8,34.2,32860.0,-84.4556815629544,34.6911623019377,South
GA,Glascock,13125,13.1,40.5,10.5,7.9,9.4,18.1,22.5,14.5,30.5,37.6,2954.0,-82.6106278747624,33.229733246093,South
GA,Glynn,13127,12.5,44.0,10.1,7.9,8.2,14.4,19.3,15.3,28.2,35.1,86172.0,-81.539531176268,31.2308510168338,South
GA,Gordon,13129,16.6,38.2,10.2,7.3,8.7,17.3,22.5,13.9,31.6,35.3,59757.0,-84.8757277575537,34.5028483807491,South
GA,Grady,13131,16.8,44.0,10.7,8.6,9.7,17.9,20.3,17.2,35.8,38.5,26066.0,-84.2345883560959,30.8746760593024,South
GA,Greene,13133,11.0,44.9,9.7,8.6,7.9,12.1,17.5,15.6,26.8,33.7,20722.0,-83.1667308024376,33.5788809439094,South
GA,Gwinnett,13135,15.6,33.4,9.2,5.1,5.0,11.7,15.7,12.6,27.3,34.9,983526.0,-84.0237004394442,33.961661805784,South
GA,Habersham,13137,15.2,37.1,9.9,7.2,8.0,15.0,21.5,12.9,27.9,32.2,48757.0,-83.530457749718,34.6306391700714,South
GA,Hall,13139,18.0,36.4,9.6,6.7,7.1,14.0,20.2,13.2,28.3,32.3,217267.0,-83.8198972002444,34.3169672815553,South
GA,Hancock,13141,18.7,53.0,11.4,10.5,11.9,21.9,17.5,22.8,40.0,44.8,8676.0,-83.000824480349,33.2700844778974,South
GA,Haralson,13143,12.6,37.3,10.3,6.8,8.2,17.4,23.8,12.6,26.9,36.2,32038.0,-85.2110568973419,33.7943288253101,South
GA,Harris,13145,9.6,37.5,9.7,6.4,6.3,12.2,18.8,12.6,22.8,33.0,36654.0,-84.9080983606134,32.7360422187992,South
GA,Hart,13147,12.9,42.1,10.2,8.3,9.0,16.0,20.4,15.3,29.4,35.1,27556.0,-82.9641396441627,34.35079675136,South
GA,Heard,13149,13.5,39.6,10.5,7.8,9.2,18.3,22.6,14.3,30.6,35.6,12034.0,-85.12835200624,33.2968801808711,South
GA,Henry,13151,11.7,38.8,10.6,5.2,5.5,12.9,17.6,13.4,25.2,45.2,254613.0,-84.1539379774032,33.4525591081274,South
GA,Houston,13153,11.3,38.7,10.1,5.5,5.9,13.0,20.5,13.1,24.8,39.7,171974.0,-83.6661715185064,32.4584163130638,South
GA,Irwin,13155,15.2,43.1,10.7,8.3,9.6,18.3,21.5,16.2,33.4,40.3,9120.0,-83.2761961285303,31.6024325769384,South
GA,Jackson,13157,12.9,34.7,9.7,6.0,6.6,14.6,20.5,11.6,25.6,33.0,88615.0,-83.5667016033368,34.1340446581635,South
GA,Jasper,13159,13.2,40.2,10.4,7.5,8.6,17.3,21.7,14.6,30.4,37.1,16455.0,-83.6873661795934,33.3162972573575,South
GA,Jeff Davis,13161,18.6,41.2,10.8,8.5,10.6,20.6,22.2,16.4,35.7,40.4,14906.0,-82.6366953093619,31.8060289030775,South
GA,Jefferson,13163,16.8,47.1,11.5,8.5,10.1,19.9,19.9,18.5,36.7,41.3,15183.0,-82.4184402738849,33.0543979409705,South
GA,Jenkins,13165,18.2,45.5,11.2,8.7,10.9,21.9,20.5,18.2,37.4,42.5,8627.0,-81.9635075987097,32.7925148438943,South
GA,Johnson,13167,17.4,47.5,10.6,9.3,10.7,21.5,20.2,18.0,35.7,43.5,9282.0,-82.6605256658153,32.7014019647725,South
GA,Jones,13169,11.8,40.2,10.6,7.1,7.9,15.9,20.8,14.4,30.0,39.8,28969.0,-83.5605812656916,33.0247296211187,South
GA,Lamar,13171,12.4,38.7,10.7,6.8,7.6,15.5,20.9,13.6,28.6,36.6,20401.0,-84.1393164291498,33.076295380381,South
GA,Lanier,13173,16.4,41.5,10.8,7.9,9.7,19.7,22.0,15.9,33.7,40.9,10452.0,-83.0633238324948,31.0385537150678,South
GA,Laurens,13175,14.3,45.3,11.1,8.2,9.4,18.1,20.3,16.4,34.3,44.0,49941.0,-82.9221481443504,32.4634419341698,South
GA,Lee,13177,10.5,36.8,10.0,5.5,5.9,13.1,20.2,11.8,23.4,39.2,33872.0,-84.1404840374699,31.7797631129243,South
GA,Liberty,13179,15.4,34.3,10.3,4.8,5.5,14.3,19.7,11.6,27.9,32.3,69210.0,-81.494986581225,31.8278487511585,South
GA,Lincoln,13181,13.1,47.1,10.7,9.8,10.7,18.0,20.3,18.2,33.1,38.0,7879.0,-82.4512209392449,33.7932999440969,South
GA,Long,13183,16.5,36.1,10.6,5.4,6.7,17.2,21.3,12.4,29.7,38.4,19594.0,-81.745381491443,31.7522994598883,South
GA,Lowndes,13185,14.2,35.9,10.7,6.0,7.0,15.0,20.5,12.9,29.1,38.7,120712.0,-83.2675650668111,30.8338264319898,South
GA,Lumpkin,13187,11.4,33.7,10.0,6.5,7.2,13.5,22.5,11.5,24.8,28.9,35258.0,-84.0028613994945,34.5724830927062,South
GA,Macon,13193,20.2,49.4,11.2,9.5,11.3,22.7,18.1,21.1,41.4,43.8,11817.0,-84.0428596914371,32.357909985862,South
GA,Madison,13195,14.9,40.0,10.5,8.0,9.5,18.2,22.3,14.7,31.8,38.1,32191.0,-83.208839298552,34.1279893403343,South
GA,Marion,13197,16.2,46.5,10.8,9.4,10.5,18.5,20.4,18.7,34.5,38.6,7440.0,-84.5244936517026,32.3530176982437,South
GA,McDuffie,13189,14.2,44.4,11.0,8.0,9.2,17.3,20.4,16.7,32.3,38.9,21799.0,-82.4820889613078,33.4833148939309,South
GA,McIntosh,13191,14.9,50.8,11.1,11.2,12.3,19.2,20.3,20.4,36.9,40.7,11501.0,-81.4070470668074,31.4952884892852,South
GA,Meriwether,13199,14.7,45.0,11.0,8.6,9.9,18.6,20.4,17.6,34.8,41.4,20931.0,-84.6882775391666,33.0409419482636,South
GA,Miller,13201,14.2,46.1,11.0,9.6,10.7,17.8,21.1,17.8,34.4,41.8,5747.0,-84.7307899902966,31.1637772437538,South
GA,Mitchell,13205,16.0,47.2,11.2,8.4,9.8,19.3,20.0,18.4,34.9,45.1,21114.0,-84.1949969554577,31.2247787477769,South
GA,Monroe,13207,11.2,39.1,10.1,6.7,7.1,14.2,20.0,13.1,25.9,34.9,30625.0,-83.918587785938,33.0140418940373,South
GA,Montgomery,13209,14.6,42.1,10.5,7.7,8.7,17.0,21.1,15.4,31.5,39.4,8761.0,-82.5347852959324,32.1731129445246,South
GA,Morgan,13211,10.6,39.9,9.9,6.7,6.8,13.0,19.6,12.9,24.9,31.7,21460.0,-83.4922780042542,33.5910799753336,South
GA,Murray,13213,16.4,36.8,10.2,7.1,8.4,17.0,22.4,13.3,29.1,41.5,41035.0,-84.7475512679945,34.7888618055535,South
GA,Muscogee,13215,14.2,40.9,10.9,6.3,7.1,15.1,19.6,15.0,29.8,40.3,201877.0,-84.8762682758584,32.5102647759575,South
GA,Newton,13217,13.0,40.4,11.0,5.9,6.6,14.8,18.8,14.4,30.3,42.4,120135.0,-83.8504141374814,33.5545472273125,South
GA,Oconee,13219,7.5,33.4,8.9,5.4,4.8,9.3,19.5,10.1,18.3,28.8,44182.0,-83.4371131178921,33.835069659771,South
GA,Oglethorpe,13221,12.8,39.9,10.1,7.4,8.0,15.3,20.8,14.1,28.3,36.4,15754.0,-83.0816749715219,33.8803387488294,South
GA,Paulding,13223,11.5,35.0,10.1,5.0,5.5,12.7,20.4,11.6,23.0,38.4,183164.0,-84.8673497628698,33.9202190226087,South
GA,Peach,13225,13.7,40.3,10.6,6.6,7.1,14.3,19.5,14.9,29.3,39.3,28805.0,-83.8278402405427,32.5679570126366,South
GA,Pickens,13227,11.3,40.7,10.0,7.9,8.5,15.1,21.8,13.6,26.6,35.0,35969.0,-84.4653887586926,34.463848952651,South
GA,Pierce,13229,14.0,39.5,10.5,7.9,9.3,18.2,22.5,14.3,30.6,36.4,20425.0,-82.2116956124654,31.3580822683896,South
GA,Pike,13231,10.9,36.6,10.1,6.3,7.1,14.9,21.7,11.9,25.4,36.0,20461.0,-84.3889530379761,33.0926631241019,South
GA,Polk,13233,16.6,38.8,10.5,7.3,8.9,17.9,22.5,14.1,31.4,40.4,44223.0,-85.1878132568191,34.0020201619572,South
GA,Pulaski,13235,15.2,43.6,11.5,8.7,10.2,18.9,21.8,16.8,34.2,40.8,10095.0,-83.4761753532408,32.2321360694052,South
GA,Putnam,13237,12.9,45.2,10.4,9.1,9.5,15.5,19.8,17.1,30.6,39.4,23129.0,-83.3730418216221,33.3217500731646,South
GA,Quitman,13239,15.3,54.7,11.1,12.1,13.1,19.3,18.6,23.6,39.2,42.3,2280.0,-85.0189983914636,31.8659717322447,South
GA,Rabun,13241,12.2,43.8,9.7,9.3,9.4,14.6,20.5,15.5,28.9,34.2,17442.0,-83.4023484816598,34.8818107236529,South
GA,Randolph,13243,16.8,54.6,12.0,12.0,13.7,21.1,19.6,24.9,42.6,45.6,6078.0,-84.753987782591,31.7625693766127,South
GA,Richmond,13245,14.5,41.9,11.5,6.6,7.5,16.2,20.4,16.7,30.5,36.6,205414.0,-82.0744462571572,33.3599418331668,South
GA,Rockdale,13247,13.6,43.2,11.1,6.5,6.8,14.1,17.6,17.0,30.2,39.0,95987.0,-84.0269604060342,33.6543894732027,South
GA,Schley,13249,12.8,41.5,10.5,7.8,8.5,16.0,20.8,15.1,29.5,37.4,4526.0,-84.3148282661391,32.262610616466,South
GA,Screven,13251,14.3,46.1,11.0,8.5,9.7,18.2,20.0,17.8,33.1,40.0,14174.0,-81.6117427953092,32.7511007138643,South
GA,Seminole,13253,13.3,47.0,10.8,9.5,10.2,17.0,19.5,18.0,33.3,39.4,9092.0,-84.8685083856567,30.9386333289303,South
GA,Spalding,13255,15.0,43.1,10.8,7.7,8.8,17.0,20.0,16.0,31.2,39.7,69946.0,-84.2837617317625,33.2610319090476,South
GA,Stephens,13257,13.7,41.1,10.5,8.3,9.6,17.8,22.1,14.9,30.8,38.5,27228.0,-83.2929139124452,34.5541172114089,South
GA,Stewart,13259,28.1,43.1,10.0,7.9,9.3,20.7,17.3,17.9,39.2,41.6,4674.0,-84.8345510378135,32.0781190115819,South
GA,Sumter,13261,14.9,43.6,11.3,7.7,8.6,16.4,19.2,16.7,32.9,39.5,28890.0,-84.1964809541096,32.0397994329016,South
GA,Talbot,13263,15.1,52.4,11.3,10.4,11.3,18.7,18.5,22.1,37.7,43.1,5718.0,-84.5331196585988,32.6992774965399,South
GA,Taliaferro,13265,15.8,52.2,10.9,10.4,10.8,18.1,17.5,21.7,37.6,41.7,1609.0,-82.8790113876123,33.565904432115,South
GA,Tattnall,13267,18.7,42.5,10.4,7.9,9.5,20.2,20.2,16.0,34.9,40.7,24296.0,-82.0580042364248,32.0458230000891,South
GA,Taylor,13269,16.9,48.6,11.5,10.3,12.6,21.7,21.0,20.2,38.3,42.4,7758.0,-84.250830281123,32.5556469053066,South
GA,Telfair,13271,22.8,47.5,10.7,10.1,12.0,22.7,19.8,20.5,40.6,43.0,10920.0,-82.9386895818028,31.9299273067199,South
GA,Terrell,13273,17.6,49.6,11.9,9.9,11.6,21.1,19.4,21.2,39.7,43.6,8718.0,-84.4366722312933,31.7770572781924,South
GA,Thomas,13275,12.8,43.2,10.7,7.8,8.5,15.9,19.7,16.0,29.1,39.2,45649.0,-83.9190539663463,30.8636976274318,South
GA,Tift,13277,16.1,41.0,10.7,7.4,8.6,17.5,21.0,15.8,33.0,39.4,41554.0,-83.5261951536676,31.4570749653838,South
GA,Toombs,13279,16.6,41.1,10.8,7.7,9.1,17.5,20.8,15.5,32.9,40.6,27040.0,-82.3312358596009,32.1214347307346,South
GA,Towns,13281,9.8,45.5,9.6,10.1,9.7,12.8,20.3,15.9,27.5,31.9,13035.0,-83.7375903262545,34.9167069469876,South
GA,Treutlen,13283,18.5,44.3,11.3,9.2,11.9,22.5,21.8,18.3,37.8,41.2,6341.0,-82.5674600633275,32.4037481021717,South
GA,Troup,13285,13.8,40.5,10.8,7.1,8.2,16.9,20.7,15.0,32.0,36.0,70742.0,-85.0285316057562,33.0331700412163,South
GA,Turner,13287,17.0,45.9,11.4,9.2,11.1,20.2,20.8,18.5,37.8,44.4,8909.0,-83.6240607423052,31.7163577811279,South
GA,Twiggs,13289,14.6,47.8,11.0,9.3,10.3,18.4,19.1,18.6,33.9,39.7,7691.0,-83.4270456679841,32.6669819807256,South
GA,Union,13291,10.7,45.0,9.6,9.9,9.9,14.2,20.5,15.7,28.4,34.5,27124.0,-83.9906778137302,34.8338420067359,South
GA,Upson,13293,14.1,42.1,10.9,8.1,9.5,18.8,21.2,16.3,32.8,39.2,28263.0,-84.2995096783688,32.8810119833769,South
GA,Walker,13295,12.7,39.6,10.2,7.7,8.8,16.7,21.6,13.5,29.9,38.0,69489.0,-85.3005481871168,34.7354440057188,South
GA,Walton,13297,12.9,38.0,10.3,6.6,7.3,14.9,20.4,13.0,28.0,38.3,106702.0,-83.7338810944706,33.7813254964218,South
GA,Ware,13299,16.4,43.3,10.9,8.4,10.0,19.6,21.9,16.8,36.6,41.3,36243.0,-82.4236222762369,31.0547069599296,South
GA,Warren,13301,15.3,50.3,11.4,9.4,10.5,18.6,18.9,20.2,37.0,43.5,5106.0,-82.6765133555302,33.4084998133757,South
GA,Washington,13303,15.7,47.1,11.1,8.3,9.7,19.3,19.4,18.7,34.9,43.1,19820.0,-82.7956807812309,32.9694620969242,South
GA,Wayne,13305,16.3,42.7,10.8,8.0,10.0,20.0,21.6,15.8,33.5,43.3,31373.0,-81.9169825771378,31.5514363184959,South
GA,Webster,13307,14.6,50.7,11.2,10.7,11.4,18.5,19.3,21.0,36.4,42.2,2337.0,-84.5496149265342,32.0471175973242,South
GA,Wheeler,13309,19.2,43.8,10.0,8.1,9.6,21.0,19.0,16.0,35.5,41.3,7081.0,-82.725207369526,32.1177472167522,South
GA,White,13311,11.5,39.8,9.9,7.9,8.4,14.7,21.1,13.2,26.3,35.0,29026.0,-83.7466369042174,34.6465178296611,South
GA,Whitfield,13313,22.1,35.7,9.6,6.9,7.5,15.6,20.2,14.1,31.9,37.9,103687.0,-84.9674182436236,34.8048862784736,South
GA,Wilcox,13315,17.8,46.2,10.2,9.1,10.3,20.2,19.2,17.4,35.0,42.6,8779.0,-83.432277173462,31.9726046759688,South
GA,Wilkes,13317,15.1,47.4,10.8,9.3,10.2,17.8,19.2,18.9,35.4,40.6,9518.0,-82.7437664263874,33.782133170124,South
GA,Wilkinson,13319,13.9,45.9,10.9,8.5,9.7,18.0,20.1,17.7,34.0,41.0,8725.0,-83.1707316291648,32.8022701825695,South
GA,Worth,13321,14.2,44.5,10.9,8.6,10.1,18.9,21.7,16.9,33.9,38.9,20273.0,-83.8509955457944,31.5513177333571,South
HI,Hawaii,15001,6.6,31.0,11.0,7.6,7.1,14.5,20.0,12.5,22.3,27.2,207615.0,-155.521167555468,19.6012350699632,West
HI,Honolulu,15003,5.2,31.6,9.5,5.8,4.7,9.8,15.1,12.4,23.7,25.3,989408.0,-157.974693402227,21.4587970621318,West
HI,Kalawao,15005,10.9,46.6,10.2,12.8,9.8,16.6,14.3,22.1,29.8,38.5,81.0,-156.947592784882,21.1733760693813,West
HI,Kauai,15007,6.3,33.1,10.0,6.8,6.0,12.0,16.4,12.0,21.2,23.9,73851.0,-159.595749637273,22.0397848673141,West
HI,Maui,15009,6.3,30.7,10.3,6.6,5.9,13.2,15.8,12.2,20.5,26.2,164183.0,-156.569577037122,20.8642990358875,West
IA,Adair,19001,7.2,39.6,10.0,8.3,8.7,16.7,20.2,13.1,28.2,39.9,7389.0,-94.4708898643576,41.3307390565959,Midwest
IA,Adams,19003,6.5,39.8,9.9,8.4,8.4,15.6,20.1,13.2,27.6,39.1,3544.0,-94.6992691532001,41.0289653438326,Midwest
IA,Allamakee,19005,8.2,39.6,9.8,8.5,8.6,16.2,20.1,13.1,27.4,42.3,14074.0,-91.3777429842755,43.2841355075637,Midwest
IA,Appanoose,19007,8.2,43.3,10.7,9.6,10.8,19.6,21.8,15.4,31.5,43.4,12119.0,-92.8685276330916,40.7431944324704,Midwest
IA,Audubon,19009,7.2,40.2,10.0,8.8,9.0,16.3,19.8,13.6,27.9,37.6,5534.0,-94.9058176042924,41.68448919254,Midwest
IA,Benton,19011,6.1,36.2,9.8,7.0,7.1,14.9,20.0,11.1,23.9,40.8,25796.0,-92.0656245633104,42.0802644562112,Midwest
IA,Black Hawk,19013,7.2,33.9,10.4,6.5,7.0,15.6,21.3,11.6,23.6,40.4,130471.0,-92.3087248490812,42.4700913420814,Midwest
IA,Boone,19015,6.2,36.4,9.8,6.6,6.8,14.3,20.2,11.2,24.8,43.4,26590.0,-93.9315830366559,42.03649567412,Midwest
IA,Bremer,19017,5.8,33.4,9.6,6.4,6.3,13.2,19.5,9.9,22.4,37.6,25307.0,-92.3180439106681,42.7746111390875,Midwest
IA,Buchanan,19019,6.4,35.6,10.0,6.7,7.0,15.3,20.2,11.1,24.0,37.6,20691.0,-91.8374750492687,42.4709698505337,Midwest
IA,Buena Vista,19021,12.8,34.3,9.4,7.1,7.2,15.6,18.0,13.0,30.1,38.1,20567.0,-95.1507914429993,42.7354705889811,Midwest
IA,Butler,19023,6.9,38.8,9.9,8.0,8.3,15.7,20.3,12.6,28.0,39.3,14172.0,-92.7901998363377,42.7315884100093,Midwest
IA,Calhoun,19025,7.1,37.1,9.8,7.8,8.0,15.6,19.7,12.3,26.5,39.8,9763.0,-94.640451820039,42.3852630941622,Midwest
IA,Carroll,19027,6.9,37.2,9.8,7.5,7.7,15.2,19.8,12.0,27.2,39.7,20522.0,-94.8604844719418,42.0361851718528,Midwest
IA,Cass,19029,7.6,39.8,10.2,8.7,9.2,17.5,21.1,13.9,28.6,40.7,13130.0,-94.9277453706317,41.3314807501606,Midwest
IA,Cedar,19031,6.5,36.6,10.0,7.2,7.4,15.2,20.7,11.9,25.5,40.8,18302.0,-91.1325176867671,41.7723216591621,Midwest
IA,Cerro Gordo,19033,7.1,37.6,10.0,7.9,8.0,15.5,21.3,12.5,27.0,40.1,42406.0,-93.2607681251857,43.0815719982404,Midwest
IA,Cherokee,19035,7.9,40.3,10.0,8.7,9.0,16.4,20.2,13.7,30.0,40.6,11605.0,-95.6236610082518,42.7353668341086,Midwest
IA,Chickasaw,19037,7.7,38.6,9.7,7.9,8.0,15.5,19.0,12.6,27.5,39.4,11658.0,-92.3176408168561,43.0600924885266,Midwest
IA,Clarke,19039,11.3,38.2,10.2,8.4,9.4,18.8,20.6,14.2,31.8,43.1,9588.0,-93.7852072342098,41.0289111078125,Midwest
IA,Clay,19041,6.9,37.0,9.9,7.6,7.8,15.3,19.9,12.3,26.5,35.2,16511.0,-95.1511161069588,43.0825667543454,Midwest
IA,Clayton,19043,7.7,41.3,10.0,9.1,9.7,17.8,19.5,13.9,30.7,41.0,16969.0,-91.341363137786,42.8446965174081,Midwest
IA,Clinton,19045,7.4,38.4,10.2,7.8,8.5,16.9,20.4,12.7,27.5,39.3,46158.0,-90.5323392171646,41.8979836891939,Midwest
IA,Crawford,19047,13.5,37.7,9.6,8.0,8.4,16.7,18.9,14.3,32.5,42.6,16013.0,-95.3820210456667,42.0372542394508,Midwest
IA,Dallas,19049,5.5,29.4,9.2,4.6,4.5,10.9,19.2,8.8,19.4,32.8,111092.0,-94.0396540325165,41.6848036594408,Midwest
IA,Davis,19051,8.8,37.0,10.3,7.6,8.5,17.5,21.5,12.0,28.4,37.5,9169.0,-92.4099557150409,40.7477090811249,Midwest
IA,Decatur,19053,8.1,35.3,10.2,7.9,8.5,15.9,21.3,12.4,27.6,39.6,7665.0,-93.7863886411411,40.7375938894214,Midwest
IA,Delaware,19055,7.0,37.7,9.9,7.9,8.3,16.3,19.7,12.5,27.9,39.7,17600.0,-91.3670993505697,42.471259321315,Midwest
IA,Des Moines,19057,7.4,35.5,10.0,7.5,7.9,15.9,21.1,12.3,28.2,34.6,38253.0,-91.1815785241532,40.9228727510382,Midwest
IA,Dickinson,19059,5.6,38.5,9.7,7.9,7.5,13.1,18.5,12.1,24.2,37.2,18056.0,-95.1509796782216,43.377909595667,Midwest
IA,Dubuque,19061,6.4,31.2,9.9,6.5,6.8,13.6,19.5,10.4,22.8,34.3,98887.0,-90.8822885892832,42.4687641606494,Midwest
IA,Emmet,19063,8.9,38.4,9.9,8.0,8.4,16.2,19.7,12.7,27.9,42.5,9229.0,-94.6785048089548,43.3778884439615,Midwest
IA,Fayette,19065,7.4,38.8,9.9,8.2,8.6,16.9,20.0,13.1,29.4,38.5,19210.0,-91.8443939227799,42.8626436322626,Midwest
IA,Floyd,19067,7.4,37.9,10.0,8.0,8.3,16.2,20.4,12.9,27.5,39.8,15326.0,-92.7890145579798,43.05993845493,Midwest
IA,Franklin,19069,10.0,39.0,10.0,8.6,9.0,17.0,20.3,14.1,30.1,40.7,9875.0,-93.2625161834423,42.7325751156083,Midwest
IA,Fremont,19071,6.6,38.6,10.0,8.0,8.1,15.2,20.1,12.7,25.7,39.9,6458.0,-95.6047023421803,40.7455695629106,Midwest
IA,Greene,19073,7.1,38.6,10.1,8.3,8.6,16.5,20.4,13.1,28.2,35.8,8584.0,-94.3967730929328,42.0362286775236,Midwest
IA,Grundy,19075,5.9,35.4,9.7,6.9,6.8,13.9,19.6,11.1,23.9,37.5,12384.0,-92.7914478589169,42.4018595971534,Midwest
IA,Guthrie,19077,6.4,37.8,9.8,7.7,7.6,14.6,19.2,12.4,26.1,37.2,10722.0,-94.5010798132677,41.6838318967675,Midwest
IA,Hamilton,19079,7.5,36.9,9.8,7.3,7.3,14.7,19.5,12.1,25.6,36.5,14729.0,-93.7067801073882,42.3838402278869,Midwest
IA,Hancock,19081,7.5,38.0,9.8,7.9,8.1,15.5,20.2,12.6,28.7,42.2,10615.0,-93.7343499073562,43.0818360710642,Midwest
IA,Hardin,19083,7.5,38.5,10.0,7.9,8.3,16.2,20.1,12.9,27.3,38.9,16463.0,-93.2403980725192,42.383903478645,Midwest
IA,Harrison,19085,6.7,37.0,9.9,7.4,7.8,15.8,20.2,12.5,25.8,35.2,14670.0,-95.8167226043331,41.6829636707622,Midwest
IA,Henry,19087,7.8,37.3,9.7,7.5,7.8,16.1,20.1,12.5,26.4,38.8,19547.0,-91.5444699002879,40.9877792482402,Midwest
IA,Howard,19089,7.5,37.2,10.0,7.7,8.3,16.6,20.4,12.4,26.5,38.0,9376.0,-92.3171182025825,43.356772932656,Midwest
IA,Humboldt,19091,7.7,38.8,10.1,8.3,8.7,16.8,20.1,13.2,27.5,41.4,9500.0,-94.2072855563124,42.7764316376836,Midwest
IA,Ida,19093,7.4,37.4,10.0,7.9,8.2,16.0,20.1,12.4,27.8,41.0,6833.0,-95.5135119987571,42.3869647701318,Midwest
IA,Iowa,19095,6.6,36.8,9.9,7.1,7.3,14.8,20.2,11.7,24.8,43.4,16381.0,-92.0651878097029,41.6862406700397,Midwest
IA,Jackson,19097,6.9,38.5,10.1,7.9,8.4,16.3,20.6,12.7,27.1,40.3,19342.0,-90.5741475671032,42.1716060690735,Midwest
IA,Jasper,19099,7.2,36.8,10.0,7.1,7.6,16.5,20.4,11.9,25.6,38.3,37919.0,-93.0543946498338,41.6862728176212,Midwest
IA,Jefferson,19101,6.8,39.1,9.6,8.3,8.1,14.0,19.0,13.2,25.9,39.6,15440.0,-91.9487990147713,41.0318442951922,Midwest
IA,Johnson,19103,6.3,28.1,9.8,4.8,5.0,10.9,21.0,8.8,18.1,30.4,157528.0,-91.5877414061848,41.6715310242667,Midwest
IA,Jones,19105,6.9,36.4,9.8,7.4,7.7,16.0,19.8,11.9,25.8,39.7,20900.0,-91.1315346507594,42.1211945179195,Midwest
IA,Keokuk,19107,7.3,39.6,10.2,8.2,8.9,17.6,21.1,13.4,28.7,41.4,9914.0,-92.1783229392789,41.3364935048397,Midwest
IA,Kossuth,19109,7.0,38.0,9.8,8.4,8.2,14.9,19.8,13.1,26.8,38.2,14396.0,-94.2068095566049,43.2042144437295,Midwest
IA,Lee,19111,7.4,37.7,10.2,8.0,8.6,17.5,20.2,12.9,28.1,37.6,32565.0,-91.4794958363333,40.6422524192372,Midwest
IA,Linn,19113,6.4,31.3,10.3,6.2,6.5,13.5,23.1,11.2,22.6,35.4,228972.0,-91.5991322352261,42.0789014925625,Midwest
IA,Louisa,19115,9.8,36.3,9.8,7.4,7.7,15.7,19.6,12.8,28.9,40.2,10513.0,-91.259564555602,41.2184586340229,Midwest
IA,Lucas,19117,8.1,39.7,10.3,8.7,9.6,18.4,21.1,13.9,29.1,39.8,8747.0,-93.3278006376647,41.0294821577346,Midwest
IA,Lyon,19119,7.5,37.3,10.3,7.2,7.3,16.0,21.0,11.8,27.5,42.2,12324.0,-96.2101821121479,43.3806078140642,Midwest
IA,Madison,19121,5.9,33.5,9.8,6.2,6.4,14.2,20.3,10.5,22.8,37.2,16971.0,-94.0155228853862,41.3307393125207,Midwest
IA,Mahaska,19123,7.1,36.0,10.1,7.2,7.8,16.3,21.1,11.7,28.4,38.6,21874.0,-92.640891276702,41.3351862830208,Midwest
IA,Marion,19125,5.9,34.5,9.6,6.5,6.4,13.3,21.0,10.5,22.6,39.4,33770.0,-93.0994398288825,41.3344521497994,Midwest
IA,Marshall,19127,11.0,34.7,9.5,7.1,7.2,15.2,19.4,12.7,28.4,44.1,40014.0,-92.998918907373,42.0358562892841,Midwest
IA,Mills,19129,5.9,35.9,9.8,6.7,6.7,13.8,19.7,11.3,23.0,39.2,14633.0,-95.6213165740337,41.0334156785597,Midwest
IA,Mitchell,19131,6.8,37.8,9.9,7.8,7.9,15.3,19.4,12.2,26.4,40.1,10518.0,-92.788873921648,43.3563415799349,Midwest
IA,Monona,19133,7.3,39.5,10.1,8.3,8.8,16.3,20.6,13.1,28.3,42.2,8493.0,-95.959786390742,42.0515364416231,Midwest
IA,Monroe,19135,6.6,36.7,10.0,7.2,7.5,15.5,20.5,11.7,25.4,38.2,7504.0,-92.8690276978932,41.0298685379331,Midwest
IA,Montgomery,19137,7.4,38.7,10.2,8.1,8.6,16.5,20.5,12.9,28.4,39.5,10139.0,-95.1563922387492,41.0301848465775,Midwest
IA,Muscatine,19139,10.0,35.4,9.8,7.0,7.4,15.9,19.4,12.3,29.3,41.4,42218.0,-91.112774938867,41.4838849011589,Midwest
IA,O'Brien,19141,8.4,36.9,10.1,7.9,8.4,16.4,21.0,12.4,27.9,38.8,14012.0,-95.6249570490171,43.0836626065609,Midwest
IA,Osceola,19143,9.6,39.4,10.0,8.8,9.3,17.1,20.1,14.0,30.1,39.5,5978.0,-95.6239316219737,43.3786794224727,Midwest
IA,Page,19145,8.3,40.8,10.0,8.5,9.1,18.0,20.1,13.6,29.3,42.9,15014.0,-95.1500518279201,40.7391588094589,Midwest
IA,Palo Alto,19147,6.9,37.3,9.9,7.7,7.8,15.1,20.0,12.1,25.8,40.0,8810.0,-94.6782083305063,43.0820387033705,Midwest
IA,Plymouth,19149,7.0,35.0,9.7,6.8,6.8,14.5,18.9,11.2,24.6,39.4,25722.0,-96.2141312816604,42.7377983230567,Midwest
IA,Pocahontas,19151,7.8,38.7,10.0,8.4,8.6,15.9,19.6,13.3,28.2,36.2,6976.0,-94.6785238954199,42.7342435564067,Midwest
IA,Polk,19153,7.5,31.2,9.8,5.5,5.8,13.3,21.6,10.1,23.7,37.0,505255.0,-93.573526118271,41.6854989182508,Midwest
IA,Pottawattamie,19155,8.2,35.3,10.4,7.0,7.8,17.0,21.9,11.7,27.4,39.1,93179.0,-95.5427335544974,41.3365745528696,Midwest
IA,Poweshiek,19157,7.0,35.2,9.9,7.2,7.5,14.7,21.6,11.4,25.8,40.5,18453.0,-92.5320731116848,41.6861148866249,Midwest
IA,Ringgold,19159,6.4,37.9,9.9,7.7,7.7,14.8,20.5,12.2,25.9,42.7,4642.0,-94.2438634221954,40.7351451515306,Midwest
IA,Sac,19161,7.0,37.9,9.9,8.1,8.1,15.1,19.8,12.5,26.3,41.3,9686.0,-95.1054248606843,42.386203609779,Midwest
IA,Scott,19163,6.9,32.8,10.5,6.3,6.7,14.0,20.5,11.0,24.1,40.6,174270.0,-90.6229482200086,41.6371214525029,Midwest
IA,Shelby,19165,7.0,37.4,10.0,7.9,7.9,15.2,19.9,12.5,26.7,37.8,11806.0,-95.310088943124,41.6851018395571,Midwest
IA,Sioux,19167,7.9,32.5,9.6,5.9,6.0,12.9,20.3,9.8,23.3,33.0,36246.0,-96.1778115096581,43.0825131009623,Midwest
IA,Story,19169,6.1,26.4,9.7,4.7,4.8,11.1,21.5,8.1,20.1,30.8,98566.0,-93.46507271122,42.0362299275331,Midwest
IA,Tama,19171,9.3,37.7,10.2,8.2,8.8,17.4,20.2,13.6,29.6,40.2,16833.0,-92.5325291369623,42.0798241878133,Midwest
IA,Taylor,19173,8.5,39.1,9.8,8.0,8.3,16.3,20.6,12.9,28.4,39.7,5924.0,-94.6961245719566,40.7374382816597,Midwest
IA,Union,19175,7.3,37.2,10.1,7.4,7.9,15.8,20.6,12.1,27.1,37.2,11906.0,-94.2424322979002,41.0277362645631,Midwest
IA,Van Buren,19177,8.0,40.2,10.5,8.8,9.8,18.5,21.2,13.9,29.6,39.5,7266.0,-91.9503055023498,40.7532395200175,Midwest
IA,Wapello,19179,10.0,35.8,10.3,7.6,8.6,18.0,20.4,13.5,30.7,41.7,35166.0,-92.4094863136049,41.0305745817301,Midwest
IA,Warren,19181,5.7,32.3,9.7,5.6,5.7,12.6,20.5,9.7,21.8,38.7,55205.0,-93.5613579046369,41.3344050670246,Midwest
IA,Washington,19183,7.8,37.3,9.8,7.3,7.6,15.1,20.7,12.0,26.2,38.6,22560.0,-91.7173635643124,41.3355141430586,Midwest
IA,Wayne,19185,7.8,38.8,10.2,8.6,9.1,17.2,20.7,13.1,29.3,40.6,6557.0,-93.3274398578025,40.7395430082683,Midwest
IA,Webster,19187,8.0,36.9,10.1,7.1,7.7,16.0,20.5,11.8,27.6,41.2,36485.0,-94.1817626829124,42.4278438783846,Midwest
IA,Winnebago,19189,7.0,36.4,9.9,7.2,7.4,14.3,20.3,11.6,24.8,38.4,10571.0,-93.7340986280048,43.3775256073817,Midwest
IA,Winneshiek,19191,5.8,34.1,9.6,7.0,6.6,12.4,19.2,10.7,22.8,34.7,19815.0,-91.8433672820994,43.2907270901496,Midwest
IA,Woodbury,19193,10.6,34.5,9.8,6.6,7.3,16.1,20.0,12.1,28.9,39.1,105951.0,-96.0445183541311,42.3895564783896,Midwest
IA,Worth,19195,6.8,38.1,9.8,7.7,7.8,15.5,20.0,12.4,26.0,40.5,7297.0,-93.2608487559082,43.3773939614585,Midwest
IA,Wright,19197,9.9,38.4,9.9,8.6,8.7,16.0,19.5,13.9,28.8,40.7,12656.0,-93.7351726072187,42.7330220408153,Midwest
ID,Ada,16001,8.5,31.2,10.3,5.4,5.3,10.4,25.0,9.0,18.4,29.0,524673.0,-116.241257443034,43.450951919308,West
ID,Adams,16003,9.8,40.7,10.8,9.6,10.0,14.3,21.5,13.9,28.0,34.2,4903.0,-116.454153346478,44.8894249014411,West
ID,Bannock,16005,10.1,31.0,11.2,5.9,6.6,12.9,25.0,9.7,21.8,33.0,90400.0,-112.224464654126,42.6685980174801,West
ID,Bear Lake,16007,9.4,34.1,10.9,7.6,8.1,13.3,22.2,11.6,24.7,31.0,6766.0,-111.329521463308,42.2848902379866,West
ID,Benewah,16009,11.3,38.0,11.6,9.1,10.2,16.8,22.4,13.5,29.5,36.3,10369.0,-116.658809779797,47.216881555053,West
ID,Bingham,16011,12.4,33.0,11.0,6.5,7.1,14.0,23.0,11.2,24.4,39.0,50395.0,-112.398339286311,43.2166155233315,West
ID,Blaine,16013,10.5,31.0,9.9,6.6,6.1,9.6,18.9,10.2,20.2,23.1,25041.0,-113.979666235261,43.4116034636535,West
ID,Boise,16015,7.7,38.0,10.5,8.1,7.7,11.7,21.4,12.1,22.6,31.9,8517.0,-115.731359370264,43.9888754708819,West
ID,Bonner,16017,8.8,36.7,10.7,8.4,8.4,12.9,21.3,11.8,23.3,32.2,52547.0,-116.601256003773,48.3001156935128,West
ID,Bonneville,16019,10.7,29.9,10.6,5.6,6.0,11.4,25.3,9.4,21.4,33.3,131366.0,-111.614650145003,43.3878527716182,West
ID,Boundary,16021,11.2,36.1,11.2,8.5,9.3,14.7,21.8,12.6,26.0,33.3,13557.0,-116.462854291271,48.7669357396543,West
ID,Butte,16023,13.1,40.3,11.5,10.5,11.8,17.3,23.8,15.2,29.8,35.5,2758.0,-113.172240946054,43.7230523109228,West
ID,Camas,16025,10.0,36.0,10.5,7.9,7.8,12.4,21.0,11.8,23.3,29.7,1232.0,-114.805504004867,43.4631123331592,West
ID,Canyon,16027,13.6,30.9,10.8,5.9,6.6,12.4,23.1,11.2,25.1,35.3,257674.0,-116.708957811914,43.6247624853459,West
ID,Caribou,16029,9.9,32.5,10.7,6.8,7.3,13.6,22.0,10.5,24.0,34.8,7219.0,-111.562180546814,42.7704958174665,West
ID,Cassia,16031,15.8,32.3,10.6,6.5,6.9,13.0,22.1,11.0,26.7,37.5,25696.0,-113.601171772012,42.2836888706219,West
ID,Clark,16033,19.5,36.3,10.4,8.5,8.3,13.9,20.4,13.8,30.3,36.0,801.0,-112.351741906429,44.2840300339483,West
ID,Clearwater,16035,10.1,38.5,10.5,9.1,9.3,14.1,20.8,13.1,25.4,31.8,9214.0,-115.656694865225,46.6735928960896,West
ID,Custer,16037,8.9,40.3,10.5,9.4,9.1,12.7,20.6,13.4,24.3,31.5,4523.0,-114.281578784289,44.2413743406626,West
ID,Elmore,16039,13.6,31.7,10.7,6.2,7.1,13.8,22.8,10.4,24.4,34.2,29724.0,-115.469239162231,43.3536731193916,West
ID,Franklin,16041,10.1,30.9,10.7,6.0,6.6,12.9,22.8,9.4,22.6,35.7,15494.0,-111.813247947913,42.1809525302421,West
ID,Fremont,16043,11.3,30.9,10.5,6.6,7.1,12.9,22.1,10.5,23.5,32.7,14196.0,-111.48216300412,44.2287442250408,West
ID,Gem,16045,10.6,35.1,10.7,7.5,7.8,12.9,21.8,11.5,24.5,32.9,21071.0,-116.399193305642,44.0615850872129,West
ID,Gooding,16047,17.9,34.9,10.7,8.0,8.7,15.0,20.9,13.0,29.7,34.1,16061.0,-114.811675308638,42.9710507296599,West
ID,Idaho,16049,9.7,37.9,10.6,9.2,9.1,13.1,20.9,12.8,25.0,31.8,17890.0,-115.467318915313,45.8440696715495,West
ID,Jefferson,16051,10.2,28.7,10.7,5.5,6.0,12.2,22.5,9.1,21.4,33.1,34198.0,-112.311047195538,43.8201624900105,West
ID,Jerome,16053,20.4,33.0,10.8,7.0,8.0,15.7,21.6,12.6,30.1,35.8,25479.0,-114.264298293712,42.6896258772635,West
ID,Kootenai,16055,8.8,30.1,10.7,6.7,7.2,12.1,23.7,9.9,19.6,31.7,185010.0,-116.701842750137,47.6743233510996,West
ID,Latah,16057,8.2,28.1,10.7,5.3,5.5,10.0,23.4,7.8,18.0,29.0,41301.0,-116.711700829425,46.8155705621497,West
ID,Lemhi,16059,9.3,39.6,10.8,9.3,9.2,13.4,21.9,12.7,26.3,30.4,8441.0,-113.933478496525,44.9434584985958,West
ID,Lewis,16061,10.5,42.3,11.3,10.4,10.9,15.5,21.9,15.1,29.7,35.2,3739.0,-116.426368203162,46.2366501834788,West
ID,Lincoln,16063,17.2,32.1,10.6,6.7,7.3,14.2,21.7,11.5,27.9,34.2,5450.0,-114.138461485006,43.0023295316481,West
ID,Madison,16065,10.9,17.3,12.1,3.0,4.4,10.0,27.9,4.9,19.4,26.2,54547.0,-111.659057264189,43.7840136222451,West
ID,Minidoka,16067,18.1,34.0,10.3,6.9,7.3,13.5,20.8,12.3,28.9,36.4,22480.0,-113.637539859749,42.8540795007732,West
ID,Nez Perce,16069,9.5,35.7,11.4,7.4,7.9,13.5,23.9,10.8,25.2,37.7,42987.0,-116.749939019682,46.3271022270792,West
ID,Oneida,16071,8.9,33.2,10.5,7.0,7.2,12.4,22.0,10.5,22.4,31.9,4953.0,-112.539222329733,42.1949197720138,West
ID,Owyhee,16073,17.4,35.8,11.0,8.2,9.3,16.4,22.2,13.4,30.7,33.4,12722.0,-116.169961362386,42.5814571930845,West
ID,Payette,16075,13.5,35.5,10.9,7.7,8.4,14.3,22.5,11.8,26.7,31.4,27279.0,-116.760636913533,44.0064328596574,West
ID,Power,16077,17.2,33.6,10.5,7.4,7.9,13.8,21.2,12.1,28.1,37.5,8253.0,-112.83983825663,42.6930636583738,West
ID,Shoshone,16079,11.3,37.4,11.3,8.7,9.9,15.9,22.9,13.5,28.1,36.1,14026.0,-115.892413057691,47.3530423358331,West
ID,Teton,16081,9.6,29.7,10.0,5.3,5.4,10.7,20.7,9.2,19.0,32.0,12549.0,-111.207859193673,43.7599479101645,West
ID,Twin Falls,16083,13.0,31.0,11.1,6.5,7.3,13.3,23.7,11.0,27.8,33.3,95156.0,-114.668371045529,42.3560015617514,West
ID,Valley,16085,9.0,39.0,10.7,8.5,8.6,13.2,21.2,13.1,24.9,34.0,12644.0,-115.566555304962,44.7665648756136,West
ID,Washington,16087,13.3,38.3,11.1,9.6,10.0,15.2,21.8,14.5,29.1,33.4,11425.0,-116.784993019521,44.452704019582,West
IL,Adams,17001,7.3,37.2,10.3,7.3,8.1,14.4,22.4,12.0,24.1,37.8,64441.0,-91.1885205349826,39.9878121590876,Midwest
IL,Alexander,17003,10.1,47.9,11.7,10.2,12.1,19.6,21.2,19.0,33.3,45.3,4695.0,-89.3376234497311,37.1915433515268,Midwest
IL,Bond,17005,8.8,35.5,10.5,6.9,8.0,15.1,22.8,11.6,24.2,39.0,16450.0,-89.4355909088305,38.8866364399697,Midwest
IL,Boone,17007,11.8,34.9,10.0,6.7,7.4,14.1,21.5,12.2,25.6,36.8,53202.0,-88.8234017651991,42.3230307748571,Midwest
IL,Brown,17009,12.1,36.4,10.0,6.5,8.0,17.8,20.5,11.7,26.4,41.5,6294.0,-90.7503721365036,39.9613825830312,Midwest
IL,Bureau,17011,9.1,37.9,10.2,8.0,8.9,14.8,22.5,13.2,25.8,38.1,32729.0,-89.5286007041431,41.4040731451308,Midwest
IL,Calhoun,17013,6.4,38.0,10.1,7.5,7.8,12.9,21.2,11.9,22.0,35.3,4317.0,-90.6674655170248,39.1691172596938,Midwest
IL,Carroll,17015,9.1,39.3,10.1,8.2,9.0,15.3,21.3,13.3,25.8,38.8,15526.0,-89.9343026396068,42.0685587636112,Midwest
IL,Cass,17017,12.6,37.4,10.2,7.4,8.6,15.8,21.6,13.4,27.8,40.6,12596.0,-90.2476708850327,39.9736920810451,Midwest
IL,Champaign,17019,7.5,28.7,10.1,5.0,5.6,11.1,22.6,9.6,20.1,31.1,205644.0,-88.199247034004,40.1399616455591,Midwest
IL,Christian,17021,8.7,37.5,10.3,7.4,8.6,16.1,22.4,12.3,25.5,38.1,33228.0,-89.277110575745,39.5457095688036,Midwest
IL,Clark,17023,7.3,36.8,10.3,7.3,8.3,14.9,22.5,12.0,23.2,37.3,15088.0,-87.7877785113332,39.3334921224673,Midwest
IL,Clay,17025,9.0,39.7,10.8,8.5,10.3,17.8,23.6,13.9,27.8,41.5,12999.0,-88.4904699657644,38.7544455588339,Midwest
IL,Clinton,17027,7.5,35.5,10.3,6.6,7.4,14.0,21.7,11.3,22.2,40.2,36785.0,-89.4224176288435,38.6065114083413,Midwest
IL,Coles,17029,8.2,34.0,10.8,6.9,8.2,14.8,24.1,11.4,24.2,37.7,46060.0,-88.2217255465441,39.5203156135234,Midwest
IL,Cook,17031,11.8,31.0,9.8,5.3,5.7,11.1,18.7,11.8,23.3,31.0,5087072.0,-87.8168979519151,41.8399157287328,Midwest
IL,Crawford,17033,8.3,37.6,10.4,7.2,8.4,15.4,22.3,12.1,24.3,40.1,18300.0,-87.7592378726544,39.0032498440152,Midwest
IL,Cumberland,17035,7.1,37.2,10.3,7.3,8.1,14.5,22.9,11.9,23.3,38.7,10261.0,-88.2403551281773,39.2735029218096,Midwest
IL,De Witt,17039,7.7,37.2,10.4,7.3,8.4,15.3,22.5,12.2,24.2,38.2,15365.0,-88.9040275161832,40.1744958647013,Midwest
IL,DeKalb,17037,9.2,30.4,10.4,5.5,6.3,12.6,23.0,10.3,22.5,35.1,100288.0,-88.7703233242501,41.8935375511825,Midwest
IL,Douglas,17041,9.4,35.4,10.4,6.9,8.0,15.1,22.6,11.7,24.7,38.5,19629.0,-88.2172568038989,39.7694705783852,Midwest
IL,DuPage,17043,7.2,30.7,8.9,5.3,5.0,9.5,17.4,10.0,19.0,29.2,921213.0,-88.0856542042862,41.8520411795759,Midwest
IL,Edgar,17045,8.1,40.3,10.5,8.6,9.8,16.4,22.8,13.6,26.8,37.5,16334.0,-87.7455506035259,39.6785617385241,Midwest
IL,Edwards,17047,8.3,40.2,10.8,8.7,10.3,17.3,23.6,14.1,27.3,40.3,5968.0,-88.053269013281,38.415936548251,Midwest
IL,Effingham,17049,7.3,35.2,10.2,6.8,7.7,14.1,22.5,11.3,22.8,34.3,34331.0,-88.5896155568299,39.0597062853535,Midwest
IL,Fayette,17051,9.8,37.6,10.4,7.6,9.2,17.4,22.4,12.7,26.7,39.8,21164.0,-89.0242017633246,39.0000991125274,Midwest
IL,Ford,17053,8.5,37.1,10.6,7.5,8.7,15.8,22.9,12.4,25.6,37.7,13250.0,-88.2232288965675,40.5969753516825,Midwest
IL,Franklin,17055,8.7,38.7,10.9,8.4,10.2,17.7,23.7,13.9,27.6,41.6,37138.0,-88.9238685944114,37.9921595158738,Midwest
IL,Fulton,17057,8.8,39.2,10.5,7.9,9.2,16.8,23.1,13.0,25.8,39.9,32541.0,-90.2073453702458,40.4727288552896,Midwest
IL,Gallatin,17059,8.7,41.6,10.8,9.3,10.9,17.4,23.0,14.6,28.2,40.8,4670.0,-88.2304600206296,37.7624120431912,Midwest
IL,Greene,17061,8.1,38.9,10.7,8.1,9.7,17.2,23.2,13.2,26.7,40.2,11543.0,-90.3905037272373,39.3562848923661,Midwest
IL,Grundy,17063,8.3,32.3,10.1,5.7,6.4,13.3,22.0,10.3,22.3,36.4,53578.0,-88.418506343176,41.2852896366779,Midwest
IL,Hamilton,17065,8.3,39.9,10.7,8.7,10.1,17.0,23.3,13.9,26.8,40.0,7911.0,-88.5390680927951,38.0815781203156,Midwest
IL,Hancock,17067,7.3,39.6,10.3,8.2,9.0,14.7,22.0,13.2,25.2,38.8,17186.0,-91.1647865817632,40.4036625382212,Midwest
IL,Hardin,17069,8.4,42.1,10.6,9.3,10.5,16.9,22.4,14.7,27.4,39.7,3569.0,-88.2668025102845,37.5180553242389,Midwest
IL,Henderson,17071,7.6,41.8,10.2,8.9,9.6,15.1,21.4,14.1,25.8,38.6,6088.0,-90.9250782416312,40.8180498314021,Midwest
IL,Henry,17073,7.9,36.4,10.2,7.2,7.8,13.8,21.8,11.9,23.6,36.9,48448.0,-90.1311470026437,41.3531967727209,Midwest
IL,Iroquois,17075,9.6,40.0,10.5,8.4,9.7,16.4,22.8,13.9,27.0,40.6,26136.0,-87.8244224208504,40.7472630732561,Midwest
IL,Jackson,17077,8.4,33.6,10.8,6.5,7.7,13.8,23.0,11.6,24.4,39.8,52141.0,-89.3823255393244,37.7849171126003,Midwest
IL,Jasper,17079,6.9,36.9,10.2,7.3,8.1,14.3,22.6,12.0,23.2,38.2,9144.0,-88.1535389702288,39.0104236780171,Midwest
IL,Jefferson,17081,8.4,38.5,10.6,7.6,8.8,16.1,22.7,13.0,25.2,39.8,36320.0,-88.9239770198655,38.3004858334764,Midwest
IL,Jersey,17083,6.9,36.2,10.3,7.1,7.9,14.0,22.8,11.7,23.2,39.0,21091.0,-90.3562462972533,39.0855866355985,Midwest
IL,Jo Daviess,17085,6.8,40.4,9.9,8.5,8.6,13.0,20.6,13.2,23.8,36.1,21756.0,-90.2125669942826,42.3657993803909,Midwest
IL,Johnson,17087,10.4,38.4,10.2,7.7,8.9,16.8,21.5,12.9,26.4,41.4,13326.0,-88.8810606161437,37.4595414006534,Midwest
IL,Kane,17089,11.6,30.4,9.3,5.7,5.7,11.0,18.6,11.5,23.1,35.1,514982.0,-88.4286530053985,41.9388449043496,Midwest
IL,Kankakee,17091,9.9,37.7,10.7,7.0,7.9,14.7,21.4,13.0,25.0,39.8,105940.0,-87.8618075697507,41.1377350724182,Midwest
IL,Kendall,17093,8.8,29.6,9.5,4.4,4.7,11.0,19.4,9.4,19.5,39.7,139976.0,-88.4287811608796,41.5907308708057,Midwest
IL,Knox,17095,9.3,38.7,10.6,8.2,9.4,16.0,21.9,13.5,27.5,39.2,48411.0,-90.2132758481666,40.9319133522118,Midwest
IL,LaSalle,17099,9.3,36.4,10.3,7.3,8.2,15.0,22.3,12.4,24.9,37.8,108309.0,-88.8859769215142,41.3440507030561,Midwest
IL,Lake,17097,9.2,32.4,9.1,5.4,5.4,10.4,18.1,11.2,19.9,32.9,708760.0,-88.003802278105,42.3231861408737,Midwest
IL,Lawrence,17101,10.6,38.1,10.5,7.5,9.2,17.6,22.0,12.8,27.0,40.7,14813.0,-87.7269587583834,38.7204573069594,Midwest
IL,Lee,17103,9.1,38.0,10.2,7.6,8.4,15.3,21.2,12.8,25.6,38.9,33654.0,-89.3003384748927,41.7461650352863,Midwest
IL,Livingston,17105,8.8,36.6,10.5,7.3,8.4,15.3,22.0,12.2,25.4,35.9,35320.0,-88.557798858116,40.891509557855,Midwest
IL,Logan,17107,8.5,35.6,10.4,6.9,7.9,15.1,22.2,11.6,24.4,38.5,27590.0,-89.3675561148044,40.1245688987964,Midwest
IL,Macon,17115,8.1,39.2,10.8,7.5,8.5,15.0,21.7,13.3,25.9,42.1,100591.0,-88.9615923987339,39.8598328489155,Midwest
IL,Macoupin,17117,7.8,38.2,10.6,7.7,9.1,15.9,22.9,12.8,25.0,37.0,44018.0,-89.92462979625,39.260888686793,Midwest
IL,Madison,17119,7.3,35.5,10.5,6.4,7.2,13.3,22.2,11.2,22.1,38.7,262752.0,-89.9049552313156,38.829741095185,Midwest
IL,Marion,17121,8.3,38.5,10.8,7.9,9.5,17.0,23.5,13.3,27.0,39.5,36673.0,-88.9190048820085,38.649511311863,Midwest
IL,Marshall,17123,8.1,38.9,10.4,8.1,8.9,15.2,22.5,13.0,25.1,38.6,11683.0,-89.3446681907835,41.0331708888478,Midwest
IL,Mason,17125,7.7,39.1,10.5,8.3,9.4,16.0,22.6,13.3,25.7,37.3,12523.0,-89.9168506099057,40.2394401010643,Midwest
IL,Massac,17127,8.4,39.9,10.9,8.3,9.7,16.6,22.8,14.1,26.8,40.8,13661.0,-88.7076683124229,37.2190136066965,Midwest
IL,McDonough,17109,8.0,34.1,10.6,6.8,7.9,13.8,23.8,11.4,23.4,36.3,26839.0,-90.6777808912349,40.4560500734705,Midwest
IL,McHenry,17111,7.9,33.7,9.6,5.6,5.9,11.5,21.7,10.5,20.9,32.1,312800.0,-88.452330230929,42.3244326576623,Midwest
IL,McLean,17113,6.8,30.9,10.3,5.2,5.6,11.2,22.3,9.5,19.4,34.5,170441.0,-88.847471454861,40.4907543058628,Midwest
IL,Menard,17129,6.7,36.8,10.4,7.0,7.9,14.1,22.5,11.7,22.5,37.9,11954.0,-89.8015814259198,40.027433354681,Midwest
IL,Mercer,17131,7.8,37.6,10.3,7.6,8.6,15.3,22.4,12.4,24.4,38.6,15487.0,-90.7412554728013,41.2053038911071,Midwest
IL,Monroe,17133,5.6,33.9,9.9,5.9,6.2,11.3,21.3,10.1,18.6,35.5,34957.0,-90.1775126381944,38.2783868217588,Midwest
IL,Montgomery,17135,8.6,37.4,10.3,7.6,8.9,16.1,22.3,12.6,25.6,39.1,27663.0,-89.4790825894756,39.2309933254058,Midwest
IL,Morgan,17137,8.6,38.0,10.5,7.6,8.8,15.6,22.5,12.6,24.9,39.9,32140.0,-90.2012120575902,39.7155885996371,Midwest
IL,Moultrie,17139,8.4,36.1,10.7,7.1,8.6,16.0,23.7,11.6,24.7,38.4,14342.0,-88.6189863239145,39.6419524353702,Midwest
IL,Ogle,17141,8.9,36.9,10.1,7.1,7.8,14.0,21.8,12.2,24.0,40.9,51265.0,-89.3207025886073,42.042663795913,Midwest
IL,Peoria,17143,8.0,36.9,10.6,6.7,7.5,13.8,22.1,12.6,23.5,34.8,177513.0,-89.7600231425467,40.7880862751225,Midwest
IL,Perry,17145,10.2,38.5,10.5,7.9,9.5,17.4,22.3,13.2,27.1,40.7,20503.0,-89.3668215059706,38.084140587643,Midwest
IL,Piatt,17147,6.2,35.4,10.0,6.6,6.9,12.5,21.7,10.9,20.8,35.1,16714.0,-88.5911000328928,40.0103482466318,Midwest
IL,Pike,17149,8.5,39.4,10.6,8.2,9.7,16.8,23.2,13.3,27.1,40.6,14342.0,-90.8861807489157,39.6225236120318,Midwest
IL,Pope,17151,7.1,43.0,10.3,9.4,9.9,15.0,21.3,14.9,26.1,39.6,3707.0,-88.5615481821764,37.4125961157653,Midwest
IL,Pulaski,17153,11.1,45.3,11.6,9.5,11.6,20.0,21.9,18.4,32.9,45.6,4911.0,-89.1272504444827,37.2227585561944,Midwest
IL,Putnam,17155,7.4,37.4,9.9,7.6,7.8,13.1,21.1,12.1,22.7,36.1,5561.0,-89.28567193027,41.2043746603527,Midwest
IL,Randolph,17157,9.3,39.1,10.4,7.7,8.9,16.3,21.9,12.9,26.2,38.8,29815.0,-89.8251663296485,38.0521875484111,Midwest
IL,Richland,17159,7.7,37.5,10.5,7.7,8.9,15.5,23.0,12.5,24.9,39.4,15488.0,-88.0854899215082,38.7123719010119,Midwest
IL,Rock Island,17161,10.0,36.1,10.5,7.3,8.1,14.5,20.4,13.1,24.9,39.6,141236.0,-90.5677963774347,41.4669850970518,Midwest
IL,Saline,17165,8.3,39.2,10.9,8.2,9.7,16.7,23.3,13.5,26.3,40.3,22873.0,-88.5408109499033,37.7531642187375,Midwest
IL,Sangamon,17167,7.1,37.0,10.5,6.6,7.3,13.2,21.1,11.9,22.2,39.6,193491.0,-89.6587606853797,39.7581951074678,Midwest
IL,Schuyler,17169,8.7,41.4,10.3,8.7,9.8,17.2,21.9,14.4,27.3,40.4,6733.0,-90.6156157284893,40.1578013814865,Midwest
IL,Scott,17171,7.3,37.4,10.4,7.5,8.6,15.1,22.7,12.3,24.2,38.4,4710.0,-90.4741891291469,39.6439884364877,Midwest
IL,Shelby,17173,7.4,38.9,10.4,8.1,9.0,15.2,22.4,13.0,24.8,37.6,20568.0,-88.8051969036463,39.3913669667087,Midwest
IL,St. Clair,17163,7.8,39.0,11.1,6.5,7.2,14.2,20.9,13.1,25.0,38.8,251018.0,-89.9283596665861,38.4702567969275,Midwest
IL,Stark,17175,7.8,38.5,10.3,7.9,8.8,15.1,22.3,12.7,24.9,38.2,5218.0,-89.7976449615692,41.0932041768301,Midwest
IL,Stephenson,17177,8.2,40.1,10.6,8.3,9.1,15.0,22.4,13.9,26.8,40.6,43105.0,-89.6623732185214,42.3517284609712,Midwest
IL,Tazewell,17179,6.9,35.3,10.3,6.6,7.3,13.5,23.0,11.2,22.4,36.3,129541.0,-89.5134097940558,40.5075460073332,Midwest
IL,Union,17181,9.3,39.8,10.7,8.7,10.1,17.1,22.8,14.1,28.0,39.8,16667.0,-89.254700769534,37.4711791963794,Midwest
IL,Vermilion,17183,9.7,42.2,10.9,8.2,9.7,17.2,22.9,14.4,29.0,43.8,71652.0,-87.7328335258318,40.1834823112361,Midwest
IL,Wabash,17185,7.9,38.4,10.6,8.2,9.4,15.8,22.9,13.3,25.6,39.8,10942.0,-87.8434564794453,38.4466641598799,Midwest
IL,Warren,17187,9.5,36.1,10.4,7.3,8.2,14.5,22.4,12.3,25.0,37.0,16185.0,-90.6149668081218,40.8488342067712,Midwest
IL,Washington,17189,6.7,36.5,10.2,7.2,7.8,13.8,22.2,11.7,22.4,36.8,13536.0,-89.4106148709646,38.3525179996094,Midwest
IL,Wayne,17191,8.5,39.7,10.7,8.5,10.0,17.0,23.3,13.6,27.4,39.9,15761.0,-88.4256485146764,38.4296548154976,Midwest
IL,White,17193,8.9,40.9,10.9,9.2,11.0,18.1,23.5,14.5,28.8,39.2,13401.0,-88.1804872408152,38.0871887627669,Midwest
IL,Whiteside,17195,9.6,37.1,10.2,7.6,8.3,14.6,21.5,13.0,25.4,36.2,54498.0,-89.9143139022835,41.7561278441727,Midwest
IL,Will,17197,9.1,32.0,9.7,5.3,5.6,11.6,18.9,10.7,24.0,38.0,700728.0,-87.9785576453235,41.4450082302229,Midwest
IL,Williamson,17199,7.5,37.2,10.5,7.2,8.2,14.7,22.9,12.4,24.3,40.1,66706.0,-88.9299128376957,37.730295038346,Midwest
IL,Winnebago,17201,10.7,38.2,10.6,7.3,8.3,15.5,22.5,13.9,27.0,42.0,280922.0,-89.1608960279273,42.3363195500472,Midwest
IL,Woodford,17203,6.1,34.7,10.1,6.4,6.8,12.4,22.0,10.6,20.6,37.3,38285.0,-89.2113386473619,40.7882446452346,Midwest
IN,Adams,18001,10.1,39.2,11.7,8.1,10.4,19.4,27.0,14.1,28.2,41.7,36288.0,-84.9366248684735,40.7455253718017,Midwest
IN,Allen,18003,8.9,36.7,11.2,6.4,7.6,14.4,26.1,12.9,22.9,39.4,394545.0,-85.0665615439245,41.0909025820574,Midwest
IN,Bartholomew,18005,8.4,37.1,10.6,6.6,7.6,14.8,24.9,12.4,24.0,38.9,84003.0,-85.8974189966702,39.205842711807,Midwest
IN,Benton,18007,9.7,39.8,11.5,8.0,10.0,18.8,26.5,14.2,28.1,42.4,8729.0,-87.3107747843354,40.6063412111328,Midwest
IN,Blackford,18009,9.5,43.9,11.7,9.6,12.1,20.8,26.5,16.4,30.9,44.3,11893.0,-85.3248549068487,40.4736156523133,Midwest
IN,Boone,18011,5.9,33.4,10.4,5.4,5.9,11.6,21.5,10.5,18.9,32.9,76120.0,-86.4687008265173,40.0508624589323,Midwest
IN,Brown,18013,6.8,43.0,10.9,8.5,9.5,15.9,24.1,14.7,25.3,36.1,15653.0,-86.2276164308305,39.1964287361074,Midwest
IN,Carroll,18015,8.7,40.6,11.1,8.0,9.5,17.5,25.0,13.9,27.4,41.6,20525.0,-86.5631490017914,40.5827244455324,Midwest
IN,Cass,18017,12.3,41.0,11.1,8.1,10.0,18.5,24.8,15.3,31.2,47.4,37666.0,-86.3459852530457,40.7615633416599,Midwest
IN,Clark,18019,8.3,39.8,11.3,6.7,8.1,16.4,25.9,12.5,24.8,43.9,125467.0,-85.7070564153001,38.4778377949688,Midwest
IN,Clay,18021,8.1,41.5,11.4,7.8,9.6,18.0,26.5,14.2,27.6,43.3,26460.0,-87.1156970341882,39.3927502534324,Midwest
IN,Clinton,18023,11.6,38.2,11.0,7.2,8.9,17.5,24.6,13.4,28.1,40.2,32730.0,-86.4752323334524,40.3017954369389,Midwest
IN,Crawford,18025,10.3,45.6,11.9,10.4,13.8,23.5,27.1,17.8,33.2,43.6,10438.0,-86.4517048200558,38.2922407682641,Midwest
IN,Daviess,18027,10.8,38.8,11.7,7.8,10.2,19.7,27.2,13.8,30.3,41.4,33656.0,-87.0729178813756,38.7024579918795,Midwest
IN,DeKalb,18033,8.1,38.2,11.2,7.1,8.6,16.8,26.5,12.8,25.7,43.7,44198.0,-84.9990943080308,41.3976231539291,Midwest
IN,Dearborn,18029,7.1,38.4,10.9,7.2,8.3,16.3,25.1,12.4,24.0,35.8,51215.0,-84.9732604057513,39.1452474357502,Midwest
IN,Decatur,18031,7.9,37.9,11.1,7.1,8.5,16.4,26.0,12.4,26.5,37.6,26399.0,-85.5010738114489,39.3070538681262,Midwest
IN,Delaware,18035,8.3,36.2,12.0,7.2,9.1,16.8,29.3,13.5,25.3,36.6,112321.0,-85.3968769812267,40.2275345893972,Midwest
IN,Dubois,18037,8.8,38.0,10.9,7.4,8.5,15.4,23.4,13.2,25.0,40.0,43546.0,-86.87967418654,38.3641061248825,Midwest
IN,Elkhart,18039,12.6,38.3,11.3,7.1,8.8,17.0,25.2,13.6,26.5,43.8,206409.0,-85.8587533733708,41.5974196705107,Midwest
IN,Fayette,18041,9.4,42.6,11.8,8.9,11.4,20.2,27.1,15.4,29.6,44.9,23362.0,-85.178588681036,39.6399780653961,Midwest
IN,Floyd,18043,7.3,38.8,11.3,6.7,7.8,14.9,25.2,12.5,24.9,37.6,80809.0,-85.9067422157132,38.3191788839155,Midwest
IN,Fountain,18045,8.6,40.7,11.5,8.2,10.0,18.5,26.0,14.1,28.2,42.6,16731.0,-87.2416709976357,40.1211593944806,Midwest
IN,Franklin,18047,7.5,40.4,11.2,7.6,9.1,16.8,25.3,13.7,26.0,40.8,23096.0,-85.0602581204889,39.4147489315124,Midwest
IN,Fulton,18049,9.4,41.2,11.4,8.5,10.2,18.6,25.5,14.6,28.7,41.7,20358.0,-86.2635207365853,41.0469832521579,Midwest
IN,Gibson,18051,8.0,38.4,11.2,7.5,9.0,17.6,26.5,13.0,25.8,39.4,32904.0,-87.58529744602,38.3115891747454,Midwest
IN,Grant,18053,9.1,41.0,11.7,8.1,10.1,17.8,27.7,15.2,29.1,41.1,66200.0,-85.6547339794177,40.5158942573757,Midwest
IN,Greene,18055,8.7,41.5,11.5,8.5,10.5,19.4,26.3,14.7,28.4,40.7,31196.0,-86.9620535060412,39.0363946257394,Midwest
IN,Hamilton,18057,5.2,32.0,10.2,4.9,4.7,9.5,22.5,9.6,16.1,32.5,371645.0,-86.0519949848072,40.0724731399412,Midwest
IN,Hancock,18059,6.7,37.4,11.0,6.1,6.7,13.6,24.4,11.3,20.7,39.9,86166.0,-85.7732724399987,39.8234613757197,Midwest
IN,Harrison,18061,7.4,39.2,11.2,7.3,8.7,16.2,24.8,12.8,24.6,42.7,40006.0,-86.1116122931218,38.1954032875338,Midwest
IN,Hendricks,18063,6.9,35.2,10.7,5.6,6.1,12.8,21.3,11.1,19.8,36.4,186387.0,-86.5099930674506,39.7695155217637,Midwest
IN,Henry,18065,8.5,40.8,11.4,7.9,9.6,18.0,26.8,13.5,29.1,43.7,48929.0,-85.3964926671803,39.9310913829344,Midwest
IN,Howard,18067,8.4,40.1,11.6,7.7,9.4,17.9,25.3,14.4,27.8,36.5,83831.0,-86.1168990827682,40.4836015178062,Midwest
IN,Huntington,18069,7.9,40.7,11.2,7.3,8.8,16.6,25.8,13.3,25.2,39.9,36781.0,-85.4881271128976,40.829052243995,Midwest
IN,Jackson,18071,10.1,37.8,10.8,7.3,8.8,17.3,25.5,13.6,26.9,39.6,46460.0,-86.0375748165794,38.906408168232,Midwest
IN,Jasper,18073,8.4,38.6,10.9,7.2,8.4,15.8,24.8,12.7,25.3,40.2,33535.0,-87.1160051742917,41.0230925834005,Midwest
IN,Jay,18075,10.0,42.0,11.6,8.6,11.0,20.2,26.5,15.0,30.6,43.6,20032.0,-85.0057727309693,40.4379561738952,Midwest
IN,Jefferson,18077,8.4,39.2,11.5,7.5,9.2,17.2,26.4,13.5,25.3,36.6,33056.0,-85.4384424424472,38.785587057779,Midwest
IN,Jennings,18079,8.9,40.7,11.5,7.8,9.9,19.5,27.0,14.3,28.1,41.2,27622.0,-85.627626766198,38.9970771943506,Midwest
IN,Johnson,18081,7.1,37.8,10.9,6.0,6.9,14.1,25.3,11.9,22.5,38.8,167819.0,-86.1015201678262,39.4900191572479,Midwest
IN,Knox,18083,8.3,38.6,11.3,7.6,9.3,17.5,25.7,13.2,25.4,36.8,36070.0,-87.4186758135076,38.6897913410139,Midwest
IN,Kosciusko,18085,9.2,39.8,11.0,7.2,8.5,16.6,25.2,13.0,27.2,38.7,80364.0,-85.8607456885205,41.2441073982605,Midwest
IN,LaGrange,18087,12.0,36.1,11.9,7.2,9.8,19.6,27.2,12.4,29.1,39.6,40907.0,-85.4265637705832,41.6425933289659,Midwest
IN,LaPorte,18091,9.5,41.7,11.0,7.7,9.2,17.6,24.5,15.0,28.1,37.0,111706.0,-86.7401420264398,41.5460206478626,Midwest
IN,Lake,18089,10.7,39.0,11.5,7.1,8.4,17.0,20.3,15.1,27.9,39.9,500598.0,-87.3820486032242,41.4171965042664,Midwest
IN,Lawrence,18093,8.0,40.1,11.4,7.9,9.5,16.9,24.8,13.9,26.8,42.0,45084.0,-86.4831953393558,38.8410413548548,Midwest
IN,Madison,18095,9.0,40.6,11.5,7.5,9.2,18.5,26.8,14.0,29.1,36.4,132504.0,-85.7193168581081,40.1617332769841,Midwest
IN,Marion,18097,10.7,38.2,11.8,5.9,7.3,15.0,25.5,13.0,24.3,38.3,968460.0,-86.1384364601328,39.7816993858149,Midwest
IN,Marshall,18099,10.3,40.1,11.1,7.9,9.4,17.4,25.8,14.0,28.8,43.2,46352.0,-86.2617259290156,41.3247781239262,Midwest
IN,Martin,18101,8.5,41.5,11.5,8.6,10.3,18.7,25.7,14.6,27.5,39.1,9897.0,-86.8031709408232,38.7077721857342,Midwest
IN,Miami,18103,9.8,40.1,11.2,8.1,9.9,19.2,26.1,14.6,28.4,44.3,35402.0,-86.045101263622,40.7694967091827,Midwest
IN,Monroe,18105,7.0,29.7,11.0,5.4,6.4,12.2,27.1,9.9,20.6,32.5,139342.0,-86.523228001631,39.1608320398439,Midwest
IN,Montgomery,18107,9.1,39.7,11.1,7.8,9.6,17.5,26.0,13.5,28.5,39.2,38573.0,-86.8933418094608,40.0403856714469,Midwest
IN,Morgan,18109,7.6,38.9,11.1,7.2,8.7,16.3,25.4,13.4,24.4,37.8,73227.0,-86.4459386323054,39.4815379764524,Midwest
IN,Newton,18111,9.9,40.7,11.2,8.3,10.0,18.3,24.8,14.4,28.3,43.5,13960.0,-87.3976361121008,40.9560211312151,Midwest
IN,Noble,18113,10.5,37.3,11.2,7.2,8.9,17.0,24.5,13.2,26.9,39.6,47430.0,-85.4175453196001,41.3985984916063,Midwest
IN,Ohio,18115,7.3,41.7,11.1,8.4,9.6,16.6,25.0,14.3,26.2,39.5,6004.0,-84.9654176397488,38.9500282087554,Midwest
IN,Orange,18117,8.9,41.8,11.5,8.5,10.5,19.1,26.9,14.7,28.8,39.7,19638.0,-86.4951451585754,38.5416818190055,Midwest
IN,Owen,18119,8.4,41.3,11.5,8.4,10.3,18.5,26.5,14.5,27.5,41.7,21532.0,-86.8374277565603,39.3128490832372,Midwest
IN,Parke,18121,9.7,42.4,12.2,9.1,11.8,20.7,27.2,15.4,31.0,42.3,16484.0,-87.2066045625594,39.7736299143198,Midwest
IN,Perry,18123,8.5,40.4,11.0,7.7,9.2,18.3,25.2,13.4,25.8,37.6,19209.0,-86.6381199530206,38.079509981274,Midwest
IN,Pike,18125,8.3,40.9,11.2,8.4,10.2,18.6,25.4,14.5,27.7,37.9,12106.0,-87.2321871082488,38.3988569399369,Midwest
IN,Porter,18127,8.3,38.5,10.9,6.6,7.4,14.5,23.6,12.5,25.5,39.9,175335.0,-87.0674513182353,41.4608374022855,Midwest
IN,Posey,18129,6.8,39.7,10.9,7.4,8.5,15.3,24.8,12.9,23.0,40.4,25040.0,-87.8686531082596,38.0219288739824,Midwest
IN,Pulaski,18131,8.9,41.7,11.2,8.6,10.2,18.3,25.5,14.5,28.6,38.7,12385.0,-86.6987353945278,41.0417882461635,Midwest
IN,Putnam,18133,8.0,36.5,11.3,6.9,8.3,16.4,25.9,12.4,24.7,38.4,37567.0,-86.8449281371974,39.6662001889294,Midwest
IN,Randolph,18135,9.2,41.0,11.3,8.5,10.3,18.7,25.8,14.4,29.0,38.7,24216.0,-85.0113636481771,40.1576285167494,Midwest
IN,Ripley,18137,7.7,38.2,11.2,7.3,8.7,16.9,24.9,12.5,25.0,36.2,29227.0,-85.2622648746429,39.1035416058739,Midwest
IN,Rush,18139,8.4,40.1,11.6,8.2,10.1,18.6,26.6,14.3,27.7,39.1,16847.0,-85.4657626743102,39.6200897065716,Midwest
IN,Scott,18143,9.4,40.6,11.7,7.8,10.4,20.0,27.3,14.1,29.9,42.3,24657.0,-85.7470610792329,38.6857746467527,Midwest
IN,Shelby,18145,8.5,40.3,11.2,7.6,9.2,17.9,26.9,13.9,26.2,41.2,45231.0,-85.791648699326,39.523473809861,Midwest
IN,Spencer,18147,7.3,40.9,10.9,7.6,8.6,16.0,25.8,13.4,24.0,39.9,19910.0,-87.0078072940662,38.014215806549,Midwest
IN,St. Joseph,18141,9.0,37.2,11.1,6.5,7.8,14.9,27.2,12.9,26.5,35.3,272848.0,-86.2899346956447,41.6166137389104,Midwest
IN,Starke,18149,9.6,41.2,11.4,8.6,10.9,19.9,26.4,15.0,29.3,42.4,23206.0,-86.6477599855735,41.2809061260175,Midwest
IN,Steuben,18151,7.8,39.2,11.1,7.8,8.8,15.4,25.4,13.5,24.7,34.8,34917.0,-85.0008949323746,41.6439136976393,Midwest
IN,Sullivan,18153,9.5,41.1,11.3,8.1,10.3,19.9,25.3,14.1,28.4,43.6,20757.0,-87.4139985670225,39.0890540078366,Midwest
IN,Switzerland,18155,9.5,42.8,11.5,8.7,10.9,20.4,26.8,14.9,29.8,40.4,10019.0,-85.0369356650096,38.8262289144782,Midwest
IN,Tippecanoe,18157,8.6,29.4,10.7,5.3,6.4,13.0,24.3,10.0,20.9,27.9,188792.0,-86.8940552546538,40.3886239103306,Midwest
IN,Tipton,18159,7.4,39.7,11.0,7.8,8.9,15.7,25.0,13.5,24.7,36.5,15256.0,-86.0518728213484,40.311346847119,Midwest
IN,Union,18161,7.1,39.2,11.2,7.5,8.6,15.9,25.4,13.0,24.2,37.6,6973.0,-84.9248945899903,39.6253310156947,Midwest
IN,Vanderburgh,18163,8.2,38.4,11.5,7.3,8.6,16.2,27.1,12.8,26.2,38.2,179810.0,-87.5857564542311,38.0253644973075,Midwest
IN,Vermillion,18165,8.1,40.9,11.5,8.2,10.1,18.6,26.3,14.3,27.6,40.6,15417.0,-87.4640232421522,39.8540417175235,Midwest
IN,Vigo,18167,8.9,37.5,11.6,7.4,9.5,17.6,26.5,13.7,25.7,41.0,106153.0,-87.3896586546696,39.4308217583187,Midwest
IN,Wabash,18169,8.0,40.0,11.3,8.1,9.7,16.8,24.6,13.8,26.7,38.1,30670.0,-85.7939718654264,40.8457345000907,Midwest
IN,Warren,18171,7.9,40.5,11.2,8.2,9.6,17.4,25.6,14.1,26.7,41.6,8518.0,-87.3534829538668,40.346975973543,Midwest
IN,Warrick,18173,6.1,35.3,10.7,6.3,6.8,13.0,24.8,11.6,21.2,34.0,65867.0,-87.272022712185,38.0922447608573,Midwest
IN,Washington,18175,9.0,42.3,11.7,8.3,10.6,19.8,27.4,14.7,28.6,41.5,28205.0,-86.1051677230078,38.5998424246535,Midwest
IN,Wayne,18177,9.0,40.9,11.8,8.3,10.3,19.1,27.1,14.7,28.7,37.9,66127.0,-85.0099470794164,39.8643259685154,Midwest
IN,Wells,18179,8.0,39.2,11.0,7.2,8.5,16.4,25.7,12.7,25.6,41.9,28555.0,-85.2212459735228,40.7291871132406,Midwest
IN,White,18181,9.4,40.3,11.0,8.1,9.5,16.4,25.3,14.6,27.9,44.6,24917.0,-86.8651715868803,40.7497485532469,Midwest
IN,Whitley,18183,7.6,38.1,11.0,7.3,8.5,15.8,24.6,12.6,24.0,39.7,34742.0,-85.5049954942885,41.1392446489357,Midwest
KS,Allen,20001,9.1,36.5,10.3,7.8,8.5,16.5,22.6,12.5,29.3,37.4,12412.0,-95.3017112327545,37.8857027458086,Midwest
KS,Anderson,20003,9.7,39.2,10.3,8.4,9.3,18.1,21.5,13.1,29.9,40.1,7838.0,-95.2933688726568,38.2141931918467,Midwest
KS,Atchison,20005,8.8,34.8,10.4,6.9,7.6,15.3,21.7,11.2,27.7,37.0,16016.0,-95.3139519927859,39.5314729069169,Midwest
KS,Barber,20007,8.6,40.9,10.1,8.9,9.4,16.4,20.6,13.8,29.5,38.6,4071.0,-98.6848141558495,37.2289283040021,Midwest
KS,Barton,20009,11.7,38.3,10.1,8.2,9.0,16.3,20.4,13.4,30.2,38.8,24899.0,-98.7563274715367,38.478924410301,Midwest
KS,Bourbon,20011,9.0,38.2,10.4,7.9,8.9,16.9,21.7,12.7,30.9,36.7,14408.0,-94.8497424122093,37.8551496676803,Midwest
KS,Brown,20013,9.0,40.4,10.5,8.4,9.0,17.7,21.0,13.5,29.3,39.6,9250.0,-95.5642512077165,39.8264977086838,Midwest
KS,Butler,20015,8.3,34.5,10.2,6.2,6.6,14.4,21.2,10.7,23.2,39.0,68632.0,-96.8390701129954,37.7811727404014,Midwest
KS,Chase,20017,10.7,40.0,10.0,8.9,9.3,16.4,20.3,13.9,29.8,38.2,2579.0,-96.5940239039533,38.302043810592,Midwest
KS,Chautauqua,20019,10.7,42.6,10.6,10.1,10.9,19.1,21.1,15.2,33.3,40.4,3347.0,-96.2453754320248,37.1499822099907,Midwest
KS,Cherokee,20021,9.5,38.8,10.8,8.5,9.7,18.9,22.5,13.4,30.6,43.8,19054.0,-94.8462023880387,37.1693093631989,Midwest
KS,Cheyenne,20023,11.4,41.5,10.1,9.8,10.3,17.7,20.9,14.8,33.5,38.0,2636.0,-101.731862459351,39.7858054662886,Midwest
KS,Clark,20025,9.8,37.8,9.9,7.7,7.6,13.9,19.8,12.1,27.0,36.8,1847.0,-99.8196192691957,37.2354754028938,Midwest
KS,Clay,20027,8.7,39.9,10.1,8.4,8.8,16.5,21.5,12.8,28.2,39.6,8007.0,-97.1651632882433,39.349486209268,Midwest
KS,Cloud,20029,8.6,38.6,10.2,7.7,8.4,15.9,21.9,12.3,29.0,41.4,8854.0,-97.6491868302205,39.4802813599437,Midwest
KS,Coffey,20031,8.7,38.5,10.2,8.1,8.5,16.2,20.8,12.7,27.6,36.9,8251.0,-95.734075635778,38.2367806739877,Midwest
KS,Comanche,20033,8.9,40.2,10.1,8.6,8.7,15.1,20.8,13.3,29.1,39.2,1655.0,-99.2713364764272,37.1911879051911,Midwest
KS,Cowley,20035,10.7,37.6,10.2,7.4,8.0,15.7,21.5,12.8,28.4,40.9,34157.0,-96.8377428241915,37.2377203761023,Midwest
KS,Crawford,20037,9.7,35.1,10.5,6.9,7.9,16.4,22.6,11.2,27.5,36.8,38764.0,-94.8517833125424,37.5072682724121,Midwest
KS,Decatur,20039,8.1,40.2,9.8,8.9,8.5,14.1,19.4,13.4,27.7,36.6,2712.0,-100.4593927499,39.7846903901936,Midwest
KS,Dickinson,20041,8.6,37.1,10.1,7.5,7.8,15.0,20.7,11.9,28.3,39.5,18445.0,-97.1528563755695,38.8662720239337,Midwest
KS,Doniphan,20043,8.3,35.9,10.2,7.1,7.5,15.3,21.3,11.5,26.9,37.5,7493.0,-95.1467594364195,39.7879740207574,Midwest
KS,Douglas,20045,7.5,26.6,10.1,4.8,5.3,11.6,24.5,8.4,18.8,30.5,120553.0,-95.2923657307524,38.8846878796519,Midwest
KS,Edwards,20047,13.4,39.9,10.0,8.6,8.8,16.7,19.8,14.3,32.2,39.9,2733.0,-99.3119785939095,37.8877100264783,Midwest
KS,Elk,20049,9.5,43.7,10.4,10.3,11.1,18.4,21.1,15.8,35.1,40.5,2467.0,-96.243708914227,37.4533832396967,Midwest
KS,Ellis,20051,8.6,31.7,9.9,6.1,6.6,13.1,20.7,9.8,23.6,36.5,28810.0,-99.317514905956,38.9146675466753,Midwest
KS,Ellsworth,20053,9.5,37.9,9.4,7.5,7.4,14.7,18.5,11.7,27.6,39.1,6357.0,-98.2046890800915,38.6968067575173,Midwest
KS,Finney,20055,21.1,32.9,9.7,6.2,6.5,15.3,18.2,13.1,33.0,37.3,37466.0,-100.737646065991,38.0440536110276,Midwest
KS,Ford,20057,21.9,33.2,9.3,6.4,6.6,15.5,17.9,13.1,34.0,39.1,33980.0,-99.8881356266966,37.6918220146575,Midwest
KS,Franklin,20059,8.8,36.2,10.4,7.0,7.7,16.1,21.3,11.5,27.3,40.3,26125.0,-95.2859733704337,38.5644034171056,Midwest
KS,Geary,20061,13.1,29.5,10.3,4.9,5.9,16.4,21.8,9.3,29.7,34.5,35047.0,-96.7526296992155,39.002145809178,Midwest
KS,Gove,20063,8.4,38.0,9.9,8.0,8.1,15.2,19.7,12.3,28.3,37.4,2735.0,-100.482943577373,38.9158732062786,Midwest
KS,Graham,20065,8.4,42.4,10.1,9.5,9.4,15.3,19.6,14.3,29.9,36.7,2376.0,-99.8835288877432,39.3498825769041,Midwest
KS,Grant,20067,17.4,31.5,9.0,5.9,5.5,12.6,17.3,11.8,29.3,35.4,7147.0,-101.30797577292,37.5622733577485,Midwest
KS,Gray,20069,12.9,33.7,10.2,7.0,7.6,15.6,21.0,11.2,29.2,39.5,5743.0,-100.437963131755,37.7385173809525,Midwest
KS,Greeley,20071,10.0,35.7,9.6,7.1,6.9,13.4,19.5,11.7,26.5,36.8,1181.0,-101.806029395666,38.4807817939021,Midwest
KS,Greenwood,20073,9.0,42.0,10.3,9.4,9.9,17.4,21.0,14.4,29.9,40.7,5870.0,-96.2327016576349,37.8774183333245,Midwest
KS,Hamilton,20075,17.0,33.7,9.3,6.4,6.5,14.5,18.6,11.8,30.1,40.2,2437.0,-101.79157686823,37.9991796979017,Midwest
KS,Harper,20077,11.4,40.6,10.4,9.3,10.6,19.2,21.7,14.8,33.1,41.9,5435.0,-98.0755750479481,37.1916643247939,Midwest
KS,Harvey,20079,9.8,35.0,10.0,7.2,7.2,13.8,20.3,12.2,28.2,36.5,33504.0,-97.4272616589025,38.0431104082728,Midwest
KS,Haskell,20081,16.4,34.9,9.9,7.4,7.9,16.2,20.0,13.2,32.9,41.8,3630.0,-100.871073802866,37.5620393895921,Midwest
KS,Hodgeman,20083,8.1,36.8,9.5,7.2,6.9,13.3,19.0,11.5,25.2,36.5,1655.0,-99.8982155444157,38.087845788985,Midwest
KS,Jackson,20085,8.8,36.5,10.3,7.6,7.9,15.8,20.8,12.3,27.2,37.8,13368.0,-95.7936987430142,39.4167647961796,Midwest
KS,Jefferson,20087,7.5,35.6,9.9,7.1,7.3,14.6,20.7,11.3,25.3,34.7,18327.0,-95.3833179151463,39.2355119930343,Midwest
KS,Jewell,20089,9.2,44.5,10.1,10.8,11.0,17.3,20.5,15.8,32.6,39.1,2847.0,-98.2182221957202,39.7847143160624,Midwest
KS,Johnson,20091,6.6,32.0,9.3,5.0,4.6,9.7,18.4,9.4,19.3,31.2,622237.0,-94.8224767307195,38.8837274899277,Midwest
KS,Kearny,20093,16.5,34.4,9.7,7.1,7.3,15.7,19.0,12.9,32.2,37.6,3823.0,-101.320392299611,38.0002497291465,Midwest
KS,Kingman,20095,8.8,37.3,10.2,7.4,8.2,16.4,21.3,12.0,27.9,39.8,7066.0,-98.1363740803927,37.5589239415057,Midwest
KS,Kiowa,20097,8.6,37.2,9.9,7.7,7.7,13.9,20.6,11.8,26.5,39.0,2374.0,-99.2857649156588,37.5584165056584,Midwest
KS,Labette,20099,10.2,40.4,10.7,8.4,9.4,17.9,20.9,13.4,32.2,41.3,19728.0,-95.2976507359037,37.191347992578,Midwest
KS,Lane,20101,9.3,39.1,10.1,8.3,8.3,14.4,20.4,13.1,28.4,36.6,1529.0,-100.46607537017,38.4811944728281,Midwest
KS,Leavenworth,20103,8.5,32.9,10.0,6.0,6.0,13.6,20.9,10.8,23.2,39.8,83518.0,-95.0382345190297,39.1999862996613,Midwest
KS,Lincoln,20105,8.5,42.0,10.1,9.4,9.6,16.2,20.6,14.2,30.0,40.2,2920.0,-98.2074536135006,39.0454762196391,Midwest
KS,Linn,20107,8.2,37.4,10.2,8.0,8.4,16.1,20.2,12.5,27.8,37.2,9860.0,-94.8430719270276,38.2123289223855,Midwest
KS,Logan,20109,9.7,37.2,10.1,7.9,8.4,15.9,21.2,12.5,29.3,39.8,2665.0,-101.148475037654,38.9173580577205,Midwest
KS,Lyon,20111,13.1,34.0,10.0,6.6,7.2,14.8,21.5,11.5,29.2,37.8,32172.0,-96.1526455965195,38.4558714343787,Midwest
KS,Marion,20115,8.4,37.7,10.0,8.0,8.2,15.0,20.8,12.2,27.9,38.7,11690.0,-97.0970463098724,38.3590216150399,Midwest
KS,Marshall,20117,9.0,38.9,10.2,8.6,9.1,17.3,21.2,13.0,29.1,37.4,9933.0,-96.5228530334659,39.7835675484083,Midwest
KS,McPherson,20113,7.9,35.0,9.9,6.7,6.8,13.6,21.1,10.5,26.5,37.0,30091.0,-97.6478291852598,38.3916615433825,Midwest
KS,Meade,20119,12.8,36.4,10.0,7.6,8.0,15.8,20.3,12.5,30.6,36.8,3911.0,-100.365566748715,37.2382604022196,Midwest
KS,Miami,20121,7.7,33.5,9.8,6.5,6.7,13.8,20.9,10.8,23.9,35.0,35320.0,-94.8381736354234,38.5636783083396,Midwest
KS,Mitchell,20123,8.4,38.7,10.1,8.2,8.4,15.6,20.8,12.8,28.4,39.0,5719.0,-98.208999617985,39.3932591374957,Midwest
KS,Montgomery,20125,10.5,40.0,10.7,8.4,9.4,17.9,21.6,13.8,29.4,38.9,30568.0,-95.7429614607278,37.1924773621516,Midwest
KS,Morris,20127,8.5,40.8,9.9,8.8,8.9,15.2,19.7,13.5,30.0,36.7,5334.0,-96.6500910404182,38.6874412816542,Midwest
KS,Morton,20129,14.1,38.2,10.0,8.3,8.8,16.6,19.7,14.0,32.7,37.9,2580.0,-101.799236689048,37.1914039248222,Midwest
KS,Nemaha,20131,8.0,36.9,9.9,7.5,7.6,14.7,20.6,11.4,26.2,38.7,10114.0,-96.0140421153943,39.7834139462857,Midwest
KS,Neosho,20133,9.4,38.3,10.3,8.1,8.9,16.6,20.7,13.1,28.6,39.5,15420.0,-95.3069948134966,37.5584277161945,Midwest
KS,Ness,20135,10.4,39.1,9.8,8.5,8.7,15.1,19.9,13.2,29.7,35.2,2618.0,-99.9154733266333,38.4797415683881,Midwest
KS,Norton,20137,10.7,37.8,9.8,8.0,8.6,17.4,20.5,12.7,30.1,42.7,5330.0,-99.9028494592187,39.7844810595208,Midwest
KS,Osage,20139,8.6,39.0,10.1,7.8,8.4,16.4,21.1,12.5,28.2,41.8,15824.0,-95.7269460284304,38.6523024213965,Midwest
KS,Osborne,20141,8.3,40.7,10.0,9.4,9.3,15.7,20.1,14.0,29.9,38.8,3427.0,-98.7679100039503,39.3503117317452,Midwest
KS,Ottawa,20143,8.0,37.6,10.0,7.8,8.2,15.6,20.7,12.2,27.0,38.3,5818.0,-97.6502058708467,39.1324546007811,Midwest
KS,Pawnee,20145,10.5,38.7,9.8,8.0,8.1,16.5,19.3,12.7,29.0,38.2,6126.0,-99.2368292701345,38.1811561054533,Midwest
KS,Phillips,20147,8.9,39.8,10.1,8.9,9.3,16.2,20.6,13.6,29.9,40.5,4761.0,-99.3467011682148,39.7845978792533,Midwest
KS,Pottawatomie,20149,7.7,33.2,9.7,5.9,6.1,13.6,19.9,9.7,23.8,35.8,26382.0,-96.3425297074575,39.378849403529,Midwest
KS,Pratt,20151,9.4,35.9,9.9,7.6,7.7,14.8,20.7,12.1,28.5,36.5,9082.0,-98.7391598966299,37.6478610031507,Midwest
KS,Rawlins,20153,9.4,41.7,10.1,9.9,9.9,16.8,20.5,14.7,30.9,41.9,2463.0,-101.076180025598,39.7852449359298,Midwest
KS,Reno,20155,10.2,35.4,10.2,7.9,8.3,16.9,22.1,13.2,29.9,44.0,61497.0,-98.086052460433,37.9529762618218,Midwest
KS,Republic,20157,8.5,41.9,10.1,9.6,9.9,16.3,20.3,14.3,30.6,41.2,4627.0,-97.6502970602076,39.8278397982545,Midwest
KS,Rice,20159,10.0,36.0,9.9,7.1,7.4,14.5,20.3,11.9,28.5,39.5,9260.0,-98.2007483911604,38.3471865068447,Midwest
KS,Riley,20161,9.3,23.2,10.1,4.3,4.9,11.8,23.2,7.2,21.9,26.4,71402.0,-96.735150227287,39.2963177217444,Midwest
KS,Rooks,20163,8.6,38.1,10.0,7.8,8.2,15.0,21.3,12.3,28.5,40.6,4778.0,-99.3254195838503,39.3502508545605,Midwest
KS,Rush,20165,9.0,41.2,10.1,9.1,9.4,16.3,20.7,13.9,30.7,38.7,2830.0,-99.3086414479123,38.5227922552701,Midwest
KS,Russell,20167,9.6,41.3,10.5,9.2,9.8,17.1,20.7,13.9,31.0,41.5,6723.0,-98.762476916684,38.9146512455974,Midwest
KS,Saline,20169,10.1,35.5,9.9,7.3,7.6,15.1,20.7,12.1,28.8,41.1,53098.0,-97.6497286926184,38.7838683531129,Midwest
KS,Scott,20171,11.1,35.0,9.5,7.1,6.9,13.3,19.1,11.4,26.4,38.1,4922.0,-100.906661843738,38.4822077828267,Midwest
KS,Sedgwick,20173,11.4,34.7,10.0,6.5,7.1,15.1,22.6,12.0,26.3,38.6,528469.0,-97.4610088651267,37.6847025722059,Midwest
KS,Seward,20175,24.8,31.5,9.2,6.0,6.0,15.0,17.8,13.4,37.5,42.7,21067.0,-100.850630864337,37.1933271863834,Midwest
KS,Shawnee,20177,9.6,39.0,10.5,7.1,7.4,15.2,23.0,12.5,25.7,38.3,177746.0,-95.7561876629467,39.0415011252388,Midwest
KS,Sheridan,20179,7.8,37.0,9.8,7.8,7.5,13.7,20.0,11.8,26.3,34.0,2423.0,-100.441825865543,39.3501816058201,Midwest
KS,Sherman,20181,10.3,37.4,9.9,7.7,7.8,15.1,20.2,12.3,30.2,38.2,5844.0,-101.719768412866,39.3514737729657,Midwest
KS,Smith,20183,7.8,40.8,9.8,9.0,8.7,14.7,19.2,13.3,29.6,39.0,3590.0,-98.7856726108241,39.7851738755632,Midwest
KS,Stafford,20185,10.3,38.3,10.1,8.1,8.4,15.3,20.4,13.1,29.4,41.0,3909.0,-98.7176238337755,38.0310391307488,Midwest
KS,Stanton,20187,19.2,36.6,9.7,8.1,8.3,16.3,19.1,14.7,35.4,39.5,1901.0,-101.784271567578,37.5630485558189,Midwest
KS,Stevens,20189,19.0,37.8,10.1,8.4,9.1,18.1,19.9,14.9,36.7,41.3,5077.0,-101.311955090747,37.1922947403018,Midwest
KS,Sumner,20191,8.9,37.5,10.1,7.7,8.3,16.8,21.3,12.4,27.4,39.9,22334.0,-97.4769068758362,37.2371328924638,Midwest
KS,Thomas,20193,8.3,33.0,9.9,6.4,6.5,12.7,20.9,10.2,24.9,35.0,7865.0,-101.055370482002,39.3510757479227,Midwest
KS,Trego,20195,7.2,39.2,9.7,8.0,7.8,13.9,19.5,12.3,26.7,40.5,2731.0,-99.8728444769311,38.9146721805298,Midwest
KS,Wabaunsee,20197,7.9,36.2,9.9,7.3,7.3,14.2,20.1,11.5,25.6,35.1,7057.0,-96.2047841037931,38.9532749954216,Midwest
KS,Wallace,20199,9.7,39.9,10.0,8.9,9.0,15.5,20.4,13.7,29.9,36.6,1509.0,-101.76373465007,38.9169062823761,Midwest
KS,Washington,20201,8.3,37.3,9.7,7.9,8.0,14.9,19.6,11.9,28.4,34.0,5504.0,-97.087472668315,39.7841812438659,Midwest
KS,Wichita,20203,14.6,39.2,9.5,8.8,8.6,16.0,19.0,14.5,33.9,41.7,2082.0,-101.347150948459,38.4817825227768,Midwest
KS,Wilson,20205,9.5,40.3,10.4,8.8,9.6,17.7,21.3,13.8,30.1,39.8,8382.0,-95.7433443604904,37.5593237323067,Midwest
KS,Woodson,20207,8.6,40.8,10.2,8.9,9.4,16.6,20.7,13.6,29.2,39.6,3115.0,-95.7401904470548,37.8866480321183,Midwest
KS,Wyandotte,20209,17.3,37.0,10.1,6.7,7.4,17.6,17.7,14.5,34.7,40.7,165281.0,-94.7650051303517,39.1147931194662,Midwest
LA,Acadia,22001,10.4,44.6,10.8,8.7,11.2,21.9,30.6,16.5,36.1,41.8,56489.0,-92.4117177610375,30.2903815579657,South
LA,Allen,22003,11.7,44.0,10.1,8.0,9.7,21.7,27.4,15.3,34.9,44.2,22112.0,-92.8282364115945,30.6527548508191,South
LA,Ascension,22005,7.9,38.9,9.7,5.9,6.6,15.4,26.9,12.2,26.1,35.5,131632.0,-90.9107437898209,30.2037735044567,South
LA,Assumption,22007,10.0,45.3,10.6,8.9,10.5,20.5,27.1,16.7,35.2,38.4,20160.0,-91.0607012299689,29.9024260471605,South
LA,Avoyelles,22009,11.4,48.2,11.1,9.6,12.0,23.2,28.0,17.7,37.9,43.0,38408.0,-92.0013175200178,31.076280991529,South
LA,Beauregard,22011,8.6,39.7,10.3,7.5,8.9,18.5,28.9,13.4,29.7,40.7,36827.0,-93.3432980720676,30.6485062033993,South
LA,Bienville,22013,10.8,52.5,11.2,11.1,13.4,23.8,26.9,22.1,42.4,47.5,12366.0,-93.0560190684413,32.3471705711306,South
LA,Bossier,22015,8.1,39.3,10.1,6.7,7.6,16.1,26.8,13.2,29.9,40.9,129795.0,-93.6050039647376,32.6782932763096,South
LA,Caddo,22017,8.9,47.1,10.8,8.4,9.4,18.2,26.6,17.2,33.2,42.2,226386.0,-93.8827723839354,32.5804242505209,South
LA,Calcasieu,22019,8.3,42.2,10.2,7.2,8.1,17.1,27.5,14.2,32.9,43.0,203761.0,-93.3580834138664,30.2293955224679,South
LA,Caldwell,22021,10.7,45.2,10.5,9.4,11.7,23.0,29.2,16.7,35.7,38.6,9389.0,-92.1165202353194,32.0924614365506,South
LA,Cameron,22023,7.6,41.3,9.8,8.0,8.8,17.0,28.1,13.3,28.1,36.4,4768.0,-93.1937743273004,29.8753419178176,South
LA,Catahoula,22025,12.0,46.5,10.6,9.3,11.6,22.7,26.9,17.7,36.9,41.8,8414.0,-91.8468368192285,31.6659805229835,South
LA,Claiborne,22027,13.2,54.3,11.0,11.6,14.2,25.7,25.1,22.8,43.6,48.5,13670.0,-92.9955991395091,32.8227827066937,South
LA,Concordia,22029,11.2,50.1,11.1,10.1,12.4,22.8,27.4,19.8,39.1,45.6,17688.0,-91.6397306853731,31.446018804467,South
LA,De Soto,22031,9.5,47.4,10.9,8.9,10.5,20.7,27.1,17.8,34.4,44.4,27114.0,-93.7377991963265,32.0550687762293,South
LA,East Baton Rouge,22033,7.6,40.3,10.3,6.3,6.8,14.0,25.9,13.9,24.6,35.3,448467.0,-91.0957544167344,30.538149093174,South
LA,East Carroll,22035,16.1,53.0,11.6,10.1,13.3,28.4,24.9,22.0,44.3,51.2,6829.0,-91.2350797653232,32.7324975675063,South
LA,East Feliciana,22037,8.8,47.7,10.1,8.1,8.6,18.3,24.5,16.1,33.7,42.2,19229.0,-91.0454117732929,30.845210865263,South
LA,Evangeline,22039,11.7,45.1,10.9,8.8,11.1,22.1,28.3,16.8,36.6,44.7,31754.0,-92.4059929946948,30.7290326885882,South
LA,Franklin,22041,10.7,48.1,11.1,9.9,12.5,22.7,28.1,18.4,37.7,42.0,19285.0,-91.6739766848067,32.1329415542491,South
LA,Grant,22043,11.0,42.0,9.8,7.5,9.0,20.1,26.9,13.7,31.3,39.9,21911.0,-92.5588666303175,31.599733330051,South
LA,Iberia,22045,10.4,44.8,10.8,8.5,10.4,20.4,27.9,17.1,35.2,42.5,67659.0,-91.7316139374781,29.8948870244133,South
LA,Iberville,22047,10.2,44.4,10.6,7.8,8.9,18.9,25.2,16.5,34.3,43.0,29617.0,-91.348393128899,30.2581019680105,South
LA,Jackson,22049,9.8,47.9,10.5,9.6,11.2,20.6,26.5,17.7,37.1,44.9,14746.0,-92.5578529805533,32.3020869498854,South
LA,Jefferson,22051,10.0,42.7,9.8,7.5,7.7,14.9,24.3,16.2,30.3,41.6,421777.0,-90.1129164801717,29.7414209774776,South
LA,Jefferson Davis,22053,9.1,42.8,10.4,8.1,9.9,19.9,28.4,14.8,33.4,42.7,31553.0,-92.8140974931932,30.2678493150808,South
LA,LaSalle,22059,11.3,38.4,9.7,7.0,8.4,18.6,27.0,13.1,30.2,38.6,14800.0,-92.1603721842507,31.677291731354,South
LA,Lafayette,22055,7.9,39.1,9.7,6.5,7.2,16.0,25.9,13.0,24.4,34.5,249750.0,-92.0633182918568,30.2067507149975,South
LA,Lafourche,22057,9.2,43.1,10.2,7.9,9.5,19.1,30.0,14.7,32.7,47.2,95056.0,-90.4179690905078,29.5570625348837,South
LA,Lincoln,22061,8.4,38.9,10.8,6.7,8.0,15.9,28.0,13.5,30.7,42.6,47962.0,-92.6647188959222,32.6016150663698,South
LA,Livingston,22063,8.3,40.1,9.9,6.6,7.8,17.1,29.6,12.7,27.3,38.9,150145.0,-90.7278404425873,30.4403728498573,South
LA,Madison,22065,13.0,53.4,12.1,10.5,13.5,25.5,26.3,22.6,43.8,49.9,9246.0,-91.2418235757553,32.3648754417942,South
LA,Morehouse,22067,10.8,52.6,11.5,10.0,12.3,23.0,26.7,20.3,38.7,44.8,23955.0,-91.8017887618727,32.8198832808812,South
LA,Natchitoches,22069,8.9,43.6,10.9,7.7,9.0,17.7,27.9,15.5,32.1,40.1,36291.0,-93.096413178682,31.7236162764412,South
LA,Orleans,22071,8.3,41.9,10.5,7.0,7.3,15.0,26.7,16.2,26.8,34.4,364136.0,-89.9282747570758,30.0686363503874,South
LA,Ouachita,22073,8.6,44.6,10.9,7.5,8.8,17.9,25.7,15.4,32.9,43.9,157568.0,-92.1548534409084,32.4781305546394,South
LA,Plaquemines,22075,9.1,40.0,9.9,6.8,7.6,16.8,26.0,13.8,29.5,38.7,22386.0,-89.6232796953723,29.4342286484266,South
LA,Pointe Coupee,22077,9.2,47.5,10.6,9.1,10.2,18.5,26.1,17.1,34.2,39.9,20000.0,-91.6005179815157,30.7090685105179,South
LA,Rapides,22079,8.7,43.8,10.6,7.9,9.2,18.7,27.3,15.6,31.4,40.7,126260.0,-92.5332951184177,31.1984779886791,South
LA,Red River,22081,11.1,49.7,11.1,9.9,12.3,23.2,26.6,19.8,39.9,43.9,7356.0,-93.3400554898866,32.0931744035427,South
LA,Richland,22083,10.2,46.7,11.0,9.0,11.0,21.4,27.4,17.7,36.0,43.1,19712.0,-91.7632185935453,32.4173915854101,South
LA,Sabine,22085,9.5,47.1,10.7,9.9,11.5,21.1,28.0,17.9,36.3,44.7,21906.0,-93.5553308778256,31.5631827342214,South
LA,St. Bernard,22087,11.1,42.0,10.6,7.4,9.1,20.2,27.9,15.3,33.6,42.8,44463.0,-89.5378053124974,29.8750828954315,South
LA,St. Charles,22089,7.8,41.2,9.9,6.5,7.1,15.1,25.5,13.2,27.6,37.7,50620.0,-90.3580588713738,29.9058081455848,South
LA,St. Helena,22091,10.6,49.3,11.3,9.8,11.5,21.8,25.7,19.8,39.2,42.7,10774.0,-90.7103615231255,30.8217054446814,South
LA,St. James,22093,7.8,46.0,10.5,7.8,8.3,16.5,24.5,16.5,32.4,43.7,19191.0,-90.792998137832,30.026880112286,South
LA,St. John the Baptist,22095,9.5,46.4,10.7,7.2,7.8,16.7,24.0,17.2,31.7,41.8,39592.0,-90.4711427584368,30.1266220088096,South
LA,St. Landry,22097,10.7,47.3,11.2,9.0,11.2,22.0,26.6,18.2,36.3,40.4,81464.0,-92.0055958226491,30.598959185827,South
LA,St. Martin,22099,9.7,43.7,10.5,8.0,9.7,19.7,28.5,15.5,33.3,45.3,51057.0,-91.608304622551,30.1299027654542,South
LA,St. Mary,22101,11.1,47.4,10.7,9.2,10.8,21.3,27.3,18.1,36.6,45.0,47055.0,-91.4439205879075,29.7050166710498,South
LA,St. Tammany,22103,6.9,38.9,9.5,7.0,7.2,14.5,25.2,13.3,26.0,37.4,275583.0,-89.9574351817691,30.4098994543095,South
LA,Tangipahoa,22105,9.5,40.7,10.5,7.3,8.7,18.6,26.4,14.6,30.4,43.0,138064.0,-90.4054384454743,30.6268255667228,South
LA,Tensas,22107,11.3,57.3,11.3,12.8,14.6,22.8,24.6,25.1,43.1,48.4,3764.0,-91.3398743027027,32.0009034949544,South
LA,Terrebonne,22109,9.3,41.4,10.4,7.7,9.0,18.8,27.3,15.2,33.1,41.3,103616.0,-90.8657321602458,29.409564203324,South
LA,Union,22111,9.9,48.4,10.5,10.2,11.9,20.8,27.0,18.4,35.9,37.0,20650.0,-92.374694641068,32.8316386036806,South
LA,Vermilion,22113,9.2,42.5,10.3,8.1,10.0,20.2,28.7,15.0,32.1,42.8,56992.0,-92.3242615961141,29.8459898151309,South
LA,Vernon,22115,10.0,38.8,10.0,6.8,8.1,18.3,27.5,12.5,31.6,38.5,46250.0,-93.1838589354509,31.1086566367239,South
LA,Washington,22117,10.1,46.9,10.8,9.3,11.3,21.7,27.2,17.8,37.7,45.5,44865.0,-90.0401622145023,30.8534789295356,South
LA,Webster,22119,10.1,49.4,11.2,10.2,12.6,22.8,27.4,19.5,39.0,44.6,35238.0,-93.3348162883491,32.713154448362,South
LA,West Baton Rouge,22121,8.0,42.6,10.4,6.5,7.2,16.2,25.5,14.0,28.1,41.6,28266.0,-91.3130904166615,30.4630295016015,South
LA,West Carroll,22123,9.5,45.6,10.4,9.4,11.1,20.0,27.7,16.5,33.7,40.1,9323.0,-91.4563784449715,32.7887025329607,South
LA,West Feliciana,22125,8.7,44.4,9.1,6.9,6.9,17.0,21.8,14.6,28.5,40.7,15371.0,-91.4205739573873,30.8801699255259,South
LA,Winn,22127,11.1,46.6,10.2,8.9,10.3,20.6,26.4,17.1,35.6,45.9,13216.0,-92.6366332996752,31.944418814011,South
MA,Barnstable,25001,3.6,38.2,11.5,8.0,7.3,10.5,22.5,10.7,19.0,26.3,231735.0,-70.2900437375163,41.7233065590504,Northeast
MA,Berkshire,25003,4.8,34.8,12.0,7.8,7.7,12.7,25.1,10.9,22.2,31.2,126818.0,-73.2062245902623,42.3704857844323,Northeast
MA,Bristol,25005,5.9,33.5,12.6,6.8,7.6,15.8,23.8,10.8,24.8,32.1,581841.0,-71.1142068476454,41.7970686849921,Northeast
MA,Dukes,25007,3.9,36.0,11.5,7.3,6.8,10.8,23.4,10.6,19.0,25.5,20819.0,-70.6538263300096,41.3979064331708,Northeast
MA,Essex,25009,6.2,32.1,11.5,6.2,6.3,11.4,22.3,10.3,24.1,30.0,810089.0,-70.9515214537115,42.6718608300579,Northeast
MA,Franklin,25011,4.7,36.3,11.8,7.3,7.7,12.8,25.4,10.8,22.1,26.3,70836.0,-72.5917508209882,42.583226696317,Northeast
MA,Hampden,25013,8.1,34.7,12.7,7.0,7.7,14.8,26.8,12.1,29.8,34.9,460291.0,-72.6315256129094,42.1352566047193,Northeast
MA,Hampshire,25015,4.2,26.7,12.1,5.5,5.6,9.7,27.4,8.2,17.4,22.2,162502.0,-72.6630607344035,42.34025166646,Northeast
MA,Middlesex,25017,4.0,27.6,11.1,4.9,4.6,9.1,23.7,8.5,18.3,23.8,1623952.0,-71.3919058370361,42.4853611024069,Northeast
MA,Nantucket,25019,4.5,29.4,10.9,5.1,4.6,9.1,22.0,8.6,17.2,27.7,14444.0,-70.0734407385574,41.284227791995,Northeast
MA,Norfolk,25021,3.8,29.8,10.7,5.2,4.9,9.2,21.9,9.0,17.1,23.5,727473.0,-71.2079315371717,42.1619857272555,Northeast
MA,Plymouth,25023,4.4,32.6,12.1,6.2,6.4,11.9,23.8,10.3,20.4,29.7,535308.0,-70.8131463191532,41.9537873793157,Northeast
MA,Suffolk,25025,6.6,27.4,11.4,4.8,5.1,11.1,23.2,9.3,23.8,24.2,768425.0,-71.0693454244262,42.3340370910155,Northeast
MA,Worcester,25027,5.4,33.2,12.1,6.0,6.3,12.3,25.6,10.4,23.8,32.6,866866.0,-71.907721776532,42.3513441194523,Northeast
MD,Allegany,24001,9.4,39.6,11.3,7.9,9.7,17.7,25.7,13.3,32.0,36.6,67273.0,-78.6972087564265,39.6212409737137,South
MD,Anne Arundel,24003,7.1,34.5,10.0,5.3,5.2,10.6,19.9,10.4,20.5,34.5,594582.0,-76.6037600852618,39.006058161178,South
MD,Baltimore,24005,8.1,36.7,11.0,6.2,6.5,11.1,20.7,13.1,26.3,34.0,844703.0,-76.635956565388,39.4596984571411,South
MD,Baltimore,24510,10.1,40.6,12.7,6.4,7.3,15.8,23.5,14.4,27.4,38.7,565239.0,-76.6144656268901,39.3051294208208,South
MD,Calvert,24009,6.5,36.9,10.5,5.5,5.9,11.1,19.7,10.9,19.8,36.3,94728.0,-76.569090863985,38.5440599982732,South
MD,Caroline,24011,10.6,41.3,11.8,7.7,9.5,17.4,24.2,14.2,28.6,41.7,33593.0,-75.8321719815862,38.8720440517484,South
MD,Carroll,24013,6.3,34.4,10.1,6.0,5.9,10.9,22.5,10.3,23.2,37.7,176639.0,-77.0227635353375,39.5629025323817,South
MD,Cecil,24015,8.0,39.2,10.5,6.6,7.7,15.3,23.2,13.2,27.8,41.3,105672.0,-75.9413980896904,39.5708313825973,South
MD,Charles,24017,7.5,41.4,10.7,5.2,5.5,11.5,17.5,13.4,23.3,41.9,171973.0,-76.9921815094734,38.5069477200876,South
MD,Dorchester,24019,10.1,44.2,11.5,8.7,9.9,16.1,20.2,16.6,29.8,41.8,32879.0,-76.0234580060655,38.4691256248242,South
MD,Frederick,24021,7.7,33.9,9.5,5.4,5.1,9.2,20.5,10.6,20.1,34.7,293391.0,-77.3976709371378,39.47221383853,South
MD,Garrett,24023,7.9,42.4,11.1,8.3,9.3,14.2,21.0,14.1,27.1,36.3,28423.0,-79.2728437491571,39.528754928503,South
MD,Harford,24025,6.8,35.9,10.2,5.8,6.1,10.9,21.6,11.6,20.6,35.8,264644.0,-76.3169029187153,39.5614247093358,South
MD,Howard,24027,5.7,34.5,9.1,4.8,4.0,7.4,17.7,10.4,16.4,30.0,336001.0,-76.9308970282026,39.2502169624857,South
MD,Kent,24029,7.9,43.0,10.6,8.1,8.1,11.9,22.1,13.7,24.4,35.1,19303.0,-76.039943401655,39.2542700817072,South
MD,Montgomery,24031,8.7,32.7,9.2,5.3,4.5,7.2,17.0,10.8,19.2,26.1,1058474.0,-77.2047730488674,39.1362604928732,South
MD,Prince George's,24033,12.5,40.0,11.5,5.5,5.5,10.5,14.8,15.2,27.1,42.2,947430.0,-76.8475085634277,38.8296511376687,South
MD,Queen Anne's,24035,6.7,38.4,9.9,6.7,6.8,11.7,22.4,11.6,20.9,29.4,52508.0,-76.0240862590696,39.0662241668469,South
MD,Somerset,24039,10.9,42.7,11.7,7.5,8.7,16.9,20.9,14.2,31.3,38.4,24910.0,-75.7588809332213,38.1136869415127,South
MD,St. Mary's,24037,7.6,34.7,10.7,5.7,5.9,12.7,21.2,11.4,22.7,37.4,115281.0,-76.605795271699,38.3013809700825,South
MD,Talbot,24041,7.7,41.6,10.3,8.4,8.0,10.9,20.5,13.1,24.2,30.1,37823.0,-76.1036585424553,38.7700379010208,South
MD,Washington,24043,9.4,38.9,10.7,7.2,8.4,15.1,22.9,13.3,29.5,39.0,155813.0,-77.8132789094365,39.6036026379681,South
MD,Wicomico,24045,9.1,36.7,11.1,6.5,7.4,13.4,21.7,12.6,28.0,39.6,104800.0,-75.6215195926947,38.3727886353365,South
MD,Worcester,24047,7.1,42.1,10.1,8.1,8.0,12.3,20.4,13.7,25.7,33.1,54171.0,-75.3337982988111,38.2127499337864,South
ME,Androscoggin,23001,9.1,33.5,13.2,7.5,8.9,16.3,29.7,12.1,26.9,35.8,113765.0,-70.2067586997966,44.1654739027752,Northeast
ME,Aroostook,23003,9.4,43.3,13.4,9.5,11.0,17.9,25.6,14.8,32.0,40.0,67351.0,-68.5987269232186,46.6590579475164,Northeast
ME,Cumberland,23005,6.4,32.1,11.8,6.0,6.1,10.9,25.6,8.9,17.1,26.7,310230.0,-70.3761250453607,43.838769691104,Northeast
ME,Franklin,23007,8.2,36.6,13.2,8.3,9.2,15.6,28.3,11.3,25.2,34.6,30828.0,-70.4442282029736,44.9739850873463,Northeast
ME,Hancock,23009,7.5,35.8,12.1,7.9,8.3,13.3,25.5,11.2,20.6,29.4,56526.0,-68.3588356549835,44.6432336584807,Northeast
ME,Kennebec,23011,8.2,34.6,12.5,7.6,8.9,15.4,28.2,11.8,24.7,32.5,127259.0,-69.7673372512067,44.4089507036888,Northeast
ME,Knox,23013,7.6,36.2,11.9,8.1,8.6,13.6,25.4,11.2,21.7,28.8,40977.0,-69.1529439629705,44.1244743219944,Northeast
ME,Lincoln,23015,7.2,38.8,12.1,8.4,8.6,12.7,26.5,11.8,21.4,30.9,36507.0,-69.5422010988501,44.0633840443308,Northeast
ME,Oxford,23017,8.9,38.1,13.4,9.0,10.7,17.8,26.3,13.7,25.4,35.0,59905.0,-70.7565587032963,44.4994517521229,Northeast
ME,Penobscot,23019,8.4,37.2,13.3,7.7,8.6,15.6,28.8,11.5,26.2,38.0,155312.0,-68.6494418029542,45.4002647066289,Northeast
ME,Piscataquis,23021,9.2,40.5,12.6,10.1,11.2,18.0,26.2,13.8,28.1,34.6,17486.0,-69.2845687081099,45.8373141818196,Northeast
ME,Sagadahoc,23023,7.4,35.0,12.3,7.7,8.1,13.9,27.1,10.8,22.2,29.6,37513.0,-69.8536441032231,43.9590164573634,Northeast
ME,Somerset,23025,9.5,39.3,13.5,9.3,11.3,19.7,28.8,13.9,28.1,37.2,51302.0,-69.959045271424,45.5138889144984,Northeast
ME,Waldo,23027,8.1,36.1,13.3,8.2,8.9,15.4,28.2,11.7,23.6,34.3,40620.0,-69.1440787572762,44.5014638999643,Northeast
ME,Washington,23029,9.6,43.1,13.2,9.8,11.3,18.3,26.7,14.9,32.5,39.8,31555.0,-67.6293632313936,45.021838234264,Northeast
ME,York,23031,7.3,35.3,12.7,7.2,7.8,13.4,25.4,10.4,21.3,33.1,218586.0,-70.714261699275,43.4783427124924,Northeast
MI,Alcona,26001,6.2,46.0,11.2,11.0,11.9,15.9,25.3,16.0,28.7,39.0,10489.0,-83.5940640229156,44.6853506259006,Midwest
MI,Alger,26003,7.0,40.6,11.1,8.7,9.6,16.0,24.7,13.2,25.8,36.1,8757.0,-86.6040533019625,46.4090255206874,Midwest
MI,Allegan,26005,7.2,34.7,11.0,7.1,8.2,14.8,25.8,11.6,24.9,35.6,121939.0,-85.8884940961651,42.5912929570167,Midwest
MI,Alpena,26007,7.0,41.6,11.9,9.5,11.4,17.8,27.9,14.2,28.5,41.3,28904.0,-83.628544135156,45.0348307267565,Midwest
MI,Antrim,26009,5.5,39.9,11.0,8.5,9.0,13.4,25.2,12.8,23.3,36.4,24409.0,-85.1404720041255,44.9989840363288,Midwest
MI,Arenac,26011,7.3,42.7,11.7,9.8,11.4,17.8,27.1,14.7,28.3,38.6,15145.0,-83.8959473867749,44.065573391666,Midwest
MI,Baraga,26013,7.9,40.9,11.9,9.0,10.6,18.6,26.5,14.5,28.6,40.3,8310.0,-88.3656415192921,46.6623658055755,Midwest
MI,Barry,26015,6.3,35.3,11.2,7.2,8.3,14.9,26.2,11.2,24.1,37.0,63808.0,-85.3088510798164,42.5950854269653,Midwest
MI,Bay,26017,7.3,37.7,11.5,7.8,9.3,15.7,26.9,12.6,26.3,38.0,102500.0,-83.9921481500955,43.7075300134209,Midwest
MI,Benzie,26019,5.6,39.9,11.0,8.5,9.0,13.5,25.7,12.8,23.7,35.4,18441.0,-86.0152876094187,44.6386451482556,Midwest
MI,Berrien,26021,7.3,39.8,11.8,8.0,9.2,15.0,25.7,13.5,27.2,38.8,152261.0,-86.4122165831664,41.9547057695221,Midwest
MI,Branch,26023,8.7,39.6,11.6,8.3,10.2,18.0,27.5,13.3,28.2,36.0,45215.0,-85.0591029060109,41.916103026926,Midwest
MI,Calhoun,26025,7.7,39.4,11.8,7.6,9.2,16.7,26.9,13.3,27.8,42.5,133366.0,-85.005628497299,42.2465161205031,Midwest
MI,Cass,26027,7.3,39.3,11.7,8.3,9.7,16.3,26.9,13.1,26.8,36.2,51642.0,-85.9935414758751,41.9154206378426,Midwest
MI,Charlevoix,26029,5.4,38.9,11.2,8.2,8.6,13.1,24.7,12.3,22.5,35.0,26159.0,-85.1290448325505,45.3057891568956,Midwest
MI,Cheboygan,26031,6.8,42.4,11.6,9.5,10.9,16.7,26.7,14.6,26.7,41.1,26048.0,-84.4999100423814,45.4468981594658,Midwest
MI,Chippewa,26033,7.4,38.6,12.1,7.8,9.1,17.6,26.8,12.7,26.5,35.6,36264.0,-84.5634389539061,46.3005571527328,Midwest
MI,Clare,26035,7.9,44.5,12.1,10.2,12.7,19.5,28.1,15.4,30.4,40.5,31316.0,-84.8479911390538,43.9879858092422,Midwest
MI,Clinton,26037,5.8,33.9,11.2,6.6,7.3,12.9,27.0,10.6,21.8,35.2,79720.0,-84.6015552625683,42.9436867902177,Midwest
MI,Crawford,26039,6.9,42.4,11.6,10.0,11.6,17.6,27.5,14.9,28.9,37.5,13538.0,-84.6103291589207,44.6834193051836,Midwest
MI,Delta,26041,6.7,40.1,11.6,9.1,10.5,16.4,28.1,13.8,26.8,39.9,36790.0,-86.9232233746824,45.9175107531867,Midwest
MI,Dickinson,26043,5.9,39.2,11.3,8.3,9.2,15.1,27.5,12.6,25.7,38.1,25982.0,-87.870275273909,46.0091529313179,Midwest
MI,Eaton,26045,6.3,35.9,11.4,6.8,7.5,13.3,26.8,11.4,24.0,38.9,108820.0,-84.838206346424,42.5960358634351,Midwest
MI,Emmet,26047,5.3,37.6,11.0,7.5,7.8,12.8,25.3,11.5,21.4,32.7,34123.0,-84.8899552327886,45.5197272377551,Midwest
MI,Genesee,26049,7.3,39.0,12.3,7.8,9.5,17.0,27.2,13.2,28.1,40.6,401522.0,-83.706686627752,43.0216917139979,Midwest
MI,Gladwin,26051,7.2,43.4,11.8,10.1,11.9,18.2,26.9,15.0,29.2,40.6,25853.0,-84.3883476679663,43.9906644409479,Midwest
MI,Gogebic,26053,6.5,43.8,11.5,10.3,11.3,16.6,26.2,15.2,28.4,37.0,14224.0,-89.6944063949911,46.4088918363673,Midwest
MI,Grand Traverse,26055,5.5,35.2,11.0,6.8,7.4,12.8,25.5,10.7,22.5,35.3,96421.0,-85.5602075342824,44.6689883457392,Midwest
MI,Gratiot,26057,8.2,35.8,11.3,7.3,8.8,16.6,26.9,11.6,26.3,36.7,41368.0,-84.6049687175379,43.2928044923055,Midwest
MI,Hillsdale,26059,7.4,40.5,11.7,8.7,10.5,17.8,29.3,13.5,28.2,37.6,45587.0,-84.5930177282528,41.8877912642905,Midwest
MI,Houghton,26061,6.2,31.5,11.1,6.6,7.6,13.1,26.3,10.0,21.8,33.7,37599.0,-88.6874092291116,46.8980091892674,Midwest
MI,Huron,26063,7.0,41.8,11.5,9.4,10.8,16.6,26.5,14.3,28.8,38.6,30927.0,-83.0196504596317,43.8334172806921,Midwest
MI,Ingham,26065,6.9,32.0,11.6,5.6,6.5,13.0,27.2,10.2,22.0,34.5,284637.0,-84.3736006361756,42.5970860473025,Midwest
MI,Ionia,26067,7.7,35.8,11.2,6.7,8.1,16.3,26.8,11.1,24.9,40.2,66262.0,-85.0746221815088,42.9450887788595,Midwest
MI,Iosco,26069,7.7,45.7,11.6,10.9,12.7,18.2,27.0,15.9,30.7,38.8,25373.0,-83.6360248500271,44.3559235019266,Midwest
MI,Iron,26071,6.7,45.0,11.3,10.3,11.5,16.6,25.6,15.3,28.5,39.0,11740.0,-88.5304103392553,46.2088081332416,Midwest
MI,Isabella,26073,7.5,32.1,12.2,6.2,8.2,15.8,30.5,10.5,25.5,39.5,64118.0,-84.8467700848102,43.6406348997262,Midwest
MI,Jackson,26075,7.1,38.9,11.6,7.5,8.7,15.4,27.0,12.5,27.4,39.2,159424.0,-84.4234055669282,42.2484713310932,Midwest
MI,Kalamazoo,26077,6.4,31.4,11.5,5.9,6.9,12.9,28.9,9.7,22.8,37.4,262215.0,-85.5312062397091,42.2454777991442,Midwest
MI,Kalkaska,26079,7.3,40.3,11.8,8.7,10.5,17.8,27.8,13.5,27.2,38.7,18490.0,-85.0903328654525,44.6849044086281,Midwest
MI,Kent,26081,7.4,32.2,11.0,5.7,6.4,13.0,27.5,10.3,21.6,34.8,661354.0,-85.5493053557881,43.0321488100152,Midwest
MI,Keweenaw,26083,4.7,42.7,10.6,9.5,9.0,11.5,24.4,13.4,22.8,33.7,2172.0,-88.4359343938762,47.6266255714514,Midwest
MI,Lake,26085,10.7,45.7,11.7,10.9,13.4,20.9,26.4,17.2,34.1,40.5,12734.0,-85.8017467353466,43.9901117035536,Midwest
MI,Lapeer,26087,7.0,37.2,11.4,7.6,9.0,16.1,26.2,11.9,25.5,35.5,88977.0,-83.2217642942152,43.090204632016,Midwest
MI,Leelanau,26089,4.7,39.6,10.5,8.3,7.8,10.6,23.6,12.2,20.5,31.7,23019.0,-85.8122108162971,44.9396081276158,Midwest
MI,Lenawee,26091,7.6,37.6,11.3,7.6,8.8,15.5,27.7,12.4,26.4,40.6,97520.0,-84.0663547898499,41.8951017478988,Midwest
MI,Livingston,26093,4.7,32.3,11.0,6.2,6.8,11.9,25.3,9.7,20.9,32.3,196757.0,-83.9115825898176,42.6029888089791,Midwest
MI,Luce,26095,8.2,41.7,11.2,8.9,10.1,18.1,24.6,14.1,27.8,40.9,6435.0,-85.5444333572928,46.4705577788909,Midwest
MI,Mackinac,26097,7.3,43.2,12.0,10.4,11.7,17.7,25.9,16.4,29.3,41.2,10851.0,-85.0773421466224,46.0788072848998,Midwest
MI,Macomb,26099,6.5,37.7,11.3,6.8,8.2,15.2,26.0,11.4,26.3,37.5,875101.0,-82.9322750277033,42.695884588644,Midwest
MI,Manistee,26101,7.1,40.8,11.4,9.1,10.2,15.6,26.2,13.7,28.5,36.6,25562.0,-86.0569772132245,44.3329667020985,Midwest
MI,Marquette,26103,5.9,34.0,11.5,6.9,7.8,13.5,27.8,10.6,21.4,36.4,66999.0,-87.6414419780462,46.4314459429004,Midwest
MI,Mason,26105,7.0,40.7,11.4,8.9,10.1,15.7,26.5,13.8,25.4,40.4,29159.0,-86.2500362980391,43.99510197364,Midwest
MI,Mecosta,26107,7.3,37.4,11.7,8.2,10.0,16.7,28.9,12.4,27.2,37.1,41099.0,-85.3245437468865,43.6407663008844,Midwest
MI,Menominee,26109,6.9,42.0,11.4,9.3,10.6,16.7,27.3,13.9,27.7,38.9,22945.0,-87.5565973516825,45.5804081458152,Midwest
MI,Midland,26111,5.8,35.5,11.0,7.1,7.7,13.2,25.9,10.8,21.6,31.8,84039.0,-84.3881583598671,43.6467992443739,Midwest
MI,Missaukee,26113,7.4,40.2,11.6,8.6,10.3,17.3,27.6,13.3,28.2,39.3,15311.0,-85.0947630744163,44.3377023501119,Midwest
MI,Monroe,26115,6.7,37.6,11.7,7.4,8.6,15.2,26.7,12.3,24.9,40.6,155045.0,-83.5380446708107,41.9282711920747,Midwest
MI,Montcalm,26117,8.3,37.7,11.5,7.6,9.5,18.3,27.2,12.4,26.9,42.5,68154.0,-85.1525304678967,43.310886147991,Midwest
MI,Montmorency,26119,7.0,45.7,11.6,11.2,12.9,18.3,26.4,16.5,29.8,38.6,9678.0,-84.1276827424359,45.0275595027839,Midwest
MI,Muskegon,26121,7.8,36.7,12.1,7.4,9.1,17.1,27.6,12.7,27.9,44.3,176564.0,-86.1520477255994,43.2912349359125,Midwest
MI,Newaygo,26123,8.0,39.8,11.6,8.5,10.4,18.0,26.9,13.2,27.8,37.8,51108.0,-85.800846471442,43.5540671108031,Midwest
MI,Oakland,26125,5.2,34.5,10.6,5.9,5.9,10.8,20.8,10.2,19.1,31.3,1270426.0,-83.3857850852382,42.6603841794277,Midwest
MI,Oceana,26127,9.3,39.2,11.3,8.7,10.0,16.7,26.4,13.7,28.3,40.6,26981.0,-86.2674491587777,43.6410193269243,Midwest
MI,Ogemaw,26129,7.4,43.4,11.7,10.1,12.0,18.3,27.5,15.3,29.5,39.4,20990.0,-84.1264922093549,44.3349268175547,Midwest
MI,Ontonagon,26131,6.3,47.8,11.2,11.6,12.4,16.3,25.2,16.5,28.9,37.0,5906.0,-89.3147994831589,46.6644135776086,Midwest
MI,Osceola,26133,7.6,40.4,11.8,9.1,10.9,18.1,27.6,13.7,29.0,39.6,23330.0,-85.3253482143316,43.9897989747798,Midwest
MI,Oscoda,26135,8.1,45.4,11.9,11.2,13.5,19.4,27.2,16.5,31.4,38.4,8545.0,-84.1297512344476,44.6816911251778,Midwest
MI,Otsego,26137,6.2,38.2,11.4,7.9,9.1,15.1,27.3,12.3,25.7,38.1,25747.0,-84.5991763302344,45.0212471320852,Midwest
MI,Ottawa,26139,6.5,31.3,10.9,5.8,6.4,11.4,26.5,9.4,20.1,32.3,303372.0,-85.996165909642,42.9598343114753,Midwest
MI,Presque Isle,26141,6.5,44.5,11.4,10.8,11.9,16.3,26.3,15.6,28.5,40.9,13285.0,-83.9181089917579,45.3402786999945,Midwest
MI,Roscommon,26143,6.5,45.1,11.4,10.7,12.0,16.5,26.0,15.7,28.4,39.2,23863.0,-84.6116306973644,44.3355020778884,Midwest
MI,Saginaw,26145,8.2,40.1,12.2,8.0,9.6,16.2,26.5,14.1,30.6,36.6,187782.0,-84.0531789988136,43.3349994526708,Midwest
MI,Sanilac,26151,7.7,40.8,11.6,8.9,10.7,17.9,27.6,13.8,30.3,40.0,40368.0,-82.820389178865,43.4235105284131,Midwest
MI,Schoolcraft,26153,7.0,43.9,11.9,10.3,11.9,18.1,26.6,15.8,29.5,40.3,8149.0,-86.1998498718029,46.1966612517026,Midwest
MI,Shiawassee,26155,6.8,37.6,11.6,7.7,9.2,16.3,28.3,12.5,26.1,38.8,68025.0,-84.1467004638598,42.9537097648433,Midwest
MI,St. Clair,26147,6.7,38.7,11.7,7.7,9.2,16.3,27.5,12.2,25.8,36.5,159874.0,-82.6804977947451,42.9331233289215,Midwest
MI,St. Joseph,26149,8.8,37.6,11.6,7.8,9.6,17.4,27.5,12.8,26.2,38.3,60878.0,-85.5278267178737,41.9144154834446,Midwest
MI,Tuscola,26157,7.4,39.4,11.6,8.4,10.2,17.3,27.4,13.2,27.5,41.7,52826.0,-83.4168308866448,43.4640720936156,Midwest
MI,Van Buren,26159,8.7,38.4,11.7,8.0,9.5,16.4,27.4,13.5,28.0,39.4,75798.0,-86.0189849173551,42.2513302193459,Midwest
MI,Washtenaw,26161,5.2,28.2,10.6,5.1,5.4,9.8,26.7,8.7,16.1,27.5,365536.0,-83.8388014669744,42.2532412476672,Midwest
MI,Wayne,26163,8.1,40.3,12.3,7.4,9.2,16.9,24.3,14.3,29.7,37.4,1751169.0,-83.2821975006382,42.2817659645939,Midwest
MI,Wexford,26165,7.4,39.2,11.7,8.4,10.2,17.4,27.9,13.0,26.4,39.0,34122.0,-85.5785690119737,44.3383613375827,Midwest
MN,Aitkin,27001,7.4,41.9,10.1,10.2,9.2,16.4,23.2,15.2,28.8,33.2,16102.0,-93.4153705255362,46.6081162372872,Midwest
MN,Anoka,27003,7.5,31.3,9.9,5.7,5.2,13.6,24.6,10.6,24.6,36.2,372441.0,-93.2464484376371,45.2734016200054,Midwest
MN,Becker,27005,7.5,37.9,10.1,7.8,7.2,15.4,23.9,11.8,24.6,37.3,35283.0,-95.6740094489452,46.9348310979902,Midwest
MN,Beltrami,27007,8.2,32.3,11.2,6.9,6.9,17.5,26.9,11.3,26.3,38.5,46718.0,-94.9384255652985,47.9740071822672,Midwest
MN,Benton,27009,8.0,30.8,10.3,5.9,5.9,16.0,25.7,10.2,23.8,41.5,41600.0,-93.9988594342603,45.6990214355598,Midwest
MN,Big Stone,27011,7.9,37.0,10.0,8.8,7.8,15.5,22.2,13.2,27.7,37.6,5105.0,-96.4112404047907,45.4264942973861,Midwest
MN,Blue Earth,27013,7.9,28.9,10.5,5.5,5.4,13.5,26.6,9.4,23.0,33.8,70006.0,-94.0669295707349,44.0345454957417,Midwest
MN,Brown,27015,8.1,34.3,10.0,7.2,6.6,14.6,23.6,11.5,24.8,35.5,25628.0,-94.7275709404096,44.2421718867323,Midwest
MN,Carlton,27017,8.0,33.3,10.5,6.8,6.4,16.2,26.5,11.7,25.6,38.8,36825.0,-92.6766788903511,46.592180259463,Midwest
MN,Carver,27019,5.8,26.8,9.5,5.0,4.3,11.3,22.9,8.5,19.0,32.0,111057.0,-93.802266670394,44.8206518387179,Midwest
MN,Cass,27021,7.4,39.2,10.2,9.0,8.2,16.9,23.0,14.2,28.1,36.9,31446.0,-94.3257868481831,46.9492700481454,Midwest
MN,Chippewa,27023,9.9,34.8,10.0,8.2,7.6,16.3,24.0,12.8,28.9,40.4,12172.0,-95.5663630774761,45.0221100460578,Midwest
MN,Chisago,27025,7.0,32.3,10.0,6.2,5.7,14.8,24.1,10.3,22.9,36.5,58535.0,-92.9083366954259,45.5024406813939,Midwest
MN,Clay,27027,7.2,29.8,10.4,5.5,5.2,13.7,26.0,9.3,21.7,32.9,66258.0,-96.4906460318929,46.8923234206487,Midwest
MN,Clearwater,27029,8.9,34.8,10.5,8.2,8.0,18.8,24.8,12.8,28.6,34.5,8644.0,-95.3790110780952,47.577902619616,Midwest
MN,Cook,27031,6.3,37.2,9.8,8.1,6.6,13.0,22.4,12.9,24.0,35.3,5639.0,-90.5315273185929,47.9030512128465,Midwest
MN,Cottonwood,27033,10.2,37.0,9.8,8.4,7.6,15.8,23.4,13.1,29.8,39.2,11319.0,-95.1811979875196,44.0071442120805,Midwest
MN,Crow Wing,27035,7.0,36.3,10.2,7.9,6.9,14.8,22.8,11.8,24.6,37.5,68304.0,-94.0706604090783,46.4825194054653,Midwest
MN,Dakota,27037,7.1,29.7,9.8,5.1,4.6,11.3,22.9,9.7,22.5,34.5,447440.0,-93.0651627248134,44.6719521040191,Midwest
MN,Dodge,27039,7.1,29.6,9.9,5.7,5.1,13.5,24.1,9.6,22.6,35.2,21088.0,-92.862155000453,44.0225094597184,Midwest
MN,Douglas,27041,6.9,33.5,10.0,7.3,6.4,13.7,24.4,11.4,23.7,35.2,39953.0,-95.4535825970657,45.9337244645852,Midwest
MN,Faribault,27043,9.3,36.5,10.2,8.4,7.8,16.4,23.7,12.8,28.9,37.6,13873.0,-93.9479319612746,43.6739185141946,Midwest
MN,Fillmore,27045,7.6,36.2,10.1,7.5,6.9,15.5,23.7,11.8,25.5,40.5,21522.0,-92.0901273850629,43.6739689770722,Midwest
MN,Freeborn,27047,9.8,35.9,9.9,8.1,7.4,16.1,22.6,12.9,30.0,36.0,30515.0,-93.3488503295151,43.673820790937,Midwest
MN,Goodhue,27049,7.7,34.4,10.0,6.9,6.4,14.7,23.1,10.9,25.3,36.0,48035.0,-92.7228678481718,44.4096695563143,Midwest
MN,Grant,27051,8.0,36.9,10.3,8.4,7.7,16.6,24.7,12.7,26.7,39.7,6139.0,-96.0121418802788,45.9341606620888,Midwest
MN,Hennepin,27053,7.5,28.7,9.6,5.0,4.4,11.1,25.5,8.1,18.9,27.1,1258713.0,-93.4766332455537,45.0046199706646,Midwest
MN,Houston,27055,6.8,33.2,10.0,7.2,6.4,13.8,22.6,11.3,25.7,34.1,18582.0,-91.492859784076,43.6714442501057,Midwest
MN,Hubbard,27057,6.9,35.2,9.9,8.3,7.3,14.2,22.0,13.3,24.4,35.4,22132.0,-94.9166044684452,47.1087450936448,Midwest
MN,Isanti,27059,8.0,31.9,10.0,6.5,6.3,16.2,24.5,10.5,24.8,32.8,43182.0,-93.2952145236754,45.5616067871338,Midwest
MN,Itasca,27061,7.1,37.8,10.2,8.3,7.5,16.0,23.8,13.7,25.4,36.0,45365.0,-93.6320100361171,47.5091860415008,Midwest
MN,Jackson,27063,7.7,35.3,9.8,7.5,6.6,14.1,22.6,11.7,25.2,35.8,9919.0,-95.1541374809809,43.6741709035012,Midwest
MN,Kanabec,27065,8.5,35.8,10.4,7.8,7.9,17.8,25.1,12.8,28.0,37.6,16602.0,-93.2932520851074,45.945210887007,Midwest
MN,Kandiyohi,27067,10.0,33.4,10.1,7.2,6.6,14.4,23.2,12.3,25.4,40.6,43813.0,-95.004346848332,45.1525013976106,Midwest
MN,Kittson,27069,7.0,36.9,9.9,8.2,7.1,14.3,23.1,12.5,25.9,34.0,4060.0,-96.7825568052837,48.7768126133246,Midwest
MN,Koochiching,27071,7.3,39.0,10.1,8.7,7.7,15.9,23.4,13.4,27.8,37.0,11751.0,-93.783662638645,48.244775114695,Midwest
MN,Lac qui Parle,27073,7.3,36.3,9.7,8.3,7.0,14.0,22.3,12.2,25.9,34.0,6630.0,-96.1736116223812,44.9958328727359,Midwest
MN,Lake,27075,7.2,35.8,9.8,8.4,7.4,15.1,22.9,12.5,25.5,35.4,10855.0,-91.4460488116361,47.6408235702132,Midwest
MN,Lake of the Woods,27077,7.0,37.2,9.9,8.1,7.3,15.3,22.8,12.9,25.8,36.2,3778.0,-94.9046419492481,48.7712953892209,Midwest
MN,Le Sueur,27079,7.7,32.8,9.8,6.5,5.8,14.3,23.5,10.9,22.4,35.3,29255.0,-93.7300444403047,44.371386343025,Midwest
MN,Lincoln,27081,7.7,35.8,9.9,7.9,7.1,15.0,23.1,12.0,26.1,36.6,5521.0,-96.2671724057144,44.4124362531334,Midwest
MN,Lyon,27083,8.5,31.8,10.0,6.6,6.2,14.7,22.8,11.0,24.9,37.9,25427.0,-95.8390816477245,44.4133857172343,Midwest
MN,Mahnomen,27087,11.4,38.1,12.5,9.7,10.2,24.5,26.6,16.8,34.5,43.8,5280.0,-95.8092496496318,47.3255519081299,Midwest
MN,Marshall,27089,8.2,36.1,9.9,7.8,7.0,15.3,23.3,12.1,25.7,39.0,8810.0,-96.3693644206458,48.3582450126042,Midwest
MN,Martin,27091,8.4,35.1,9.9,8.3,7.5,15.6,23.0,13.0,28.7,36.3,19657.0,-94.5511409161961,43.6742958241115,Midwest
MN,McLeod,27085,8.3,33.5,9.9,6.8,6.3,14.9,23.3,11.4,25.8,42.0,36785.0,-94.2724561981662,44.8235891276668,Midwest
MN,Meeker,27093,7.8,34.2,9.9,7.4,6.8,15.6,23.8,12.2,26.1,37.1,23490.0,-94.5268543213058,45.123016355784,Midwest
MN,Mille Lacs,27095,8.3,35.8,10.5,7.2,7.1,17.5,24.8,12.0,28.2,38.5,27427.0,-93.630079560302,45.9379628282589,Midwest
MN,Morrison,27097,7.7,35.4,10.3,7.7,7.2,16.4,24.2,12.0,26.4,37.2,34250.0,-94.2682414527687,46.0126391083566,Midwest
MN,Mower,27099,10.6,33.2,9.9,7.0,6.7,15.8,24.3,11.8,28.6,37.9,40058.0,-92.7524342032099,43.6714131000436,Midwest
MN,Murray,27101,8.3,36.8,9.9,8.4,7.2,14.6,23.7,12.6,26.9,36.3,8049.0,-95.7633155473769,44.0220771514639,Midwest
MN,Nicollet,27103,7.3,29.5,10.1,6.0,5.5,13.7,24.8,9.8,23.2,33.2,34242.0,-94.2481865808286,44.3500738745181,Midwest
MN,Nobles,27105,16.5,33.0,9.5,7.7,7.3,16.7,21.4,13.5,33.7,38.6,21727.0,-95.7535094491168,43.6741927784577,Midwest
MN,Norman,27107,8.3,36.8,10.1,7.9,7.3,15.9,23.9,12.5,26.7,35.6,6329.0,-96.4554730867118,47.3264531891278,Midwest
MN,Olmsted,27109,6.7,30.1,9.7,5.5,4.7,11.2,24.1,9.5,21.3,36.4,164784.0,-92.4018922941946,44.00382802527,Midwest
MN,Otter Tail,27111,7.5,33.5,10.0,8.1,7.2,15.3,23.2,12.1,25.9,34.3,60626.0,-95.7078793654923,46.4088832943757,Midwest
MN,Pennington,27113,7.9,34.2,10.3,6.8,6.3,15.4,24.9,11.2,24.8,40.2,13714.0,-96.0365164170054,48.0662844352752,Midwest
MN,Pine,27115,8.7,38.5,10.1,8.1,7.8,18.1,24.9,13.1,27.7,39.6,30197.0,-92.7413892016485,46.1207288460202,Midwest
MN,Pipestone,27117,9.1,36.3,10.2,7.9,7.5,16.5,24.2,12.7,28.0,38.5,9245.0,-96.258699156012,44.0228579437329,Midwest
MN,Polk,27119,8.3,32.0,10.2,7.1,6.7,15.3,24.5,11.3,25.9,39.4,30412.0,-96.4022896934934,47.7739940017747,Midwest
MN,Pope,27121,7.2,36.8,10.0,8.1,7.1,14.6,23.5,12.2,25.1,38.9,11400.0,-95.4447230949317,45.5860031286512,Midwest
MN,Ramsey,27123,7.8,30.1,10.1,5.7,5.2,12.5,25.7,10.5,20.3,32.1,536075.0,-93.0995862796907,45.0173290838967,Midwest
MN,Red Lake,27125,7.6,35.6,10.1,7.7,6.8,15.5,23.9,12.0,26.6,38.6,3911.0,-96.0956349182591,47.8716783851504,Midwest
MN,Redwood,27127,8.5,35.1,10.2,7.9,7.4,16.3,23.7,12.8,26.2,36.5,15288.0,-95.25367555994,44.4036089049242,Midwest
MN,Renville,27129,9.8,35.6,10.0,8.0,7.5,16.6,23.2,13.1,28.1,38.8,14348.0,-94.9467488296717,44.7268324539775,Midwest
MN,Rice,27131,8.7,31.8,9.9,6.0,5.5,13.9,23.0,10.1,25.5,37.5,67948.0,-93.296716877709,44.3542411243463,Midwest
MN,Rock,27133,8.0,33.2,10.0,7.2,6.7,15.4,24.1,11.4,26.2,36.6,9551.0,-96.2532226133985,43.6747242250722,Midwest
MN,Roseau,27135,7.8,32.5,10.0,7.2,6.8,15.6,23.1,11.8,25.1,35.9,15252.0,-95.8109214418466,48.7750568516818,Midwest
MN,Scott,27139,6.6,30.3,9.5,4.8,4.3,12.2,22.3,9.4,22.6,32.0,155814.0,-93.5357741352851,44.648473755763,Midwest
MN,Sherburne,27141,7.1,28.7,9.8,5.0,4.9,14.2,24.1,9.0,23.2,39.0,102206.0,-93.7749839154167,45.4441001810069,Midwest
MN,Sibley,27143,9.0,34.0,9.9,7.2,6.7,15.7,23.4,11.5,27.4,38.8,15084.0,-94.2311440313059,44.5794639528544,Midwest
MN,St. Louis,27137,6.8,32.1,10.5,7.0,6.5,15.2,25.0,11.2,23.5,35.2,200514.0,-92.4705912498966,47.6029788844163,Midwest
MN,Stearns,27145,7.9,30.1,10.3,6.1,5.8,14.0,25.1,10.1,23.1,36.0,160977.0,-94.6136347770547,45.5522658196664,Midwest
MN,Steele,27147,8.2,33.3,9.9,6.7,6.1,14.2,23.1,10.9,24.3,37.4,37421.0,-93.226186337207,44.0223725505078,Midwest
MN,Stevens,27149,9.7,28.7,10.0,6.0,5.5,13.1,24.6,9.7,24.7,36.8,9728.0,-96.0003728130183,45.5861904965132,Midwest
MN,Swift,27151,9.1,37.9,10.0,8.6,7.8,16.6,24.7,13.2,28.2,38.4,9719.0,-95.6814377142811,45.2826676208658,Midwest
MN,Todd,27153,10.4,38.0,10.0,8.7,8.3,17.8,24.1,13.3,28.9,39.3,25667.0,-94.8976639086331,46.0705781596942,Midwest
MN,Traverse,27155,8.5,37.9,10.1,8.7,7.7,15.9,23.2,13.2,28.0,38.7,3136.0,-96.4714542616451,45.7722365386933,Midwest
MN,Wabasha,27157,7.0,33.6,9.9,7.4,6.5,13.9,22.4,11.6,23.8,37.5,21683.0,-92.230222480995,44.2842686778372,Midwest
MN,Wadena,27159,8.8,34.9,10.6,7.9,7.8,17.2,25.3,12.7,29.3,38.4,14241.0,-94.9695492629098,46.5858860394597,Midwest
MN,Waseca,27161,8.9,32.4,10.3,6.8,6.5,15.4,24.6,11.4,26.4,39.1,18981.0,-93.5872866696323,44.0221059926322,Midwest
MN,Washington,27163,5.8,29.4,9.3,5.2,4.5,10.9,22.8,10.3,19.1,32.5,278936.0,-92.883874636156,45.0391448489101,Midwest
MN,Watonwan,27165,13.4,34.5,9.6,7.6,6.9,14.9,22.3,12.9,29.5,36.8,11077.0,-94.6141282659352,43.9784120442015,Midwest
MN,Wilkin,27167,8.0,35.4,10.3,7.6,7.3,16.6,24.7,12.3,26.4,38.6,6306.0,-96.4682554328919,46.3570258739156,Midwest
MN,Winona,27169,7.3,30.0,10.3,6.1,5.8,13.0,25.0,9.8,22.5,33.8,49721.0,-91.7792039182144,43.9868004157693,Midwest
MN,Wright,27171,6.8,30.8,10.0,5.2,4.9,12.8,24.4,9.2,20.3,35.4,151150.0,-93.9630860406499,45.1740837983303,Midwest
MN,Yellow Medicine,27173,8.5,35.6,10.2,7.7,7.2,16.0,24.4,12.4,26.9,38.8,9467.0,-95.8684089442887,44.7162127267714,Midwest
MO,Adair,29001,8.2,30.3,10.9,6.1,7.5,14.3,27.6,10.0,28.1,34.7,25122.0,-92.6008180613286,40.1905163010493,Midwest
MO,Andrew,29003,7.7,38.3,10.3,7.1,8.1,15.4,23.6,11.6,27.3,36.0,18127.0,-94.8013576832864,39.9834332939443,Midwest
MO,Atchison,29005,8.9,43.5,10.5,9.4,10.9,18.0,24.7,14.9,34.0,41.6,5107.0,-95.4282082572198,40.4308409330019,Midwest
MO,Audrain,29007,10.0,39.6,11.2,8.3,10.7,20.2,25.9,14.1,34.8,40.0,24394.0,-91.8416751879815,39.2156646217742,Midwest
MO,Barry,29009,12.0,40.9,10.7,9.2,11.3,20.2,24.5,15.0,36.6,37.8,35265.0,-93.8290276742636,36.7098311281883,Midwest
MO,Barton,29011,10.9,41.8,11.2,9.5,12.2,21.6,25.6,15.2,35.8,40.7,11731.0,-94.3473775382765,37.5022512432045,Midwest
MO,Bates,29013,10.1,40.2,10.9,8.5,10.7,20.5,26.2,13.8,34.0,41.2,16242.0,-94.3401998684452,38.257407219568,Midwest
MO,Benton,29015,9.2,45.5,10.6,10.9,12.4,19.3,24.1,16.7,34.7,38.9,20552.0,-93.2881839487077,38.2948386228641,Midwest
MO,Bollinger,29017,9.9,41.7,10.8,8.9,11.2,20.6,25.9,14.1,34.7,39.3,10544.0,-90.0259747684384,37.3221174856419,Midwest
MO,Boone,29019,7.5,30.1,10.4,5.2,6.0,12.2,24.1,9.5,23.8,29.8,189463.0,-92.3097468744256,38.9911551381179,Midwest
MO,Buchanan,29021,10.6,37.9,10.9,7.6,9.3,18.6,24.8,13.0,32.7,42.9,82956.0,-94.8058879359466,39.6597323205238,Midwest
MO,Butler,29023,11.3,42.5,11.6,9.0,11.8,22.1,27.4,15.3,37.7,41.1,41948.0,-90.4067320578668,36.7164202083042,Midwest
MO,Caldwell,29025,9.2,39.1,10.7,8.1,9.8,18.5,24.9,13.0,32.6,38.9,8955.0,-93.9828207799922,39.6557701506874,Midwest
MO,Callaway,29027,8.6,37.0,10.6,7.1,8.4,16.7,24.7,11.9,29.0,36.9,44731.0,-91.925954260118,38.8352368273699,Midwest
MO,Camden,29029,7.9,42.3,10.3,9.4,10.2,16.4,23.0,14.7,31.7,35.6,44044.0,-92.7657841266849,38.0267073938257,Midwest
MO,Cape Girardeau,29031,8.2,35.4,10.5,6.6,7.7,14.9,24.5,11.2,28.4,34.7,82984.0,-89.6846025463066,37.3842882926918,Midwest
MO,Carroll,29033,9.3,39.9,10.6,8.6,10.3,18.3,24.9,13.9,33.7,38.6,8391.0,-93.5052433823843,39.4269766767271,Midwest
MO,Carter,29035,10.9,43.3,11.3,9.7,12.7,22.6,26.6,15.7,37.0,40.0,5303.0,-90.9621852703375,36.9411874815224,Midwest
MO,Cass,29037,8.0,35.3,10.1,6.4,7.3,14.9,23.9,11.5,26.3,38.0,111732.0,-94.3549892185176,38.6468597485466,Midwest
MO,Cedar,29039,10.2,42.6,10.9,9.9,12.2,20.3,25.2,15.6,35.3,39.8,14672.0,-93.8565289874316,37.7238399525283,Midwest
MO,Chariton,29041,8.9,41.0,10.5,9.1,10.4,17.8,23.7,14.0,32.1,38.3,7399.0,-92.9629523491949,39.5153892408596,Midwest
MO,Christian,29043,7.4,35.0,10.3,6.3,7.2,14.8,24.7,10.7,26.5,36.3,94422.0,-93.1888525142621,36.9695383389424,Midwest
MO,Clark,29045,9.9,42.0,10.8,9.5,11.7,21.0,25.4,14.9,35.4,41.7,6641.0,-91.7382064250753,40.4102893553085,Midwest
MO,Clay,29047,8.0,34.9,10.3,5.8,6.4,14.2,23.4,10.8,24.5,37.4,259772.0,-94.4210331336803,39.3107773132823,Midwest
MO,Clinton,29049,8.2,38.3,10.4,7.5,8.6,17.0,24.9,12.0,30.3,39.5,21548.0,-94.4046286545338,39.601729021222,Midwest
MO,Cole,29051,7.6,36.9,10.2,6.3,7.1,13.9,23.2,11.0,27.4,36.6,77278.0,-92.2817259029036,38.5058485320445,Midwest
MO,Cooper,29053,8.7,37.5,10.4,7.3,8.6,16.6,24.0,12.2,30.7,37.5,16947.0,-92.8101598105797,38.843489327174,Midwest
MO,Crawford,29055,10.2,39.2,10.9,8.7,11.0,20.3,25.7,14.1,33.7,41.9,22719.0,-91.3041232404893,37.9765122409823,Midwest
MO,Dade,29057,9.6,43.8,11.0,10.0,12.2,20.9,25.3,16.0,35.2,40.7,7716.0,-93.8503181583382,37.4320562427392,Midwest
MO,Dallas,29059,10.2,41.0,11.0,9.1,11.7,21.4,26.0,14.9,35.0,39.5,17768.0,-93.0235850418397,37.680556038393,Midwest
MO,Daviess,29061,10.1,41.1,10.9,9.1,11.2,19.6,25.7,14.2,33.8,38.4,8551.0,-93.9856225392592,39.9608907797311,Midwest
MO,DeKalb,29063,9.3,39.2,10.4,7.8,9.0,17.4,23.3,12.5,30.3,38.9,9899.0,-94.4047320441517,39.8931440726315,Midwest
MO,Dent,29065,9.8,41.7,10.8,9.2,11.2,19.9,24.4,14.6,34.1,39.5,14647.0,-91.5076977714055,37.6064390266695,Midwest
MO,Douglas,29067,10.1,42.9,11.1,9.6,11.7,20.1,25.3,15.3,34.8,38.0,12228.0,-92.4987394120497,36.9325353882971,Midwest
MO,Dunklin,29069,12.9,44.1,11.4,9.3,12.3,22.8,26.6,16.0,42.4,46.2,27032.0,-90.0908868088021,36.2723015062895,Midwest
MO,Franklin,29071,8.1,37.4,10.4,7.3,8.5,16.4,25.6,12.2,29.4,39.6,106404.0,-91.0749187690353,38.4109187921917,Midwest
MO,Gasconade,29073,8.4,40.7,10.6,8.6,10.0,17.6,24.6,13.5,30.5,39.3,14705.0,-91.5079456512753,38.4408280646855,Midwest
MO,Gentry,29075,9.6,38.9,10.8,8.0,10.1,19.3,25.0,13.2,33.1,41.2,6287.0,-94.4095546973503,40.2120580967131,Midwest
MO,Greene,29077,8.4,33.1,10.7,6.5,7.8,15.4,24.5,11.0,26.1,36.7,304611.0,-93.3419574712043,37.2580255788825,Midwest
MO,Grundy,29079,10.2,41.0,10.8,9.2,11.2,19.4,25.3,14.3,34.9,39.0,9815.0,-93.5654242351413,40.1140355084448,Midwest
MO,Harrison,29081,9.9,41.3,10.7,9.4,11.5,19.7,24.9,14.7,34.8,39.3,8220.0,-93.9919380515497,40.3547883582406,Midwest
MO,Henry,29083,9.8,41.3,10.8,9.1,11.1,19.7,25.1,14.4,33.8,38.5,22485.0,-93.7928628582207,38.385278007328,Midwest
MO,Hickory,29085,10.7,50.1,11.1,13.1,16.0,23.2,24.9,19.7,41.1,43.0,8718.0,-93.3206021082555,37.9409307564878,Midwest
MO,Holt,29087,8.7,41.3,10.4,9.1,10.3,17.6,23.8,14.1,33.3,36.6,4248.0,-95.2149362038411,40.0944902545329,Midwest
MO,Howard,29089,8.2,36.7,10.6,7.3,8.5,15.7,25.0,12.0,29.2,34.8,10101.0,-92.6963287905208,39.1425662415818,Midwest
MO,Howell,29091,10.8,40.7,11.2,9.1,12.0,21.6,26.7,14.9,34.4,36.8,40735.0,-91.8864846136754,36.7739973587625,Midwest
MO,Iron,29093,10.0,42.5,10.9,9.3,11.5,20.5,26.3,15.0,35.3,42.3,9440.0,-90.7736848137164,37.5553176681298,Midwest
MO,Jackson,29095,10.0,35.7,10.5,6.2,7.4,15.8,25.4,12.1,30.9,37.2,718560.0,-94.3462755300452,39.0085044688744,Midwest
MO,Jasper,29097,10.9,37.3,10.8,7.2,9.2,18.5,25.8,12.8,32.4,40.0,125056.0,-94.3405683255221,37.2035579992046,Midwest
MO,Jefferson,29099,7.9,35.5,10.5,6.6,7.9,16.5,23.9,11.2,27.7,40.3,231230.0,-90.5375806514016,38.2609550920891,Midwest
MO,Johnson,29101,8.6,30.1,10.5,5.5,6.9,15.2,26.8,9.6,26.0,35.3,54962.0,-93.8063505442671,38.7442053510881,Midwest
MO,Knox,29103,10.7,42.0,11.1,9.7,12.4,21.2,25.2,15.1,35.2,39.5,3723.0,-92.1479431780068,40.1281233092883,Midwest
MO,Laclede,29105,10.7,39.8,11.1,8.6,11.1,21.1,25.9,14.0,34.6,38.5,36680.0,-92.5904087183202,37.6581746940182,Midwest
MO,Lafayette,29107,8.6,37.0,10.5,7.2,8.5,16.5,24.6,11.8,28.9,37.0,33196.0,-93.7855789786115,39.0653159136722,Midwest
MO,Lawrence,29109,11.6,39.1,10.9,8.4,10.7,20.4,25.7,13.7,35.3,40.1,38872.0,-93.8329969088242,37.1063602784449,Midwest
MO,Lewis,29111,9.7,37.2,11.0,7.9,9.9,18.8,25.8,12.7,32.6,36.6,9818.0,-91.7217913328164,40.0967025605476,Midwest
MO,Lincoln,29113,8.7,34.3,10.6,6.3,7.9,17.6,24.9,11.1,28.8,39.9,64699.0,-90.9596887907671,39.0579189378676,Midwest
MO,Linn,29115,9.6,39.3,10.7,8.5,10.4,18.8,25.1,13.5,32.9,35.7,11791.0,-93.1068666682124,39.870469692524,Midwest
MO,Livingston,29117,9.5,38.3,11.0,7.8,9.7,18.7,26.1,12.6,32.3,39.4,14557.0,-93.5482609076792,39.7822888163042,Midwest
MO,Macon,29121,8.5,39.1,10.4,8.2,9.3,16.9,23.7,12.9,31.5,34.4,15161.0,-92.5645284605799,39.8304533484823,Midwest
MO,Madison,29123,9.6,38.6,10.7,7.9,9.8,19.3,25.4,13.2,32.2,37.7,12698.0,-90.3449925444979,37.4780468766804,Midwest
MO,Maries,29125,9.3,40.1,10.7,8.5,10.3,18.8,25.2,13.6,33.1,38.2,8430.0,-91.9249374518146,38.1615550006667,Midwest
MO,Marion,29127,8.8,38.2,10.6,7.5,9.1,17.3,25.0,12.8,31.4,39.6,28336.0,-91.6224548033761,39.805944171417,Midwest
MO,McDonald,29119,13.9,41.0,11.3,9.0,11.9,23.3,26.5,15.8,38.5,43.0,23903.0,-94.3482788212234,36.6287006346982,Midwest
MO,Mercer,29129,10.5,43.4,10.8,9.8,11.8,20.0,25.4,15.6,35.7,41.1,3469.0,-93.5684789350163,40.4224304026288,Midwest
MO,Miller,29131,9.2,38.8,10.7,8.2,9.9,18.6,25.8,13.2,31.5,37.5,25590.0,-92.4284178143101,38.2144075628273,Midwest
MO,Mississippi,29133,12.8,44.4,11.6,9.2,12.3,23.6,25.1,16.7,41.4,47.6,11822.0,-89.290718833329,36.8282857303086,Midwest
MO,Moniteau,29135,10.3,36.3,10.4,7.1,8.7,18.0,24.8,11.9,30.7,39.2,15256.0,-92.583050228326,38.6326355995214,Midwest
MO,Monroe,29137,9.5,42.2,10.6,9.6,11.4,19.3,24.9,15.0,33.9,37.8,8698.0,-92.0006180770563,39.4955744777404,Midwest
MO,Montgomery,29139,9.5,40.4,10.9,8.5,10.6,19.5,25.1,13.9,33.7,37.3,11459.0,-91.4702914684888,38.9413373254871,Midwest
MO,Morgan,29141,11.1,43.0,10.9,10.1,12.5,21.1,26.1,15.8,36.9,38.2,21970.0,-92.8861853236506,38.4236275868342,Midwest
MO,New Madrid,29143,11.2,43.6,11.5,9.1,11.9,21.4,25.7,16.1,39.0,43.2,15424.0,-89.6516052602351,36.5949077997842,Midwest
MO,Newton,29145,10.0,38.4,10.7,7.9,9.5,17.9,25.0,13.4,31.4,38.8,60677.0,-94.3392953499756,36.9055482727206,Midwest
MO,Nodaway,29147,8.2,33.0,10.6,6.7,7.7,14.7,26.2,10.6,27.8,36.1,20695.0,-94.8832342053008,40.3608749796884,Midwest
MO,Oregon,29149,10.9,43.8,11.1,10.4,13.3,22.8,25.9,16.5,37.0,41.1,8720.0,-91.4032773357883,36.6867003170786,Midwest
MO,Osage,29151,7.6,35.9,10.3,6.9,8.0,16.0,24.2,11.2,27.8,35.6,13468.0,-91.8616032929865,38.4600506601241,Midwest
MO,Ozark,29153,11.2,47.7,11.2,12.0,14.9,23.1,25.5,18.3,39.2,42.5,8970.0,-92.4446935899053,36.6492921029585,Midwest
MO,Pemiscot,29155,13.1,45.0,12.2,9.7,13.3,24.8,25.7,17.9,42.1,44.9,14613.0,-89.7855102043037,36.2113777608523,Midwest
MO,Perry,29157,9.0,38.4,10.4,7.7,9.2,17.5,24.4,12.5,31.0,36.0,18950.0,-89.824381674535,37.7071519282393,Midwest
MO,Pettis,29159,10.6,36.3,10.7,7.4,9.0,17.9,24.6,12.6,32.1,36.1,43530.0,-93.2850253828126,38.7282065747659,Midwest
MO,Phelps,29161,8.7,35.4,10.4,7.1,8.4,16.4,25.9,11.7,29.1,34.6,45284.0,-91.7923257288082,37.8770153181716,Midwest
MO,Pike,29163,10.8,40.3,10.6,8.3,10.3,20.3,24.1,13.5,33.5,38.3,17935.0,-91.1713677633838,39.343794479913,Midwest
MO,Platte,29165,7.0,33.9,9.8,5.6,5.9,12.1,22.8,10.0,22.8,37.0,111940.0,-94.7737122798575,39.3801790382148,Midwest
MO,Polk,29167,9.8,38.0,10.9,8.1,10.1,18.9,26.1,13.0,33.2,38.7,32780.0,-93.4004552714564,37.6164897040751,Midwest
MO,Pulaski,29169,10.6,28.5,10.1,4.5,5.8,15.0,24.6,8.6,26.6,35.8,53812.0,-92.2076725320903,37.8246506981251,Midwest
MO,Putnam,29171,8.6,40.8,10.4,8.7,9.9,17.1,24.3,13.6,31.5,35.0,4638.0,-93.0162042293285,40.4790172419339,Midwest
MO,Ralls,29173,8.8,41.8,10.6,8.8,10.5,18.9,24.8,14.1,32.6,40.1,10489.0,-91.5219760700584,39.5274844407114,Midwest
MO,Randolph,29175,9.8,37.8,10.9,7.6,9.6,19.4,25.5,12.7,31.9,37.7,24109.0,-92.4971735700748,39.4401347029578,Midwest
MO,Ray,29177,9.1,39.8,10.7,7.9,9.6,18.7,25.0,13.3,33.2,39.6,23182.0,-93.9899558528202,39.352257627708,Midwest
MO,Reynolds,29179,10.7,43.2,11.0,10.2,12.7,21.8,25.4,15.9,36.7,41.2,5950.0,-90.9691331019274,37.3624352764614,Midwest
MO,Ripley,29181,11.2,41.8,11.4,9.7,12.8,23.0,27.1,15.6,37.4,41.3,10806.0,-90.8639051708951,36.6529402855284,Midwest
MO,Saline,29195,10.7,35.3,10.5,7.1,8.2,16.2,24.6,12.4,31.8,37.7,23049.0,-93.2018268315702,39.1367890617691,Midwest
MO,Schuyler,29197,8.5,38.2,10.4,7.6,8.9,17.3,24.3,12.2,31.2,38.8,4053.0,-92.5207734108332,40.4702342197874,Midwest
MO,Scotland,29199,10.7,38.3,10.8,8.4,10.4,19.1,25.1,12.8,33.3,37.1,4676.0,-92.1472099223108,40.4525606651452,Midwest
MO,Scott,29201,9.8,39.8,11.0,7.8,9.9,19.2,24.6,13.4,36.3,38.1,37889.0,-89.568893407205,37.053398059801,Midwest
MO,Shannon,29203,10.1,42.5,10.9,9.5,11.7,20.7,24.9,15.2,34.6,37.0,7238.0,-91.3998703889819,37.1571796589561,Midwest
MO,Shelby,29205,10.0,42.6,10.8,9.6,11.8,20.5,25.2,14.9,34.9,40.3,5931.0,-92.0765035724993,39.7978199013128,Midwest
MO,St. Charles,29183,6.4,31.9,10.0,5.6,5.8,12.2,22.8,10.3,23.2,35.7,416659.0,-90.6742597572057,38.781939023918,Midwest
MO,St. Clair,29185,10.2,45.0,10.8,10.5,12.5,20.9,25.2,16.2,36.9,37.6,9752.0,-93.7760224318696,38.0371732557425,Midwest
MO,St. Francois,29187,10.5,39.2,10.8,7.7,10.1,20.7,25.9,12.9,34.4,40.3,67058.0,-90.4721605303441,37.8101764330501,Midwest
MO,St. Louis,29189,7.0,36.9,10.6,6.1,6.5,13.2,22.7,11.5,25.4,31.3,987059.0,-90.4425635134078,38.6407242112709,Midwest
MO,St. Louis,29510,9.2,37.5,11.7,6.1,7.4,16.5,23.9,13.3,27.0,37.0,281754.0,-90.2469793240044,38.6317585690069,Midwest
MO,Ste. Genevieve,29186,8.4,39.4,10.4,7.9,9.1,17.1,24.4,12.5,30.2,37.2,18642.0,-90.1945976236472,37.8943240271323,Midwest
MO,Stoddard,29207,10.8,40.2,10.9,8.8,11.4,21.6,26.1,14.2,35.2,37.6,28397.0,-89.9444502071188,36.8556400328536,Midwest
MO,Stone,29209,8.4,45.5,10.4,10.2,11.3,17.3,23.5,15.6,32.9,41.1,32658.0,-93.4559770841609,36.7469584782323,Midwest
MO,Sullivan,29211,13.2,41.1,10.4,8.9,10.3,18.7,24.0,15.1,35.4,40.1,5797.0,-93.1116698405208,40.2106825508381,Midwest
MO,Taney,29213,9.5,39.4,10.7,8.3,9.5,16.8,24.3,13.3,31.0,35.7,56775.0,-93.0411619194503,36.6547592716981,Midwest
MO,Texas,29215,11.2,43.8,10.9,9.6,12.2,21.7,25.5,15.8,36.5,42.1,25619.0,-91.9643974422108,37.3171070530556,Midwest
MO,Vernon,29217,10.1,40.5,11.1,9.0,11.3,20.5,26.6,14.3,34.4,37.8,19710.0,-94.3421893986098,37.8506373208135,Midwest
MO,Warren,29219,8.9,37.8,10.5,7.3,8.7,17.1,24.9,12.3,31.1,39.0,37806.0,-91.1607703978318,38.7645744472985,Midwest
MO,Washington,29221,11.0,41.0,11.2,8.8,11.9,22.9,26.4,14.8,35.3,41.9,23534.0,-90.8774877340781,37.9614739823197,Midwest
MO,Wayne,29223,11.4,45.4,11.3,11.1,14.3,23.9,25.8,17.4,39.1,41.5,10811.0,-90.4615691266314,37.1126282484814,Midwest
MO,Webster,29225,9.7,37.1,10.8,7.4,9.4,19.4,26.1,12.2,31.1,41.7,41472.0,-92.8757618781185,37.2809123581798,Midwest
MO,Worth,29227,9.3,43.8,10.6,9.9,11.7,19.2,24.5,15.5,35.1,40.2,1907.0,-94.4221131218741,40.4790917768255,Midwest
MO,Wright,29229,11.5,41.3,11.2,9.5,12.6,23.0,26.6,15.5,38.2,42.2,19403.0,-92.4683331957183,37.2701894505267,Midwest
MS,Adams,28001,15.2,51.7,10.3,9.7,11.0,20.2,17.4,20.6,41.6,41.2,28746.0,-91.3533573762559,31.4821297910114,South
MS,Alcorn,28003,11.8,45.7,9.8,8.3,9.9,19.3,21.9,15.0,35.2,40.0,34135.0,-88.5802284144295,34.8808223839938,South
MS,Amite,28005,12.6,52.4,10.2,10.9,12.2,20.4,19.0,20.6,41.5,45.0,12442.0,-90.8045215928558,31.1742872886651,South
MS,Attala,28007,12.2,48.4,10.3,8.5,9.8,18.2,18.8,16.9,37.3,42.6,17359.0,-89.5811695102407,33.0864929422051,South
MS,Benton,28009,12.7,48.3,10.1,8.8,10.2,19.4,19.4,17.4,36.7,42.4,7438.0,-89.1885153331296,34.8172615293265,South
MS,Bolivar,28011,13.7,51.9,11.2,8.9,10.7,19.8,18.9,20.5,42.3,46.5,28968.0,-90.8805163159369,33.7970211269525,South
MS,Calhoun,28013,14.0,49.0,10.2,9.5,11.4,20.1,20.0,18.2,37.6,41.1,12685.0,-89.3363612688369,33.9364148056908,South
MS,Carroll,28015,13.0,50.1,9.8,10.3,11.3,19.4,18.6,18.6,38.9,40.0,9535.0,-89.9204270388898,33.4488166190492,South
MS,Chickasaw,28017,14.0,47.8,10.4,8.8,10.6,19.9,19.1,18.4,38.9,43.3,16866.0,-88.9478680906015,33.9208230759646,South
MS,Choctaw,28019,11.4,47.9,9.7,9.0,9.7,17.2,19.2,16.9,35.3,40.2,8088.0,-89.248451713965,33.3474098381214,South
MS,Claiborne,28021,13.9,51.2,11.4,8.5,9.8,18.7,17.5,20.4,41.5,47.8,8617.0,-90.9117719505713,31.9736121295396,South
MS,Clarke,28023,11.7,49.5,10.1,9.3,10.6,19.0,20.2,17.8,35.7,38.6,15228.0,-88.6894559971703,32.0414239668405,South
MS,Clay,28025,13.1,50.5,10.6,8.8,10.3,19.1,18.1,19.1,38.8,47.6,18206.0,-88.7823336987574,33.6559798711503,South
MS,Coahoma,28027,15.1,53.4,11.4,9.1,11.1,21.1,17.9,21.8,42.8,46.4,20077.0,-90.6017539363761,34.229811108889,South
MS,Copiah,28029,12.3,48.6,10.3,8.5,9.7,17.8,18.9,18.2,37.3,41.8,27664.0,-90.4488258448001,31.8691913743667,South
MS,Covington,28031,11.6,46.3,10.1,7.9,9.1,18.0,19.2,15.6,35.1,40.4,18059.0,-89.552615522903,31.6333020921756,South
MS,DeSoto,28033,9.7,40.0,9.7,5.6,6.2,13.9,19.7,12.4,27.9,37.3,193247.0,-89.9911841534087,34.8754384568601,South
MS,Forrest,28035,10.8,39.5,10.0,6.2,7.4,15.2,20.8,13.1,29.8,35.8,78208.0,-89.2578760599532,31.1889394568747,South
MS,Franklin,28037,12.1,50.3,10.2,9.7,11.3,20.0,19.6,18.5,38.2,40.4,7610.0,-90.8982369544869,31.4768604374398,South
MS,George,28039,11.3,39.8,9.5,7.2,8.7,18.2,21.6,13.1,31.7,37.2,25619.0,-88.6441634400411,30.862637172487,South
MS,Greene,28041,13.4,43.1,9.3,7.4,8.8,19.2,19.8,14.0,33.7,41.9,13601.0,-88.6391156433916,31.2143498936852,South
MS,Grenada,28043,12.3,48.2,10.3,8.5,9.9,18.5,19.2,17.6,37.0,46.1,21065.0,-89.80155075446,33.7699321051446,South
MS,Hancock,28045,9.7,43.3,9.2,8.2,8.8,15.7,19.7,14.3,31.2,37.3,46159.0,-89.4885165898975,30.4158062648013,South
MS,Harrison,28047,11.1,42.3,9.6,7.2,8.0,16.3,21.1,14.1,35.0,36.5,210612.0,-89.1114155491736,30.5042780063233,South
MS,Hinds,28049,11.1,47.9,10.6,7.0,7.7,15.9,17.3,17.0,34.7,44.0,214870.0,-90.4426741235189,32.2664742457034,South
MS,Holmes,28051,15.6,55.3,11.5,9.4,11.6,22.4,17.9,23.3,45.0,50.7,15777.0,-90.0916047418867,33.123237616145,South
MS,Humphreys,28053,16.0,57.3,11.7,10.8,13.4,23.2,18.6,24.7,47.9,52.4,7216.0,-90.5269687799417,33.1287023682182,South
MS,Issaquena,28055,21.3,46.1,9.7,7.8,9.5,21.6,16.8,16.4,41.0,45.3,1256.0,-90.9890259950925,32.7414125462659,South
MS,Itawamba,28057,10.4,40.0,9.5,7.1,8.2,16.1,21.1,12.2,31.8,36.2,24093.0,-88.3612530065105,34.27980367357,South
MS,Jackson,28059,11.1,45.0,9.4,7.1,7.7,15.4,19.7,15.0,30.5,40.7,146389.0,-88.6353343692766,30.5346826794064,South
MS,Jasper,28061,12.4,50.6,10.2,9.1,10.0,18.7,18.1,19.0,40.2,44.9,16013.0,-89.1188599199219,32.0191166804926,South
MS,Jefferson,28063,15.0,57.1,11.2,9.8,11.5,21.5,16.5,23.6,45.0,51.5,6941.0,-91.0359437019146,31.7341340568142,South
MS,Jefferson Davis,28065,12.9,54.8,10.7,10.3,11.6,20.0,17.8,21.8,41.6,45.4,10969.0,-89.822847109141,31.5696294392356,South
MS,Jones,28067,11.9,46.5,9.9,8.1,9.3,17.6,19.9,16.0,36.2,41.6,66250.0,-89.1688244706911,31.6225661020682,South
MS,Kemper,28069,12.7,49.9,10.4,8.9,9.5,17.5,17.3,18.4,37.9,43.7,8584.0,-88.6411934827704,32.7545542472899,South
MS,Lafayette,28071,9.2,34.1,9.5,5.4,6.2,12.9,20.5,10.9,26.6,34.4,58467.0,-89.4848628672486,34.3568139846947,South
MS,Lamar,28073,9.5,40.5,9.3,6.4,7.1,14.8,21.3,12.4,29.4,38.7,66217.0,-89.5086574664703,31.2059307396104,South
MS,Lauderdale,28075,12.0,47.5,10.3,8.4,9.7,18.5,18.8,16.7,35.7,42.1,70527.0,-88.6624847523021,32.4042972809531,South
MS,Lawrence,28077,13.6,50.2,10.5,9.6,11.8,21.7,20.6,18.8,40.8,46.3,11741.0,-90.1067346613725,31.550086210695,South
MS,Leake,28079,13.6,47.9,10.4,8.3,9.7,19.3,19.2,17.0,38.1,42.8,21258.0,-89.5239889409247,32.7536024610201,South
MS,Lee,28081,10.2,44.3,9.8,6.6,7.3,15.4,20.1,13.9,32.1,36.4,82799.0,-88.6803890983401,34.2898902056682,South
MS,Leflore,28083,14.6,51.5,11.3,8.5,10.6,20.9,17.6,20.9,41.6,43.4,26378.0,-90.3012066422155,33.5506161433252,South
MS,Lincoln,28085,11.1,45.3,9.9,7.8,9.2,18.0,19.8,15.7,34.9,40.5,34702.0,-90.4538892090438,31.5323432253984,South
MS,Lowndes,28087,11.0,45.1,10.1,7.2,8.0,15.9,19.0,15.5,33.2,37.5,57283.0,-88.4433972982041,33.4730656090566,South
MS,Madison,28089,8.1,40.3,9.3,5.7,5.8,12.0,17.7,12.4,26.3,36.3,112511.0,-90.0333341183611,32.6345965411906,South
MS,Marion,28091,12.8,48.0,10.3,8.8,10.6,20.4,20.4,17.2,37.3,43.5,24224.0,-89.8222880649578,31.2307987274595,South
MS,Marshall,28093,14.2,49.3,10.4,8.7,10.5,20.3,19.4,18.5,38.2,41.9,34123.0,-89.5030847437601,34.7623727946025,South
MS,Monroe,28095,11.7,47.9,10.0,8.6,9.9,18.7,19.8,16.7,38.3,42.9,33609.0,-88.4805556828902,33.8921945933454,South
MS,Montgomery,28097,12.8,51.2,10.3,10.0,11.4,19.4,18.7,19.6,40.1,43.5,9600.0,-89.6165507185912,33.4940193440942,South
MS,Neshoba,28099,12.8,44.4,10.7,8.5,10.4,21.0,21.3,16.5,37.8,43.1,28789.0,-89.117508515357,32.7534254344088,South
MS,Newton,28101,11.7,44.6,10.2,8.0,9.4,18.4,20.3,15.7,34.3,40.9,21019.0,-89.1187174446986,32.4002385961341,South
MS,Noxubee,28103,15.2,52.2,11.1,9.2,11.0,21.3,17.9,21.2,42.1,46.4,9914.0,-88.5698353745843,33.1100147781248,South
MS,Oktibbeha,28105,10.1,34.6,9.8,5.3,6.2,12.4,20.1,10.9,27.5,34.5,51203.0,-88.8793086175243,33.4250380065366,South
MS,Panola,28107,13.2,48.6,10.7,8.8,10.6,20.4,20.1,18.4,39.7,46.3,32669.0,-89.950741579883,34.363793271281,South
MS,Pearl River,28109,11.2,42.8,9.6,8.1,9.3,17.6,21.1,14.4,33.0,38.0,57978.0,-89.5894912717861,30.7688524519245,South
MS,Perry,28111,11.7,46.7,9.9,8.6,10.2,19.5,21.1,16.2,36.3,43.7,11315.0,-88.9923910027504,31.1721060498963,South
MS,Pike,28113,13.5,50.2,10.8,8.7,10.5,20.3,19.3,18.9,38.7,46.0,39394.0,-90.4041403188927,31.1749025878605,South
MS,Pontotoc,28115,12.4,42.0,9.8,7.2,8.6,17.7,20.9,13.8,34.2,38.9,31535.0,-89.0374143001363,34.2254190254887,South
MS,Prentiss,28117,11.0,41.9,9.9,7.6,9.1,17.5,21.6,13.9,34.0,40.5,25135.0,-88.5199550587624,34.6182002336868,South
MS,Quitman,28119,15.4,54.8,11.6,9.7,12.4,23.2,18.5,22.8,45.1,51.2,5546.0,-90.2892529683355,34.2512280348671,South
MS,Rankin,28121,8.9,40.7,9.1,6.0,6.4,13.1,19.3,12.1,27.2,36.6,160417.0,-89.9456334806311,32.2640207305277,South
MS,Scott,28123,16.5,46.7,10.4,8.6,10.5,20.6,20.0,18.3,40.9,43.4,27507.0,-89.537764935984,32.4066152666052,South
MS,Sharkey,28125,15.2,58.4,11.3,11.3,13.3,22.8,17.6,25.2,46.6,50.3,3336.0,-90.8134092594073,32.8799116310974,South
MS,Simpson,28127,11.9,46.2,10.1,8.1,9.4,18.1,19.7,16.2,35.1,40.2,25715.0,-89.9198481400009,31.9130976911901,South
MS,Smith,28129,12.5,48.5,10.2,9.3,11.0,19.8,20.9,16.9,37.6,43.6,14099.0,-89.506644127003,32.0177762977322,South
MS,Stone,28131,10.8,43.0,9.7,7.4,8.6,17.1,20.9,14.0,33.2,41.0,18756.0,-89.1176262782234,30.7899921125114,South
MS,Sunflower,28133,16.2,50.4,10.8,8.1,10.1,21.4,17.1,19.3,41.8,48.6,24468.0,-90.5886871287806,33.6022446844639,South
MS,Tallahatchie,28135,15.8,50.7,10.3,8.6,10.2,20.7,18.5,18.9,40.7,44.9,11837.0,-90.1730157810922,33.950813162093,South
MS,Tate,28137,11.1,41.8,9.8,7.1,8.1,16.4,20.0,14.2,32.8,36.1,28261.0,-89.9448401097213,34.6503608082089,South
MS,Tippah,28139,12.4,43.5,9.8,8.1,9.8,18.7,21.3,15.3,35.9,43.3,21287.0,-88.908935000687,34.7684451221636,South
MS,Tishomingo,28141,11.6,44.5,9.7,9.0,10.7,19.0,22.2,15.0,35.2,39.5,18507.0,-88.2392465188954,34.7404341978864,South
MS,Tunica,28143,16.1,52.8,11.7,8.5,11.2,23.5,18.6,21.4,45.1,51.0,9234.0,-90.3749921434948,34.6506310696003,South
MS,Union,28145,12.8,43.0,9.8,7.7,9.3,18.5,21.4,14.1,33.5,41.6,28284.0,-89.0037898313235,34.4905254554951,South
MS,Walthall,28147,13.0,49.6,10.3,9.0,10.4,19.3,19.2,17.8,37.7,43.1,13863.0,-90.1061456917469,31.1483756747177,South
MS,Warren,28149,10.5,46.4,10.1,7.5,8.2,16.1,18.3,16.2,32.9,43.8,42298.0,-90.8517527793514,32.3565888940683,South
MS,Washington,28151,14.4,53.9,11.3,9.1,11.1,20.7,16.9,21.0,40.8,44.2,41946.0,-90.9474054728213,33.2840015603638,South
MS,Wayne,28153,13.2,47.7,10.5,9.0,10.7,20.2,19.7,17.8,38.0,44.2,19703.0,-88.6958163057915,31.6408254595216,South
MS,Webster,28155,10.7,43.2,9.7,7.3,8.5,16.9,20.2,13.7,32.2,36.5,9988.0,-89.2850039223737,33.6131371808614,South
MS,Wilkinson,28157,14.3,52.9,10.5,9.1,10.5,20.6,17.0,20.6,41.8,47.4,8058.0,-91.3113983017399,31.1607749386327,South
MS,Winston,28159,13.1,50.8,10.3,9.6,11.0,19.8,18.7,19.5,37.9,41.7,17416.0,-89.0344732941972,33.0884601939526,South
MS,Yalobusha,28161,13.2,50.7,10.3,9.6,11.4,20.7,19.5,19.0,39.8,40.1,12386.0,-89.7073616275877,34.0281800433825,South
MS,Yazoo,28163,18.6,49.5,10.4,8.3,10.7,23.5,18.6,18.5,42.6,50.5,25796.0,-90.3963983305751,32.7799623720231,South
MT,Beaverhead,30001,9.5,34.0,10.9,7.4,7.5,13.1,24.3,10.5,21.0,28.3,9885.0,-112.899254905042,45.1328681211262,West
MT,Big Horn,30003,14.1,35.6,14.1,8.3,10.0,24.7,25.2,15.1,28.3,35.5,12751.0,-107.48944354563,45.4233011316632,West
MT,Blaine,30005,11.9,36.9,13.2,8.3,9.3,20.8,24.3,14.3,27.6,41.1,6899.0,-108.959098790374,48.4322379510677,West
MT,Broadwater,30007,9.2,35.3,10.9,7.2,7.5,13.9,23.1,10.4,21.6,30.7,8032.0,-111.495701602811,46.3326963010293,West
MT,Carbon,30009,8.5,40.1,10.9,8.0,8.0,13.4,22.8,11.8,22.2,33.0,11419.0,-109.028002533522,45.2274661007223,West
MT,Carter,30011,9.5,39.9,11.1,9.2,9.5,15.0,23.2,12.3,24.9,32.9,1418.0,-104.535957148965,45.5169230538484,West
MT,Cascade,30013,10.0,33.9,12.3,6.7,7.5,14.4,27.1,10.4,23.5,35.3,84900.0,-111.347179329406,47.3082216376503,West
MT,Chouteau,30015,10.3,37.5,11.8,7.9,8.5,16.6,23.8,12.2,24.3,35.6,5847.0,-110.435460878256,47.880531571301,West
MT,Custer,30017,9.1,33.7,11.0,6.8,7.4,14.5,24.0,10.5,23.6,32.6,11985.0,-105.571832087219,46.2526825162411,West
MT,Daniels,30019,9.1,36.5,10.8,8.1,7.9,13.3,22.5,11.2,22.6,33.5,1633.0,-105.54860900657,48.783772051162,West
MT,Dawson,30021,9.0,33.2,10.8,6.8,7.0,13.5,23.2,10.1,22.5,32.8,8810.0,-104.899485791998,47.2663856745008,West
MT,Deer Lodge,30023,10.7,38.1,11.3,8.8,9.8,17.0,24.2,12.9,25.2,32.4,9673.0,-113.066771483619,46.0608249789491,West
MT,Fallon,30025,9.1,32.7,11.1,6.8,7.4,14.3,23.8,10.2,23.3,31.4,2994.0,-104.417488264444,46.3342013786752,West
MT,Fergus,30027,9.4,37.3,11.1,8.0,8.5,14.6,23.1,11.4,23.8,31.2,11772.0,-109.224360489992,47.2632833231955,West
MT,Flathead,30029,9.0,31.1,10.7,6.5,7.0,12.8,23.7,9.3,19.3,31.2,113679.0,-114.049221286794,48.2950545655515,West
MT,Gallatin,30031,8.3,23.7,10.7,4.3,4.5,9.7,22.8,6.7,13.9,23.0,126409.0,-111.170409745643,45.5418628228387,West
MT,Garfield,30033,9.3,36.6,11.1,8.3,8.6,14.8,24.2,11.5,24.6,30.6,1211.0,-106.993015201979,47.277695179485,West
MT,Glacier,30035,14.3,36.2,14.6,8.5,10.8,26.5,25.8,15.5,32.2,39.7,13609.0,-112.994561424643,48.704975530082,West
MT,Golden Valley,30037,11.0,43.3,11.3,10.6,11.1,16.1,23.0,14.7,28.0,32.5,835.0,-109.175211549866,46.3812633183309,West
MT,Granite,30039,9.7,39.4,10.9,9.0,9.0,14.3,22.1,12.3,24.2,30.4,3595.0,-113.440260921517,46.4040577446116,West
MT,Hill,30041,11.5,36.3,12.2,7.5,8.5,18.2,26.2,12.1,25.3,38.5,16276.0,-110.109576831952,48.6283364408587,West
MT,Jefferson,30043,8.1,33.4,10.9,6.7,7.0,12.7,22.7,10.3,21.3,32.8,13048.0,-112.094066480625,46.1484350397483,West
MT,Judith Basin,30045,9.3,39.9,11.0,9.2,9.4,14.9,23.3,12.9,25.0,31.5,2093.0,-110.266028433991,47.0453660224611,West
MT,Lake,30047,10.2,36.4,12.0,8.3,8.8,15.5,24.9,12.2,23.7,33.0,33338.0,-114.089290320548,47.6459272289418,West
MT,Lewis and Clark,30049,8.1,30.6,11.2,6.0,6.3,12.0,25.8,9.3,18.3,31.0,75011.0,-112.390254008373,47.1224620354911,West
MT,Liberty,30051,11.8,39.4,11.9,9.6,10.9,17.7,24.9,13.1,27.9,34.0,1974.0,-111.023099146745,48.5619202566566,West
MT,Lincoln,30053,10.7,42.6,11.4,9.9,10.7,16.7,24.5,14.0,27.0,37.8,21895.0,-115.40494946006,48.5424332413472,West
MT,Madison,30057,8.7,35.8,10.5,7.7,7.3,12.2,21.6,10.6,19.4,28.7,9521.0,-111.920361769865,45.3005046497515,West
MT,McCone,30055,8.4,38.1,10.7,8.1,7.8,12.7,22.1,11.1,22.6,32.4,1676.0,-105.795346558099,47.6451000194583,West
MT,Meagher,30059,8.8,39.0,10.8,9.1,8.9,13.3,22.4,12.5,23.7,32.3,2071.0,-110.88573703225,46.5983402499569,West
MT,Mineral,30061,9.7,39.3,11.1,9.1,9.3,15.0,23.4,12.8,25.0,36.0,5090.0,-114.998287658228,47.1473312209822,West
MT,Missoula,30063,8.5,26.3,10.7,5.2,5.4,11.5,26.6,8.3,16.5,26.2,121849.0,-113.923598949426,47.0365296184617,West
MT,Musselshell,30065,10.4,38.8,11.2,8.6,9.2,15.4,23.3,12.7,26.7,35.6,5308.0,-108.397686370249,46.4967819967113,West
MT,Park,30067,8.2,34.0,10.7,7.3,7.6,13.5,22.5,10.5,22.2,30.4,17903.0,-110.52629655656,45.4881773935607,West
MT,Petroleum,30069,8.5,39.6,10.5,9.0,8.6,13.9,21.4,12.4,23.8,32.9,554.0,-108.250390746347,47.1176566634975,West
MT,Phillips,30071,9.3,35.8,11.2,8.2,8.6,15.1,23.9,12.0,24.8,38.8,4249.0,-107.913858929486,48.2595346646896,West
MT,Pondera,30073,11.7,37.6,12.3,8.9,10.3,19.1,25.0,13.6,29.1,37.2,6125.0,-112.22672285102,48.2279658725192,West
MT,Powder River,30075,9.2,37.1,10.7,8.4,8.3,13.3,21.7,11.9,22.2,30.4,1743.0,-105.630011231967,45.3950397009562,West
MT,Powell,30077,11.2,35.0,10.4,7.6,8.1,16.9,22.2,11.3,25.1,35.8,7133.0,-112.936298354733,46.8565994414636,West
MT,Prairie,30079,12.2,44.8,11.2,12.3,12.8,17.5,22.2,16.2,30.9,33.5,1112.0,-105.378076897385,46.8605196929178,West
MT,Ravalli,30081,9.1,34.3,10.5,7.5,7.6,12.7,22.3,10.4,20.4,31.9,47738.0,-114.120708621033,46.0815641954315,West
MT,Richland,30083,9.3,31.3,10.7,6.2,6.4,13.8,22.9,9.2,23.3,37.9,11173.0,-104.561462330904,47.7879142999994,West
MT,Roosevelt,30085,12.9,36.0,14.2,7.5,9.6,23.4,26.9,14.1,29.4,41.0,10319.0,-105.016582771659,48.2944953989966,West
MT,Rosebud,30087,12.2,39.4,12.9,8.2,9.5,20.2,24.6,13.6,27.4,39.5,8160.0,-106.73057532208,46.2300118101563,West
MT,Sanders,30089,10.5,40.4,11.0,10.2,10.8,16.6,23.0,13.7,26.2,34.9,13684.0,-115.133410637731,47.67485749039,West
MT,Sheridan,30091,9.9,37.5,11.1,7.9,8.3,14.7,23.5,11.5,23.7,35.5,3498.0,-104.504661923628,48.7209969285312,West
MT,Silver Bow,30093,10.0,32.5,11.1,6.8,7.6,14.1,25.1,10.2,22.0,32.3,36360.0,-112.656578039706,45.9025877326707,West
MT,Stillwater,30095,8.7,35.1,10.8,7.3,7.5,12.9,22.6,10.8,21.0,30.2,9173.0,-109.394997001811,45.6691623698494,West
MT,Sweet Grass,30097,8.6,36.1,10.7,7.9,7.7,13.0,22.7,10.9,22.0,29.4,3763.0,-109.940540765748,45.81473743028,West
MT,Teton,30099,9.5,35.0,11.1,7.8,8.1,14.1,23.5,11.0,24.0,30.9,6430.0,-112.240290378385,47.837131804133,West
MT,Toole,30101,13.2,34.1,11.0,7.5,8.8,19.3,23.2,11.5,26.7,35.6,5133.0,-111.695413434683,48.6553867733529,West
MT,Treasure,30103,9.0,40.0,10.6,9.2,8.7,13.1,21.6,12.5,23.6,33.2,772.0,-107.271841890792,46.211418173005,West
MT,Valley,30105,9.3,39.3,11.3,8.2,8.4,14.1,23.2,11.6,24.6,32.7,7474.0,-106.668213499026,48.364902327122,West
MT,Wheatland,30107,11.7,38.9,11.5,9.1,10.0,17.0,24.6,13.0,26.8,32.0,2057.0,-109.844548715577,46.466368536061,West
MT,Wibaux,30109,9.3,37.2,11.0,8.2,8.4,14.4,23.6,11.6,24.1,32.5,910.0,-104.249019801637,46.9651392080918,West
MT,Yellowstone,30111,9.0,31.7,10.7,6.0,6.4,13.9,27.3,9.5,20.8,34.0,170843.0,-108.27428208867,45.9376630248443,West
NC,Alamance,37001,11.7,36.5,10.9,6.7,7.4,13.9,24.0,12.2,24.4,38.5,179165.0,-79.3994760246283,36.0436739846115,South
NC,Alexander,37003,11.1,39.1,10.8,8.0,9.2,16.8,25.8,12.7,26.3,36.5,36473.0,-81.1770332718611,35.9204725331462,South
NC,Alleghany,37005,12.4,44.9,10.8,10.5,11.6,17.2,25.3,16.0,29.6,36.5,11342.0,-81.1272787621881,36.4916227409052,South
NC,Anson,37007,14.0,46.6,12.0,8.8,10.5,19.7,23.4,17.2,33.1,43.3,21897.0,-80.1026872705448,34.9736529585894,South
NC,Ashe,37009,10.2,42.9,10.6,9.4,10.0,15.5,25.2,14.0,26.3,36.2,27063.0,-81.5005505989795,36.4341479679829,South
NC,Avery,37011,10.8,39.9,10.6,8.4,9.2,15.8,25.2,12.9,25.4,37.1,17561.0,-81.9225713884377,36.0766997215744,South
NC,Beaufort,37013,10.9,45.0,11.2,9.2,10.0,16.1,23.9,15.6,28.3,36.8,44481.0,-76.8589373781447,35.4941226525086,South
NC,Bertie,37015,13.2,50.0,12.0,9.6,10.7,18.3,21.7,19.3,34.2,43.0,16922.0,-76.9765261847155,36.066157443707,South
NC,Bladen,37017,12.0,46.3,11.6,9.1,10.0,16.8,24.2,16.6,31.3,41.3,29484.0,-78.5631528118713,34.6142975484762,South
NC,Brunswick,37019,7.9,41.6,10.4,8.8,8.5,12.4,23.4,13.5,22.5,32.8,159964.0,-78.2376597098153,34.0703788434431,South
NC,Buncombe,37021,9.0,36.1,10.3,6.7,6.9,12.3,24.7,10.9,20.3,31.3,275901.0,-82.530385679713,35.6109780509856,South
NC,Burke,37023,11.6,40.4,10.9,8.6,9.8,17.0,26.1,13.8,28.4,36.8,88338.0,-81.70486114808,35.7494843806822,South
NC,Cabarrus,37025,9.9,34.7,10.4,5.5,5.8,12.4,23.4,10.8,21.7,33.3,240016.0,-80.5518327021882,35.3869793087838,South
NC,Caldwell,37027,11.3,39.8,11.0,8.4,9.6,17.0,26.3,13.2,27.3,33.4,80574.0,-81.5466545637271,35.9530956685159,South
NC,Camden,37029,8.2,35.6,10.6,6.1,6.5,13.1,24.6,10.7,21.2,35.2,11137.0,-76.2049603642896,36.3863407828493,South
NC,Carteret,37031,8.0,40.5,10.4,8.1,8.1,12.7,24.1,12.5,22.1,34.0,69615.0,-76.6542732540305,34.8273639547444,South
NC,Caswell,37033,11.8,44.1,11.3,8.5,9.5,16.9,23.5,15.5,28.9,39.3,22807.0,-79.333539673756,36.393167608535,South
NC,Catawba,37035,10.9,37.4,10.7,7.1,7.8,14.7,25.7,12.1,24.3,37.4,164645.0,-81.2149250535504,35.6622179779733,South
NC,Chatham,37037,9.3,39.9,10.2,7.8,7.3,11.5,22.1,12.9,22.5,30.1,81624.0,-79.2552206168112,35.7026752604208,South
NC,Cherokee,37039,9.2,44.8,10.7,10.3,10.8,15.6,25.4,15.2,27.1,34.8,29959.0,-84.0637476312268,35.1337276354312,South
NC,Chowan,37041,11.2,47.1,11.5,9.5,10.5,16.8,23.5,17.0,30.2,40.4,13891.0,-76.6081998621462,36.1488065523219,South
NC,Clay,37043,8.5,44.3,10.5,9.9,10.0,13.8,24.7,14.3,25.5,35.3,11864.0,-83.7497979844905,35.0571247338988,South
NC,Cleveland,37045,10.9,41.1,11.5,7.8,9.1,16.4,25.9,13.6,27.5,38.6,101378.0,-81.5554731480207,35.3336676514711,South
NC,Columbus,37047,12.3,44.6,11.8,8.6,10.0,18.3,24.4,15.6,31.1,41.1,50121.0,-78.6551028425544,34.2655540076522,South
NC,Craven,37049,10.2,39.5,10.9,7.4,7.9,14.0,24.3,12.5,24.8,36.9,102391.0,-77.0916632156451,35.1237779325124,South
NC,Cumberland,37051,11.8,37.6,11.4,5.7,6.5,14.8,25.0,12.2,25.3,40.1,337890.0,-78.8276708613151,35.0486561560424,South
NC,Currituck,37053,8.1,35.2,10.4,6.3,6.7,13.2,24.7,10.7,21.6,34.5,31593.0,-76.0039069482098,36.4032422089498,South
NC,Dare,37055,7.3,38.0,10.1,7.1,7.0,11.4,24.1,11.2,20.2,31.6,38110.0,-75.7824832328063,35.7631926889993,South
NC,Davidson,37057,11.1,38.6,11.0,7.6,8.7,15.8,25.6,12.7,26.5,36.2,174804.0,-80.2126241733172,35.79334763177,South
NC,Davie,37059,9.4,39.1,10.5,7.5,7.8,13.5,24.8,12.1,23.6,33.4,44599.0,-80.5445531639191,35.9288732524121,South
NC,Duplin,37061,15.8,42.9,11.2,8.4,9.4,16.3,23.4,15.5,29.9,39.4,49520.0,-77.9328634793398,34.9363853110288,South
NC,Durham,37063,9.6,32.9,10.8,5.0,5.1,10.7,22.9,10.5,21.6,36.1,336892.0,-78.8762704368696,36.0359200892271,South
NC,Edgecombe,37065,13.0,47.6,12.4,8.8,10.0,17.7,22.7,17.9,33.5,43.7,48832.0,-77.5971756410996,35.913040080039,South
NC,Forsyth,37067,10.9,36.7,11.1,6.5,7.0,13.4,23.4,12.4,25.2,41.2,392921.0,-80.2562678118814,36.1306194708921,South
NC,Franklin,37069,11.1,38.6,11.0,6.8,7.6,14.8,24.5,12.8,25.0,38.8,77001.0,-78.2855965915324,36.0827093866128,South
NC,Gaston,37071,10.9,37.1,11.1,6.7,7.7,15.0,25.3,12.3,25.3,36.2,237242.0,-81.1801972591213,35.2943611535336,South
NC,Gates,37073,10.1,44.6,11.5,8.6,9.5,16.6,24.2,15.8,29.2,39.0,10343.0,-76.7006756971434,36.4450179921853,South
NC,Graham,37075,9.9,40.5,10.9,8.7,9.2,15.7,25.4,13.1,25.7,35.1,8052.0,-83.8330304431855,35.3499181619087,South
NC,Granville,37077,11.6,40.7,11.3,7.2,8.0,15.4,23.4,13.6,26.5,36.2,62192.0,-78.6528560993089,36.3038620044075,South
NC,Greene,37079,16.9,43.0,11.3,8.1,9.6,19.6,23.4,15.9,32.4,42.8,20530.0,-77.6758039116837,35.4849054091072,South
NC,Guilford,37081,10.3,36.9,11.2,6.1,6.5,13.0,24.2,12.2,23.7,38.0,549866.0,-79.7889017999481,36.079488692501,South
NC,Halifax,37083,13.6,49.7,12.4,9.8,11.5,19.8,22.5,19.4,35.2,42.6,47298.0,-77.6516450517141,36.257829844498,South
NC,Harnett,37085,12.1,37.7,11.0,6.2,7.1,15.3,26.0,11.8,25.9,36.9,141477.0,-78.8699035439401,35.3688284194037,South
NC,Haywood,37087,9.0,40.2,10.6,8.3,8.7,13.9,26.4,12.4,23.9,33.3,62969.0,-82.9820402617006,35.5556752243833,South
NC,Henderson,37089,9.9,38.8,10.3,8.2,8.2,12.7,23.8,12.5,23.2,30.3,119230.0,-82.4800088797413,35.336054724191,South
NC,Hertford,37091,12.9,48.1,12.3,9.1,10.2,17.6,22.6,18.9,33.2,42.5,19453.0,-76.9818607276757,36.3588871196747,South
NC,Hoke,37093,13.0,38.2,11.7,6.0,7.0,16.5,24.7,13.3,28.0,38.5,54446.0,-79.2373149494308,35.0172991021942,South
NC,Hyde,37095,13.7,46.5,11.0,9.6,10.8,19.0,23.2,17.0,31.5,41.0,4607.0,-76.246508754071,35.5192667562167,South
NC,Iredell,37097,9.1,36.4,10.5,6.2,6.6,12.9,24.4,10.7,21.6,32.8,199710.0,-80.8731910815794,35.8070107330188,South
NC,Jackson,37099,9.8,35.5,11.1,7.4,8.2,14.2,27.2,12.1,24.2,34.5,44574.0,-83.140690459055,35.2882917929266,South
NC,Johnston,37101,11.4,35.1,10.8,5.9,6.6,14.2,24.3,11.6,23.6,35.1,241955.0,-78.365753932271,35.5179210737528,South
NC,Jones,37103,11.8,46.3,11.6,9.4,10.8,18.1,24.7,17.0,30.9,40.0,9401.0,-77.3548950478113,35.0214417782855,South
NC,Lee,37105,13.8,38.4,10.9,7.2,8.0,15.5,24.4,13.5,27.4,37.8,67059.0,-79.1714912683052,35.4750989187809,South
NC,Lenoir,37107,13.9,46.9,12.2,9.5,11.1,19.3,24.2,17.8,34.2,42.4,54895.0,-77.6409595927808,35.2387324403638,South
NC,Lincoln,37109,9.4,37.6,10.6,7.0,7.6,14.0,25.1,11.5,22.9,35.0,95675.0,-81.2240721915513,35.4855553677493,South
NC,Macon,37113,10.4,43.5,10.6,9.6,10.1,14.9,25.4,14.2,27.0,35.3,38412.0,-83.4217780844555,35.1506263752147,South
NC,Madison,37115,8.8,38.3,10.7,7.6,8.1,13.9,25.8,11.6,23.0,34.6,22071.0,-82.7057879444013,35.8579929239928,South
NC,Martin,37117,11.8,47.5,12.0,9.5,10.6,17.3,23.8,17.8,31.2,40.4,21447.0,-77.1093472458262,35.8432221253514,South
NC,McDowell,37111,11.2,39.8,10.9,8.3,9.6,17.0,26.1,13.0,26.3,35.2,44893.0,-82.0487203388744,35.6823599984024,South
NC,Mecklenburg,37119,10.1,31.0,10.4,4.8,5.0,10.8,22.7,10.1,20.9,29.7,1163701.0,-80.8328001765676,35.2467186870894,South
NC,Mitchell,37121,9.3,40.3,10.6,8.4,9.0,14.6,25.6,12.8,24.9,37.2,14999.0,-82.1631707071333,36.0134689001414,South
NC,Montgomery,37123,13.5,42.8,11.1,8.8,9.8,16.4,24.5,15.1,28.9,38.7,26085.0,-79.9051746925854,35.3323223366211,South
NC,Moore,37125,8.4,38.3,10.3,7.3,7.0,11.4,23.5,11.5,21.0,32.6,106898.0,-79.4810833853778,35.3107524292018,South
NC,Nash,37127,11.6,42.5,11.5,7.5,8.3,15.6,22.8,15.0,28.9,38.4,96551.0,-77.9860103790339,35.9677050225842,South
NC,New Hanover,37129,8.4,34.7,10.5,6.3,6.5,11.6,25.0,10.6,20.9,31.1,238852.0,-77.8842723951621,34.2328162979962,South
NC,Northampton,37131,11.7,52.0,12.0,10.6,11.2,17.2,21.9,20.3,33.6,42.7,16715.0,-77.3963332385957,36.4178811426774,South
NC,Onslow,37133,11.7,28.8,10.2,4.7,5.6,13.3,24.4,8.6,20.9,33.4,213676.0,-77.4275153859824,34.7305699378555,South
NC,Orange,37135,7.5,30.2,10.2,5.2,5.0,9.3,24.4,9.3,18.1,28.0,150626.0,-79.1206058027686,36.0613413706585,South
NC,Pamlico,37137,9.6,46.0,10.6,9.6,9.6,14.3,23.0,15.2,26.5,36.0,12423.0,-76.7287126546537,35.1471252533281,South
NC,Pasquotank,37139,10.0,39.3,11.3,6.7,7.2,13.9,23.7,13.0,25.2,38.3,41444.0,-76.2844399122087,36.2952169111293,South
NC,Pender,37141,9.6,37.3,10.7,6.8,7.3,14.3,24.8,11.8,22.1,36.3,68521.0,-77.9052662106959,34.5249111261759,South
NC,Perquimans,37143,9.9,44.9,11.1,9.2,9.7,15.2,23.7,15.3,27.4,37.3,13377.0,-76.4398245484823,36.2049769828067,South
NC,Person,37145,10.8,43.2,11.4,8.2,9.1,16.2,24.8,14.9,28.4,38.8,39737.0,-78.9717598158032,36.3900143908706,South
NC,Pitt,37147,10.2,34.7,11.5,6.0,6.7,13.8,25.2,12.0,25.2,39.0,175119.0,-77.374678818702,35.5934498276118,South
NC,Polk,37149,8.8,43.8,10.5,9.5,9.4,13.0,23.8,14.1,25.1,35.2,20060.0,-82.170181353608,35.2792484455477,South
NC,Randolph,37151,13.0,39.1,10.9,7.8,9.2,16.7,26.5,13.2,27.8,39.9,147458.0,-79.8059275016308,35.7103579095623,South
NC,Richmond,37153,13.4,43.9,12.1,8.8,10.6,19.5,25.9,16.4,32.1,42.9,42324.0,-79.7480501194479,35.0059731618643,South
NC,Robeson,37155,16.2,45.6,13.3,9.3,11.4,22.5,22.9,18.4,35.6,47.9,117365.0,-79.1037511522453,34.6404234382968,South
NC,Rockingham,37157,11.7,42.5,11.3,8.4,9.7,17.3,25.2,14.5,28.6,37.3,92518.0,-79.7749885459399,36.3960168778977,South
NC,Rowan,37159,11.7,37.7,11.0,7.3,8.4,15.9,24.7,12.7,27.3,37.4,151661.0,-80.5247968376348,35.639349134151,South
NC,Rutherford,37161,11.2,41.7,11.3,8.9,10.3,17.3,26.7,14.4,28.8,38.1,65507.0,-81.9203691777493,35.4025792890745,South
NC,Sampson,37163,15.4,42.6,11.3,8.1,9.2,17.2,24.5,15.6,30.6,41.8,59601.0,-78.3716173368201,34.9921847299645,South
NC,Scotland,37165,14.2,46.1,12.4,9.0,10.9,21.3,24.3,17.4,33.7,45.2,34376.0,-79.4801629069361,34.8409047045285,South
NC,Stanly,37167,10.8,38.4,11.0,7.6,8.6,16.0,25.7,12.7,25.4,36.3,65699.0,-80.2512803776288,35.311751830322,South
NC,Stokes,37169,9.8,41.0,10.9,8.4,9.4,16.2,26.3,13.2,26.3,37.1,45532.0,-80.2396598174591,36.4019024419799,South
NC,Surry,37171,12.5,40.4,11.2,8.7,10.1,17.1,27.0,13.7,28.8,40.9,71462.0,-80.6880595387123,36.4143133430213,South
NC,Swain,37173,11.4,41.7,12.1,8.7,10.3,19.8,26.7,15.2,28.0,40.7,13916.0,-83.4925803630805,35.4868277405668,South
NC,Transylvania,37175,7.9,42.3,10.3,9.0,8.5,12.0,24.2,12.9,22.3,33.7,33549.0,-82.7987373770396,35.2014202945151,South
NC,Tyrrell,37177,14.1,46.2,11.1,9.7,10.6,18.1,22.9,17.5,32.1,41.3,3461.0,-76.2078458813114,35.8180871559222,South
NC,Union,37179,9.3,33.6,10.3,5.5,5.7,11.9,24.1,10.5,21.6,33.4,256452.0,-80.5307553094627,34.9884050314763,South
NC,Vance,37181,13.2,45.1,12.0,8.3,9.4,17.3,23.1,16.8,31.3,42.6,42301.0,-78.4079704512629,36.3651057008362,South
NC,Wake,37183,7.9,32.2,10.1,4.7,4.6,9.6,23.1,9.5,18.0,29.3,1190275.0,-78.6503446201168,35.7900594036584,South
NC,Warren,37185,12.7,50.4,11.9,10.5,11.5,18.6,22.2,20.0,33.8,43.9,18836.0,-78.1065171313416,36.3966767382286,South
NC,Washington,37187,12.8,51.8,12.2,11.1,12.4,19.0,23.4,20.6,35.0,43.6,10713.0,-76.5770084500192,35.8231123664106,South
NC,Watauga,37189,8.8,31.3,10.9,6.3,7.0,12.3,28.5,9.8,21.5,33.0,54748.0,-81.6965516146841,36.2310171963868,South
NC,Wayne,37191,13.0,41.1,11.5,7.4,8.4,16.2,24.2,14.2,28.3,39.5,118686.0,-78.0039504800588,35.3637958601789,South
NC,Wilkes,37193,11.8,41.5,11.0,9.0,10.4,17.1,26.8,13.9,28.0,38.0,66013.0,-81.1632504740295,36.2059050717718,South
NC,Wilson,37195,13.8,44.7,11.9,8.6,9.9,18.0,23.8,16.8,31.9,38.4,78970.0,-77.9185488995394,35.7052197078408,South
NC,Yadkin,37197,11.9,40.6,10.9,8.4,9.5,16.3,26.3,13.3,27.1,36.3,37774.0,-80.6651545675768,36.1601990907039,South
NC,Yancey,37199,10.4,41.4,10.8,9.1,10.0,15.9,26.1,13.7,26.5,35.6,18938.0,-82.30769414617,35.8991764909611,South
ND,Adams,38001,8.0,41.2,10.0,9.7,9.2,15.3,19.1,14.1,29.0,34.8,2163.0,-102.5284049481,46.0968716061517,Midwest
ND,Barnes,38003,6.8,36.2,9.9,7.5,7.0,13.3,20.0,11.5,23.8,37.7,10726.0,-98.0716472520206,46.9359126093315,Midwest
ND,Benson,38005,9.8,40.3,12.4,9.0,9.8,22.0,21.5,15.4,31.3,43.3,5745.0,-99.3657508558668,48.069371377325,Midwest
ND,Billings,38007,7.2,38.5,9.4,8.4,7.2,13.5,18.6,12.1,24.8,36.4,1034.0,-103.376280247204,47.0236619758294,Midwest
ND,Bottineau,38009,6.7,38.8,10.0,8.0,7.3,13.4,19.2,11.9,24.4,37.7,6349.0,-100.833207106085,48.7921188986566,Midwest
ND,Bowman,38011,7.9,36.7,9.9,7.8,7.4,13.6,19.2,11.4,24.5,36.3,2867.0,-103.520447958008,46.1126064758621,Midwest
ND,Burke,38013,6.9,37.2,9.7,7.3,6.7,13.1,19.3,11.1,22.6,37.3,2134.0,-102.518197767457,48.7909158841652,Midwest
ND,Burleigh,38015,6.3,30.8,9.8,5.9,5.6,11.8,19.1,9.3,18.4,35.2,100012.0,-100.468920390691,46.9775169860994,Midwest
ND,Cass,38017,6.3,27.5,9.8,4.8,4.5,11.2,23.8,7.9,17.6,33.8,196362.0,-97.2481968440854,46.9329709559949,Midwest
ND,Cavalier,38019,6.6,39.7,9.7,8.5,7.2,12.4,19.0,11.8,23.9,39.5,3596.0,-98.4646935090672,48.7723779711698,Midwest
ND,Dickey,38021,7.4,35.1,10.1,7.3,7.0,13.8,20.3,11.2,24.3,38.7,4900.0,-98.5049110912084,46.1102015629809,Midwest
ND,Divide,38023,7.6,38.6,10.0,8.6,7.8,14.1,19.3,12.6,25.6,37.4,2135.0,-103.487209803816,48.8149695350934,Midwest
ND,Dunn,38025,7.8,35.2,10.1,7.1,6.8,14.8,19.7,11.5,24.0,36.7,4019.0,-102.618267955259,47.3566450598152,Midwest
ND,Eddy,38027,8.1,39.1,10.5,8.8,8.7,16.2,20.4,13.5,27.5,38.7,2263.0,-98.9018655003493,47.7175022446221,Midwest
ND,Emmons,38029,7.5,40.8,10.1,9.5,8.8,14.7,19.0,13.5,26.0,38.1,3224.0,-100.238744597709,46.2850033756392,Midwest
ND,Foster,38031,6.6,37.8,10.0,7.8,7.2,13.3,19.8,11.8,24.4,35.7,3309.0,-98.8828143321964,47.4570556413671,Midwest
ND,Golden Valley,38033,7.6,41.1,10.3,9.4,8.8,15.6,19.9,13.7,28.7,37.6,1743.0,-103.846613268804,46.9402478503952,Midwest
ND,Grand Forks,38035,7.1,28.2,10.4,5.4,5.3,11.3,23.0,9.1,21.5,35.2,72708.0,-97.4570319637973,47.9218683794725,Midwest
ND,Grant,38037,8.0,44.5,10.3,11.0,10.3,16.4,19.6,15.2,30.9,41.3,2215.0,-101.640754056464,46.3576616136167,Midwest
ND,Griggs,38039,6.5,41.0,9.4,9.0,7.7,12.3,18.1,12.3,23.9,36.8,2248.0,-98.2369556326837,47.457100186765,Midwest
ND,Hettinger,38041,7.3,37.3,10.2,8.1,7.5,14.5,20.0,11.7,25.1,37.4,2415.0,-102.460546833439,46.4325285789278,Midwest
ND,Kidder,38043,7.4,39.7,9.9,8.9,8.1,14.5,19.7,12.8,26.9,39.9,2342.0,-99.7801135265319,46.9800645895012,Midwest
ND,LaMoure,38045,7.3,38.2,9.9,8.8,8.0,13.8,18.8,12.5,25.8,34.4,4096.0,-98.5353641660594,46.4568593866168,Midwest
ND,Logan,38047,8.1,40.5,10.2,9.6,8.9,14.9,19.7,13.2,27.9,39.8,1869.0,-99.4770599172586,46.4572748811242,Midwest
ND,McHenry,38049,7.5,38.4,10.0,7.8,7.6,15.2,19.8,11.9,26.2,42.1,5131.0,-100.636366140293,48.2345457396135,Midwest
ND,McIntosh,38051,8.6,42.4,10.2,10.1,9.7,15.6,19.1,14.4,29.2,35.8,2488.0,-99.4415001719655,46.1117371127259,Midwest
ND,McKenzie,38053,9.4,30.4,10.3,5.4,5.6,15.2,20.8,9.6,23.9,41.1,14252.0,-103.395521983973,47.7401830034717,Midwest
ND,McLean,38055,6.6,39.0,9.9,8.1,7.2,13.6,19.8,12.1,25.2,40.2,9832.0,-101.321970767791,47.6070012811029,Midwest
ND,Mercer,38057,7.5,38.2,10.3,8.2,7.9,15.1,19.9,12.2,25.3,39.8,8309.0,-101.831546490259,47.3092014368661,Midwest
ND,Morton,38059,7.1,32.6,10.2,6.2,5.9,13.5,21.0,9.6,22.5,38.6,33895.0,-101.280867829617,46.7156269060816,Midwest
ND,Mountrail,38061,10.1,34.7,11.2,6.9,7.3,19.2,20.5,12.8,29.8,42.2,9383.0,-102.355736666559,48.2011749180463,Midwest
ND,Nelson,38063,6.9,40.0,9.7,8.5,7.5,13.2,19.4,12.4,23.8,39.6,2991.0,-98.1920698897068,47.9216773159299,Midwest
ND,Oliver,38065,6.4,37.3,9.8,7.9,7.0,13.1,19.0,11.7,24.0,34.6,1879.0,-101.340679604409,47.1153026109609,Midwest
ND,Pembina,38067,8.0,38.5,9.8,8.6,7.8,14.7,19.7,12.8,26.5,41.9,6661.0,-97.5515587492834,48.7673003876886,Midwest
ND,Pierce,38069,7.0,36.9,10.1,8.0,7.5,14.2,20.2,12.1,25.8,40.7,3902.0,-99.9717928450747,48.2496089193357,Midwest
ND,Ramsey,38071,7.7,36.8,10.2,8.1,7.9,15.4,20.5,12.3,26.0,40.8,11463.0,-98.7196582443266,48.2692014615205,Midwest
ND,Ransom,38073,7.7,36.9,9.9,7.8,7.4,14.8,19.9,12.1,25.1,37.9,5603.0,-97.6574454800637,46.4562203599043,Midwest
ND,Renville,38075,7.0,36.2,9.9,7.2,6.9,14.1,19.7,11.1,24.4,39.0,2279.0,-101.657740690503,48.7189833079028,Midwest
ND,Richland,38077,7.1,34.7,10.0,7.0,6.6,13.2,21.6,10.5,23.7,36.1,16558.0,-96.9482681184316,46.2646218900275,Midwest
ND,Rolette,38079,10.8,40.3,13.8,8.5,9.7,25.9,22.0,17.9,34.5,50.2,11728.0,-99.8409780101314,48.7724504206484,Midwest
ND,Sargent,38081,7.5,36.7,9.7,7.7,7.0,13.8,19.5,11.8,24.5,41.2,3776.0,-97.630569585494,46.1078672572219,Midwest
ND,Sheridan,38083,7.5,44.1,9.8,10.5,9.0,13.8,18.9,13.9,28.2,36.2,1266.0,-100.345586051692,47.5755243498147,Midwest
ND,Sioux,38085,13.3,41.3,14.7,9.9,12.2,32.9,23.9,20.2,39.1,49.1,3643.0,-101.040403621704,46.1125400379679,Midwest
ND,Slope,38087,6.9,44.4,9.8,10.3,9.4,15.2,18.6,14.6,27.0,38.3,674.0,-103.460105506428,46.4472025925483,Midwest
ND,Stark,38089,8.5,31.7,9.8,6.0,6.0,14.1,19.7,9.5,23.5,37.4,33001.0,-102.655043116578,46.8106409409199,Midwest
ND,Steele,38091,7.1,38.8,9.8,8.7,7.9,14.2,19.5,12.7,24.9,35.0,1782.0,-97.7246625634281,47.4561586889749,Midwest
ND,Stutsman,38093,7.9,33.7,10.3,7.3,7.3,15.3,20.6,10.9,24.7,39.7,21392.0,-98.9588320811565,46.9792224570658,Midwest
ND,Towner,38095,8.6,43.3,10.5,10.1,9.9,16.9,20.0,15.0,30.3,43.9,2030.0,-99.2456367154064,48.6856062470282,Midwest
ND,Traill,38097,6.8,34.3,9.7,6.8,6.2,12.3,19.5,10.5,22.5,38.2,7908.0,-97.1616469360157,47.4540869337137,Midwest
ND,Walsh,38099,9.9,37.4,9.9,8.2,7.8,14.8,19.4,12.4,26.7,35.8,10305.0,-97.7214186819972,48.3694863577566,Midwest
ND,Ward,38101,7.7,31.4,9.9,5.3,5.2,12.6,20.5,8.8,22.6,33.9,68332.0,-101.541835146962,48.2217420488633,Midwest
ND,Wells,38103,7.3,40.6,10.1,9.5,9.0,14.7,19.2,13.8,27.0,37.8,3876.0,-99.6609313228591,47.5874671044257,Midwest
ND,Williams,38105,9.5,30.4,10.2,5.1,5.4,15.6,21.2,8.9,24.1,40.4,39113.0,-103.480093794057,48.3438152047439,Midwest
NE,Adams,31001,9.8,35.6,9.2,7.1,7.0,13.6,19.7,11.8,26.9,41.2,30899.0,-98.5011936003364,40.5244942129641,Midwest
NE,Antelope,31003,8.7,38.7,9.2,8.2,8.1,14.4,16.6,12.9,28.5,42.4,6302.0,-98.0666055560405,42.1769700413297,Midwest
NE,Arthur,31005,7.3,37.3,9.3,8.0,7.5,13.6,17.5,12.1,26.6,41.7,412.0,-101.695898453118,41.5690395863461,Midwest
NE,Banner,31007,8.9,39.2,9.1,8.2,7.5,12.8,16.3,13.1,27.2,38.5,674.0,-103.711073037199,41.5463470033044,Midwest
NE,Blaine,31009,7.9,39.7,9.4,8.3,8.1,15.1,17.4,13.3,29.2,39.3,436.0,-99.9767855741633,41.9128133505015,Midwest
NE,Boone,31011,9.2,37.4,8.9,8.2,8.0,14.8,16.8,12.7,29.4,33.1,5310.0,-98.0670398397718,41.7067895094831,Midwest
NE,Box Butte,31013,10.8,36.6,9.2,7.7,7.6,14.8,16.8,13.0,30.4,38.8,10692.0,-103.085795725889,42.2198664468014,Midwest
NE,Boyd,31015,8.4,43.0,9.0,9.8,9.3,14.7,16.0,14.8,30.5,37.9,1725.0,-98.7660858450146,42.8996687200276,Midwest
NE,Brown,31017,10.0,39.3,9.3,8.5,8.4,14.7,17.0,13.2,29.2,40.2,2853.0,-99.9294960789212,42.4301633100803,Midwest
NE,Buffalo,31019,9.2,32.0,9.2,5.9,5.8,12.2,18.1,9.6,23.7,37.3,50697.0,-99.0753138152132,40.8549140546781,Midwest
NE,Burt,31021,8.7,39.9,9.2,8.3,8.1,15.2,17.2,13.1,29.1,40.3,6727.0,-96.3286175178258,41.8515454666432,Midwest
NE,Butler,31023,8.8,34.8,9.2,7.1,7.0,14.1,16.3,11.3,27.3,38.6,8459.0,-97.1317081186988,41.2259312239068,Midwest
NE,Cass,31025,7.5,34.5,9.2,6.4,6.2,13.0,18.2,10.8,25.2,40.2,27446.0,-96.1409357262604,40.9097796883815,Midwest
NE,Cedar,31027,7.5,35.5,9.0,7.3,6.9,12.5,15.9,11.3,25.4,40.2,8262.0,-97.2523825573768,42.5991908154162,Midwest
NE,Chase,31029,11.2,36.8,9.1,8.1,7.7,14.0,16.3,12.7,30.0,36.9,3724.0,-101.697940676881,40.5237100804625,Midwest
NE,Cherry,31031,8.6,37.5,9.5,8.2,8.1,15.4,17.1,13.1,28.4,40.8,5492.0,-101.118490615743,42.5449842734791,Midwest
NE,Cheyenne,31033,9.6,37.5,9.3,7.9,8.0,15.1,17.1,12.9,29.9,34.7,9541.0,-102.995099503989,41.2196047468942,Midwest
NE,Clay,31035,9.6,35.5,9.2,7.3,7.2,14.9,16.9,11.8,27.6,40.1,6116.0,-98.0513042084364,40.5244040381913,Midwest
NE,Colfax,31037,19.8,32.1,8.5,6.6,6.5,14.4,14.1,13.2,32.3,38.8,10566.0,-97.0863357197511,41.573962665007,Midwest
NE,Cuming,31039,10.1,37.5,8.9,7.7,7.3,13.5,16.7,12.1,28.4,40.4,8918.0,-96.7873443172447,41.9163605568558,Midwest
NE,Custer,31041,8.3,37.9,9.2,7.7,7.5,14.1,16.6,12.2,28.3,40.0,10581.0,-99.7259261660221,41.3939884286775,Midwest
NE,Dakota,31043,17.5,31.7,8.9,6.3,6.3,14.7,15.9,12.8,32.9,44.3,21268.0,-96.5647947059576,42.3911423642354,Midwest
NE,Dawes,31045,7.8,32.2,9.4,6.5,6.3,12.3,18.2,10.6,25.7,35.5,8133.0,-103.135412749731,42.7200608375704,Midwest
NE,Dawson,31047,18.0,35.0,8.7,7.0,6.9,15.0,15.4,13.5,32.8,41.1,24085.0,-99.8196323284575,40.8699021971953,Midwest
NE,Deuel,31049,9.1,41.6,9.3,9.1,8.5,14.6,16.9,14.2,29.4,39.8,1871.0,-102.333875411547,41.111543648751,Midwest
NE,Dixon,31051,12.0,36.8,9.0,8.3,8.1,15.3,15.8,13.2,31.3,43.3,5491.0,-96.8678961363766,42.4933821972659,Midwest
NE,Dodge,31053,12.2,34.1,9.1,7.0,7.2,15.0,16.6,11.9,28.4,39.7,37187.0,-96.654407836059,41.5779256697394,Midwest
NE,Douglas,31055,10.3,30.6,8.7,5.3,5.6,13.4,18.9,9.8,22.1,36.9,589540.0,-96.1549052296409,41.2954415594743,Midwest
NE,Dundy,31057,9.2,41.2,9.3,9.0,8.6,14.3,16.7,14.2,29.6,37.0,1561.0,-101.687804256446,40.1762531526083,Midwest
NE,Fillmore,31059,8.1,36.9,9.3,7.6,7.3,14.0,16.6,12.3,28.6,42.1,5548.0,-97.5964583423922,40.5246464683652,Midwest
NE,Franklin,31061,8.9,41.9,9.4,9.5,9.2,15.9,17.8,14.2,30.7,39.2,2825.0,-98.952831971485,40.1763829630923,Midwest
NE,Frontier,31063,8.1,36.5,9.2,7.9,7.4,13.0,16.6,11.9,26.7,37.4,2585.0,-100.393745032944,40.5299425294288,Midwest
NE,Furnas,31065,9.5,39.6,9.4,8.7,8.5,14.9,17.1,13.5,29.1,44.4,4556.0,-99.9124933288443,40.1764626253683,Midwest
NE,Gage,31067,8.9,39.6,9.4,7.9,8.1,15.8,17.6,12.6,28.7,41.8,21634.0,-96.6894103367667,40.2618261049552,Midwest
NE,Garden,31069,9.2,44.0,9.4,10.2,9.9,15.9,16.9,15.5,32.6,40.2,1794.0,-102.335295783611,41.619180104333,Midwest
NE,Garfield,31071,7.2,38.0,9.0,8.4,7.5,12.4,16.2,12.3,26.7,38.8,1763.0,-98.9911182720622,41.9142895478018,Midwest
NE,Gosper,31073,8.0,37.6,9.0,8.0,7.2,13.2,16.4,12.4,26.5,38.4,1847.0,-99.8302615243112,40.514766829776,Midwest
NE,Grant,31075,7.3,37.6,9.1,7.8,7.3,13.3,17.0,12.1,25.9,36.5,565.0,-101.740672839089,41.9152729919026,Midwest
NE,Greeley,31077,8.9,37.8,9.0,8.3,8.0,14.3,16.5,12.6,28.5,34.7,2219.0,-98.5214511885459,41.5674345819884,Midwest
NE,Hall,31079,16.1,32.8,8.8,6.7,6.9,14.6,16.4,12.0,31.2,41.2,62197.0,-98.5021800441463,40.872610586457,Midwest
NE,Hamilton,31081,7.5,34.3,9.2,6.8,6.4,12.5,16.9,10.5,24.7,40.7,9537.0,-98.0227978238455,40.873183194415,Midwest
NE,Harlan,31083,8.2,39.4,9.1,8.5,8.0,14.0,16.6,13.0,29.3,35.4,3045.0,-99.4043547661144,40.1765673463379,Midwest
NE,Hayes,31085,9.6,40.8,8.9,9.5,8.7,14.4,16.5,14.1,31.2,41.0,846.0,-101.061633425923,40.5244786517051,Midwest
NE,Hitchcock,31087,8.8,40.4,9.3,8.7,8.5,14.8,17.2,13.4,29.8,41.6,2552.0,-101.041976225201,40.1761669175728,Midwest
NE,Holt,31089,9.2,36.6,9.2,8.2,8.1,14.3,16.0,12.9,29.4,38.4,10093.0,-98.7837937755816,42.4555887172756,Midwest
NE,Hooker,31091,8.3,39.8,9.2,8.6,8.3,14.6,16.9,13.3,29.0,39.7,679.0,-101.135429269062,41.9158624344569,Midwest
NE,Howard,31093,7.8,37.6,9.1,7.3,7.0,13.7,16.8,11.5,27.6,38.6,6527.0,-98.5166421510037,41.220010027479,Midwest
NE,Jefferson,31095,8.8,37.6,9.2,8.1,7.7,14.6,17.7,13.4,29.4,37.4,7054.0,-97.1426241579072,40.1757684728569,Midwest
NE,Johnson,31097,12.3,34.3,8.5,6.8,6.9,15.6,15.7,11.6,30.3,38.1,5198.0,-96.2651014055988,40.392522032894,Midwest
NE,Kearney,31099,7.8,33.3,9.0,6.7,6.2,12.4,16.8,10.8,24.8,38.3,6770.0,-98.947942751182,40.5067089531434,Midwest
NE,Keith,31101,9.4,38.4,9.0,8.5,8.0,14.0,15.6,13.2,31.1,35.4,8113.0,-101.661634455601,41.1989355357846,Midwest
NE,Keya Paha,31103,8.9,41.7,8.9,10.1,9.0,13.9,16.0,14.2,30.1,36.6,805.0,-99.7121324494875,42.8788332283108,Midwest
NE,Kimball,31105,11.6,40.9,9.5,9.7,9.8,17.0,17.3,15.2,34.1,42.1,3289.0,-103.715000568722,41.1979208610612,Midwest
NE,Knox,31107,8.9,38.8,9.5,8.9,9.0,16.0,16.8,14.1,29.9,39.8,8298.0,-97.8918692211202,42.6368560722072,Midwest
NE,Lancaster,31109,8.7,30.0,9.2,5.5,5.5,11.7,20.5,9.6,20.2,34.4,326716.0,-96.6877342192377,40.7841315891731,Midwest
NE,Lincoln,31111,10.0,37.5,9.7,8.0,8.0,15.1,18.9,12.9,29.4,40.1,33365.0,-100.745358298708,41.0475515417827,Midwest
NE,Logan,31113,7.1,38.8,8.9,7.8,7.1,12.5,16.2,12.0,26.4,35.9,655.0,-100.481709521356,41.5664837079147,Midwest
NE,Loup,31115,7.0,40.1,8.8,8.7,7.8,12.7,15.9,13.5,27.2,36.4,592.0,-99.4544041549247,41.913719606335,Midwest
NE,Madison,31119,10.7,35.1,9.4,6.7,6.7,14.4,16.2,11.8,27.7,40.0,35627.0,-97.6007413254189,41.9166558603453,Midwest
NE,McPherson,31117,6.9,40.3,9.2,9.2,8.2,13.2,16.7,13.3,28.6,38.5,383.0,-101.059890687006,41.5680379638946,Midwest
NE,Merrick,31121,9.3,36.1,9.2,7.5,7.4,15.0,17.8,11.7,28.8,39.3,7755.0,-98.0376687632167,41.1692355513901,Midwest
NE,Morrill,31123,11.8,37.2,9.2,8.3,8.4,15.9,17.1,13.3,32.1,41.6,4504.0,-103.010622449925,41.7155952353238,Midwest
NE,Nance,31125,8.7,37.4,9.5,7.8,8.4,16.5,17.9,12.7,28.6,41.0,3274.0,-97.9923626121675,41.3973669035393,Midwest
NE,Nemaha,31127,9.1,33.7,9.5,7.4,7.6,14.8,18.4,11.7,29.6,40.7,7076.0,-95.8497433816405,40.387810513617,Midwest
NE,Nuckolls,31129,8.4,40.0,9.0,8.4,7.9,13.5,16.9,12.7,27.8,41.8,4095.0,-98.0473462211499,40.1763649753424,Midwest
NE,Otoe,31131,9.0,36.7,9.2,7.0,6.8,13.4,17.7,11.9,27.3,40.7,16335.0,-96.1350156393143,40.648571030446,Midwest
NE,Pawnee,31133,9.6,42.2,9.5,9.9,9.8,15.7,16.9,14.4,33.2,37.5,2512.0,-96.2370098185336,40.1313900367221,Midwest
NE,Perkins,31135,8.9,36.7,9.1,7.6,7.3,13.8,17.0,11.9,26.7,40.6,2795.0,-101.650140073647,40.8506321595162,Midwest
NE,Phelps,31137,9.3,35.3,9.2,7.3,7.3,14.5,17.9,11.5,27.2,38.6,9057.0,-99.4141068650729,40.5110183458877,Midwest
NE,Pierce,31139,7.9,34.4,9.1,7.0,6.8,13.7,17.1,10.9,26.9,38.9,7299.0,-97.6012319722309,42.2643702035229,Midwest
NE,Platte,31141,12.4,34.9,8.6,6.8,6.6,13.5,15.8,11.9,27.2,41.8,34609.0,-97.5207893131766,41.5711677915767,Midwest
NE,Polk,31143,9.1,37.0,9.0,7.6,7.2,13.6,16.5,12.0,28.3,40.4,5228.0,-97.5682104785757,41.1868788654639,Midwest
NE,Red Willow,31145,9.0,38.6,9.5,7.6,7.6,14.3,19.4,12.1,29.6,42.1,10457.0,-100.477329716049,40.1756372724134,Midwest
NE,Richardson,31147,8.7,41.1,9.4,8.4,8.4,15.7,17.7,14.0,31.5,45.3,7689.0,-95.7176760902879,40.1249750439117,Midwest
NE,Rock,31149,8.0,38.3,9.1,8.2,7.7,13.4,16.6,12.5,27.6,38.8,1271.0,-99.449849362226,42.4214023473833,Midwest
NE,Saline,31151,14.4,32.0,8.8,6.5,6.5,14.1,16.9,11.8,29.2,40.4,14555.0,-97.1408508718416,40.5240864322705,Midwest
NE,Sarpy,31153,7.9,30.1,8.6,4.7,4.6,11.1,17.5,9.4,21.3,35.9,199886.0,-96.1117019228892,41.1130904010973,Midwest
NE,Saunders,31155,7.2,34.8,8.9,6.4,6.1,12.8,16.5,10.5,23.5,39.3,23463.0,-96.637269187497,41.2262451114661,Midwest
NE,Scotts Bluff,31157,12.1,37.7,9.2,7.5,7.6,14.0,17.5,13.0,29.4,39.1,35699.0,-103.708261370054,41.8505600254678,Midwest
NE,Seward,31159,7.4,32.0,9.1,6.0,5.9,12.6,18.4,9.5,23.7,34.5,17671.0,-97.1395864811579,40.8724057251865,Midwest
NE,Sheridan,31161,9.8,40.7,9.5,8.9,8.7,15.0,16.4,13.9,32.1,36.0,4928.0,-102.408984015817,42.5045429279252,Midwest
NE,Sherman,31163,9.1,39.9,9.3,9.0,8.8,15.1,16.7,13.7,29.8,41.4,2983.0,-98.97571168813,41.220445026197,Midwest
NE,Sioux,31165,10.2,43.9,9.4,10.9,10.6,16.8,17.2,16.0,32.5,42.6,1154.0,-103.758803200722,42.4875737542202,Midwest
NE,Stanton,31167,8.7,34.3,9.1,7.1,6.8,13.6,16.4,11.5,27.5,39.8,5856.0,-97.1939060618896,41.9169600169038,Midwest
NE,Thayer,31169,8.5,38.4,9.3,8.4,8.4,15.0,17.4,13.2,29.2,40.0,4829.0,-97.5950617652115,40.176220357264,Midwest
NE,Thomas,31171,8.1,36.0,9.0,7.3,6.7,11.9,16.6,11.3,25.8,36.6,677.0,-100.555663288734,41.9135892531917,Midwest
NE,Thurston,31173,10.9,35.8,11.3,6.9,7.8,21.0,18.2,13.4,30.0,45.4,6557.0,-96.5439851418501,42.158194061662,Midwest
NE,Valley,31175,8.6,38.5,9.3,8.5,8.2,14.0,16.6,12.9,28.6,41.8,4012.0,-98.9820851122081,41.5672346166775,Midwest
NE,Washington,31177,7.0,34.2,8.9,6.3,6.0,12.2,17.7,10.7,23.1,41.2,21152.0,-96.2222040629342,41.5309617546696,Midwest
NE,Wayne,31179,8.9,29.0,9.2,5.8,5.8,12.0,18.2,9.7,25.2,37.3,9874.0,-97.1192717308651,42.2093316511452,Midwest
NE,Webster,31181,8.8,37.4,9.3,7.6,7.7,14.6,17.6,12.9,27.0,39.1,3351.0,-98.5000164412109,40.1764244981952,Midwest
NE,Wheeler,31183,7.5,40.6,8.8,8.5,7.6,12.8,15.8,13.2,26.7,38.4,775.0,-98.5279499784813,41.9148559513919,Midwest
NE,York,31185,9.2,34.0,9.4,7.1,7.0,14.1,17.3,11.2,26.8,40.9,14356.0,-97.5971025429162,40.8727678324978,Midwest
NH,Belknap,33001,6.6,35.7,10.3,7.0,7.5,12.2,23.1,10.5,20.8,30.5,65027.0,-71.4222926773562,43.5177681072851,Northeast
NH,Carroll,33003,6.2,35.1,10.0,7.8,7.5,10.7,21.5,10.7,20.5,30.7,52448.0,-71.2030777502208,43.8738665247946,Northeast
NH,Cheshire,33005,7.0,33.3,10.5,6.6,7.1,11.9,23.6,9.5,20.8,29.9,77703.0,-72.2512079776632,42.9195243861635,Northeast
NH,Coos,33007,8.6,38.2,11.5,8.4,9.5,15.2,22.6,13.0,28.1,36.4,31372.0,-71.305690701747,44.6896253528257,Northeast
NH,Grafton,33009,6.7,31.8,10.4,6.4,6.4,10.5,23.7,9.3,19.7,25.8,93146.0,-71.8207067350232,43.9406928660321,Northeast
NH,Hillsborough,33011,7.4,31.5,10.6,5.6,5.7,10.7,21.5,9.2,22.2,33.1,427354.0,-71.716084725208,42.9152741767087,Northeast
NH,Merrimack,33013,6.7,31.8,11.0,5.9,6.4,10.6,23.6,9.1,19.8,33.2,157103.0,-71.6802740843707,43.2974200794991,Northeast
NH,Rockingham,33015,5.9,34.7,10.0,5.7,5.7,9.9,21.7,9.1,18.8,31.2,320689.0,-71.1255643133012,42.9875838743513,Northeast
NH,Strafford,33017,6.7,30.9,10.7,5.3,6.0,10.7,26.3,8.6,19.3,32.4,133243.0,-71.0288452054873,43.296922710922,Northeast
NH,Sullivan,33019,7.8,36.1,10.8,7.3,8.0,13.0,24.1,11.2,24.6,33.5,43969.0,-72.2222089208157,43.361589446035,Northeast
NJ,Atlantic,34001,11.9,36.1,9.5,6.8,6.5,12.9,16.3,12.7,27.9,30.7,275213.0,-74.6614046747052,39.4779411555213,Northeast
NJ,Bergen,34003,9.8,32.5,8.0,5.2,4.4,8.4,14.0,9.7,21.7,25.6,957736.0,-74.0742715882702,40.959794755106,Northeast
NJ,Burlington,34005,8.3,34.0,9.2,5.6,5.2,10.9,15.7,10.5,23.6,30.2,469167.0,-74.6679370532551,39.8779607666987,Northeast
NJ,Camden,34007,11.6,33.4,9.7,5.7,5.7,13.1,17.6,11.4,26.3,29.8,527196.0,-74.9594885995399,39.8036787801213,Northeast
NJ,Cape May,34009,8.3,38.9,9.5,7.8,7.2,11.8,17.6,11.7,22.9,33.5,94610.0,-74.8006150705768,39.1494676186782,Northeast
NJ,Cumberland,34011,18.4,38.8,9.7,7.0,7.4,16.5,16.1,13.5,32.8,40.4,152326.0,-75.1109810247216,39.3732890063349,Northeast
NJ,Essex,34013,14.5,31.7,9.8,5.6,5.5,12.4,15.4,12.0,28.9,29.6,851117.0,-74.2472201241648,40.7873099971697,Northeast
NJ,Gloucester,34015,8.4,36.6,9.8,5.4,5.4,11.9,18.6,10.3,23.4,31.5,308423.0,-75.1406938541165,39.7171717201275,Northeast
NJ,Hudson,34017,14.6,28.6,8.4,4.7,4.1,10.6,14.2,10.5,27.9,27.9,705472.0,-74.0775216353661,40.7357102732875,Northeast
NJ,Hunterdon,34019,6.6,31.7,8.8,5.8,4.9,8.8,16.5,9.2,19.4,26.3,130183.0,-74.9124851360962,40.5676465335377,Northeast
NJ,Mercer,34021,11.4,31.2,9.0,5.4,4.9,10.5,14.8,11.1,24.4,25.4,381671.0,-74.7023323173661,40.2835018364703,Northeast
NJ,Middlesex,34023,10.8,33.2,8.4,5.1,4.4,10.0,12.7,11.6,25.3,29.9,863623.0,-74.410830751515,40.4395642172698,Northeast
NJ,Monmouth,34025,7.7,32.9,8.8,5.7,5.0,9.7,14.3,9.8,19.5,30.4,642799.0,-74.2208638905563,40.2604596957946,Northeast
NJ,Morris,34027,7.9,31.0,8.3,5.1,4.2,8.4,14.9,9.0,19.2,22.8,514423.0,-74.5446997444167,40.8621583671024,Northeast
NJ,Ocean,34029,9.5,35.0,9.2,7.0,6.8,13.3,16.1,11.4,25.8,29.8,659197.0,-74.2813321071752,39.8853077787669,Northeast
NJ,Passaic,34031,18.3,32.4,8.9,6.1,5.8,12.3,15.4,12.7,31.2,31.0,513395.0,-74.300886244069,41.0345539972896,Northeast
NJ,Salem,34033,11.0,37.4,10.1,6.9,7.2,14.7,18.6,11.9,27.9,34.0,65338.0,-75.3493244183429,39.5880166974188,Northeast
NJ,Somerset,34035,8.5,30.6,8.0,4.9,4.1,8.2,13.9,10.1,20.8,26.3,348842.0,-74.6164265267315,40.5636498200618,Northeast
NJ,Sussex,34037,8.3,33.3,9.4,5.8,5.4,11.2,18.2,9.5,21.3,26.9,146132.0,-74.6909743887244,41.139262339861,Northeast
NJ,Union,34039,15.0,33.7,9.0,5.5,5.0,11.4,14.3,11.6,25.5,29.7,572726.0,-74.3081933378035,40.6599800636579,Northeast
NJ,Warren,34041,9.1,34.5,9.3,6.1,5.8,11.6,17.8,10.0,25.0,32.5,111252.0,-74.9973900793085,40.8572932808304,Northeast
NM,Bernalillo,35001,14.0,33.5,9.7,6.5,5.6,12.0,24.6,11.6,23.2,33.0,671586.0,-106.670270116226,35.0512991138255,West
NM,Catron,35003,10.0,47.1,10.0,12.4,11.3,14.8,21.8,17.7,27.3,31.6,3825.0,-108.404715402876,33.9150903459717,West
NM,Chaves,35005,20.2,36.9,9.9,7.5,7.4,15.1,23.7,14.3,31.0,39.8,63561.0,-104.46703689208,33.3632971639634,West
NM,Cibola,35006,16.1,36.8,11.5,8.3,8.4,19.4,23.4,16.6,29.5,39.1,26780.0,-107.999572657595,34.9125517104749,West
NM,Colfax,35007,15.8,39.2,9.4,9.3,8.1,13.2,21.1,15.5,27.5,31.5,12255.0,-104.647040274355,36.6061708190588,West
NM,Curry,35009,17.6,32.2,10.3,6.4,6.7,14.4,24.6,12.0,28.5,39.4,47222.0,-103.346899801465,34.5742627079771,West
NM,De Baca,35011,15.3,40.6,10.0,9.8,8.8,14.1,22.5,15.3,27.7,32.5,1657.0,-104.412009264368,34.3425624314799,West
NM,DoÃ±a Ana,35013,19.7,32.5,9.4,6.7,6.0,12.1,22.0,13.7,27.7,35.9,225210.0,-106.832682203524,32.3526405105142,West
NM,Eddy,35015,16.9,32.2,9.7,6.3,5.9,13.3,22.8,11.6,26.7,39.8,60275.0,-104.30411650348,32.4715227070044,West
NM,Grant,35017,15.7,39.7,9.5,9.8,8.5,12.7,21.2,15.9,28.3,32.8,27472.0,-108.382402993198,32.7387900017059,West
NM,Guadalupe,35019,24.5,37.2,8.6,8.3,6.4,13.9,19.2,16.5,33.2,36.8,4292.0,-104.790685928402,34.8632546779503,West
NM,Harding,35021,16.4,47.5,9.4,12.9,10.8,14.3,20.4,19.6,32.2,35.3,624.0,-103.81995879697,35.857671856338,West
NM,Hidalgo,35023,19.6,39.2,9.5,9.2,8.3,14.7,21.6,16.4,31.1,34.5,3965.0,-108.714784306827,31.914023667001,West
NM,Lea,35025,21.6,32.3,9.6,6.2,6.3,14.8,21.7,12.0,29.8,37.0,72101.0,-103.41236291919,32.7921657831422,West
NM,Lincoln,35027,12.4,41.3,9.6,9.6,8.5,12.6,22.4,14.4,25.4,30.0,20029.0,-105.459231313545,33.7455208510099,West
NM,Los Alamos,35028,5.7,28.0,8.8,4.9,3.7,7.1,20.5,8.0,13.5,25.4,19444.0,-106.306539429798,35.8686843512051,West
NM,Luna,35029,25.8,39.0,9.9,10.1,9.5,16.9,22.6,17.7,35.7,35.7,25316.0,-107.749720187195,32.1822367696247,West
NM,McKinley,35031,15.1,38.2,14.2,9.5,11.5,26.8,24.8,19.0,32.1,41.3,68797.0,-108.261731051925,35.5805625564961,West
NM,Mora,35033,19.4,40.9,8.4,9.6,6.6,10.6,17.7,18.5,30.6,33.1,4123.0,-104.945208546149,36.0107901059259,West
NM,Otero,35035,15.7,34.2,10.0,7.2,7.2,14.9,24.0,12.7,24.6,37.1,68835.0,-105.741478524611,32.6132896393527,West
NM,Quay,35037,17.5,41.9,10.0,10.3,9.9,15.8,22.3,17.2,31.6,37.6,8510.0,-103.549883052863,35.1039884429704,West
NM,Rio Arriba,35039,19.3,36.8,9.9,8.4,7.0,14.2,20.2,17.2,30.8,39.9,39876.0,-106.692981140881,36.5094888401674,West
NM,Roosevelt,35041,16.2,30.9,10.0,6.5,6.6,13.4,24.2,11.5,26.9,32.6,18787.0,-103.48007550738,34.0212007813227,West
NM,San Juan,35045,12.9,34.2,12.0,8.3,9.2,20.1,23.4,14.5,26.5,35.1,120675.0,-108.320491882717,36.5085003747434,West
NM,San Miguel,35047,20.1,37.1,9.0,8.5,6.5,11.6,19.5,17.1,31.7,37.3,26668.0,-104.815744027086,35.4805111937792,West
NM,Sandoval,35043,12.3,34.0,9.7,6.4,5.6,11.2,23.1,11.8,22.1,32.6,155936.0,-106.86568903587,35.6887096281599,West
NM,Santa Fe,35049,13.1,33.2,9.2,7.6,6.3,10.0,21.9,12.6,21.4,25.6,155956.0,-105.976252740807,35.506900601719,West
NM,Sierra,35051,14.7,46.2,10.1,12.7,11.9,15.8,22.0,18.2,30.9,36.8,11488.0,-107.192368105928,33.1306734754366,West
NM,Socorro,35053,18.0,36.6,10.0,8.7,8.1,15.5,21.7,15.7,30.9,36.2,15963.0,-106.93020767439,34.0074096137216,West
NM,Taos,35055,13.8,38.1,9.4,8.7,7.0,11.2,20.5,15.2,25.2,27.9,34405.0,-105.63098311438,36.5783384910955,West
NM,Torrance,35057,17.8,39.8,10.2,9.6,9.6,17.0,24.4,16.5,30.7,34.5,15633.0,-105.850629505811,34.6404731203673,West
NM,Union,35059,17.0,38.2,9.7,8.7,8.4,15.3,22.2,14.7,28.2,34.3,3964.0,-103.471160512333,36.4816833554735,West
NM,Valencia,35061,18.6,35.2,9.6,7.4,6.6,13.5,21.8,14.6,29.0,35.4,79141.0,-106.808801689614,34.715292608863,West
NV,Carson City,32510,12.9,34.5,10.5,7.2,7.8,14.4,21.4,12.1,24.9,33.1,58036.0,-119.747365240119,39.1512170685108,West
NV,Churchill,32001,11.4,35.4,11.2,7.3,8.2,16.1,22.0,11.7,26.4,37.8,25803.0,-118.335881546455,39.5807698508947,West
NV,Clark,32003,15.4,34.5,10.1,6.2,6.9,14.8,20.3,12.4,27.1,31.4,2336573.0,-115.01439860617,36.2150650480518,West
NV,Douglas,32005,8.6,38.2,10.1,8.5,8.2,12.0,18.9,12.2,21.4,27.1,49545.0,-119.616132682878,38.9122785452806,West
NV,Elko,32007,13.9,32.1,10.7,6.2,7.3,17.1,21.5,11.0,25.8,38.0,54293.0,-115.357816697339,41.146014947299,West
NV,Esmeralda,32009,14.7,44.8,10.9,12.1,12.5,18.2,20.2,17.7,32.3,36.1,736.0,-117.632391641874,37.7846363630387,West
NV,Eureka,32011,12.3,41.5,11.4,9.9,12.1,21.8,23.5,16.1,31.5,38.8,1917.0,-116.268747131157,39.984346172115,West
NV,Humboldt,32013,14.0,32.0,10.7,6.6,7.6,15.6,21.7,11.5,26.8,36.2,17136.0,-118.112100864321,41.4067831316237,West
NV,Lander,32015,13.9,36.0,10.9,7.7,9.0,17.8,22.8,13.0,28.5,35.1,5769.0,-117.038326421494,39.9328933421676,West
NV,Lincoln,32017,9.4,37.0,10.4,7.9,8.3,15.0,21.2,11.8,24.2,31.6,4452.0,-114.877260167414,37.6434139651124,West
NV,Lyon,32019,12.4,37.5,10.8,7.5,8.5,15.9,21.4,12.3,27.4,35.2,62583.0,-119.188399256538,39.0199185877151,West
NV,Mineral,32021,13.9,44.0,11.7,11.1,12.9,21.4,22.3,17.6,34.4,38.2,4528.0,-118.434422566639,38.5384503517263,West
NV,Nye,32023,13.1,42.3,11.1,10.1,11.0,17.7,21.0,15.7,32.1,39.7,55720.0,-116.471809599714,38.0419684455387,West
NV,Pershing,32027,15.0,35.4,9.8,7.4,8.0,17.0,19.6,12.1,26.5,35.7,6364.0,-118.404379375217,40.4401365996673,West
NV,Storey,32029,8.7,38.5,10.3,8.4,8.1,12.1,19.7,12.4,22.4,31.6,4177.0,-119.529150600502,39.4468644134962,West
NV,Washoe,32031,12.0,29.7,10.3,6.1,6.7,12.6,21.1,10.0,21.6,28.5,498022.0,-119.664334839723,40.665709227723,West
NV,White Pine,32033,13.2,36.4,10.7,8.1,9.1,17.5,21.5,12.6,26.8,34.4,8522.0,-114.901647765037,39.4423250003683,West
NY,Albany,36001,5.5,31.7,10.8,5.5,5.7,10.5,21.1,9.2,21.2,29.8,316659.0,-73.9734531065076,42.6001191055404,Northeast
NY,Allegany,36003,6.0,35.5,11.2,7.3,8.1,13.8,21.2,11.1,25.5,34.4,46651.0,-78.0274187445859,42.2573163929949,Northeast
NY,Bronx,36005,15.6,36.5,11.8,7.0,6.9,13.2,15.8,16.1,38.1,33.5,1356476.0,-73.8639682834492,40.8500845301366,Northeast
NY,Broome,36007,6.4,35.0,11.5,7.1,7.7,13.2,20.7,10.9,24.4,33.1,196077.0,-75.8203478318094,42.1606085222515,Northeast
NY,Cattaraugus,36009,6.6,38.1,11.4,8.0,9.4,16.5,21.6,12.1,28.4,35.7,75600.0,-78.6786483105561,42.2484925436508,Northeast
NY,Cayuga,36011,6.6,36.8,11.1,7.7,8.6,15.1,20.8,11.8,28.1,35.7,74485.0,-76.5543895949223,42.9173809062338,Northeast
NY,Chautauqua,36013,7.3,37.3,11.2,7.9,8.8,14.9,20.6,12.6,27.8,36.3,124891.0,-79.3664126676391,42.2279077069084,Northeast
NY,Chemung,36015,6.4,36.8,11.2,7.3,8.2,14.9,21.4,11.5,26.5,30.7,81325.0,-76.7597380991482,42.1409310401637,Northeast
NY,Chenango,36017,6.4,37.1,11.2,8.1,9.0,15.3,21.1,12.3,27.8,36.3,45920.0,-75.611354854502,42.4934138951932,Northeast
NY,Clinton,36019,6.3,34.1,11.6,7.0,7.8,14.4,22.7,10.7,26.7,33.2,78115.0,-73.6782703371876,44.7461445069515,Northeast
NY,Columbia,36021,5.7,37.0,10.5,7.8,7.7,12.4,19.3,11.8,24.6,30.8,60470.0,-73.6319367338711,42.2500183961169,Northeast
NY,Cortland,36023,5.8,31.1,11.3,6.2,6.9,12.8,23.0,9.3,23.8,30.5,45752.0,-76.0702852077051,42.5950382162679,Northeast
NY,Delaware,36025,6.5,39.6,10.9,8.5,9.0,14.5,20.5,12.5,28.6,32.8,44410.0,-74.9667582288989,42.198267276808,Northeast
NY,Dutchess,36027,6.5,33.4,10.4,6.0,5.9,11.0,18.9,9.9,21.6,28.2,297150.0,-73.7429906726058,41.7652670782153,Northeast
NY,Erie,36029,5.9,33.0,11.5,6.5,6.9,12.4,20.6,10.8,24.8,32.8,946147.0,-78.7326077187095,42.7636086362286,Northeast
NY,Essex,36031,5.8,37.9,10.7,8.1,8.3,13.5,20.4,11.8,25.8,34.8,36775.0,-73.772554574674,44.1171679971398,Northeast
NY,Franklin,36033,6.9,36.4,11.4,7.6,8.6,16.3,21.9,12.2,28.9,40.7,46502.0,-74.30395346542,44.5927797283377,Northeast
NY,Fulton,36035,6.7,38.3,11.9,7.8,9.1,16.0,21.7,12.1,28.5,35.8,52234.0,-74.4220932664269,43.1138238257635,Northeast
NY,Genesee,36037,5.9,35.1,10.9,6.9,7.4,13.5,21.1,10.7,24.8,30.2,57529.0,-78.1939894875442,43.0011999788591,Northeast
NY,Greene,36039,6.6,36.6,10.8,7.6,8.0,13.5,20.3,11.7,26.2,34.4,47062.0,-74.122955130826,42.2765639859712,Northeast
NY,Hamilton,36041,5.4,41.5,10.9,9.3,9.4,13.4,19.4,13.4,27.0,31.0,5082.0,-74.4973655679885,43.6612213303403,Northeast
NY,Herkimer,36043,5.9,36.4,11.0,7.6,8.4,14.6,20.4,11.3,28.1,37.0,59484.0,-74.9623467621732,43.4192751435735,Northeast
NY,Jefferson,36045,7.2,30.8,11.2,6.0,6.9,13.9,20.5,10.0,25.4,37.8,114787.0,-75.9314708754602,44.0477716521405,Northeast
NY,Kings,36047,8.9,30.4,10.3,5.7,5.8,12.1,16.1,12.0,26.2,25.1,2561225.0,-73.9387324483995,40.6395174918373,Northeast
NY,Lewis,36049,6.2,36.3,11.0,7.7,8.6,15.1,20.9,11.8,27.8,40.9,26548.0,-75.448690709062,43.7850080007458,Northeast
NY,Livingston,36051,5.7,33.7,11.0,6.6,7.1,12.3,20.8,10.1,23.1,30.8,61158.0,-77.7746715447795,42.7287229293671,Northeast
NY,Madison,36053,5.3,33.7,11.0,6.7,7.1,12.5,21.1,10.3,22.7,36.4,66921.0,-75.6696833726814,42.9129886725057,Northeast
NY,Monroe,36055,6.0,33.7,10.9,6.3,6.3,11.6,21.9,11.2,25.4,31.4,748482.0,-77.6959824887076,43.1467148818856,Northeast
NY,Montgomery,36057,8.3,35.3,11.0,7.4,8.2,15.2,21.2,11.5,27.7,38.8,49368.0,-74.4398302123648,42.9023460967944,Northeast
NY,Nassau,36059,6.0,31.8,9.6,5.4,4.8,8.5,13.4,10.1,23.2,28.4,1381715.0,-73.586732622053,40.7356883467943,Northeast
NY,New York,36061,6.8,27.2,9.6,4.9,4.4,8.2,18.5,8.9,20.4,19.2,1597451.0,-73.9714738348854,40.7722884387458,Northeast
NY,Niagara,36063,5.8,37.0,11.3,7.0,7.7,13.7,21.1,11.3,26.3,39.5,209457.0,-78.7453321619224,43.200002130304,Northeast
NY,Oneida,36065,6.7,36.6,11.0,7.3,8.0,14.2,20.4,11.5,28.1,36.1,227555.0,-75.4355429992745,43.2418086648606,Northeast
NY,Onondaga,36067,5.8,35.6,11.3,6.5,6.8,11.9,22.0,10.9,23.1,36.9,467873.0,-76.1947506009747,43.0059012578658,Northeast
NY,Ontario,36069,5.4,34.1,10.6,6.8,6.8,11.5,20.3,10.5,22.0,30.7,112494.0,-77.2997879572198,42.8526286651693,Northeast
NY,Orange,36071,8.6,31.9,10.5,5.8,6.1,12.0,17.8,11.2,26.0,32.2,407470.0,-74.3057809751328,41.4020305314041,Northeast
NY,Orleans,36073,7.2,35.7,11.4,7.5,8.5,15.7,20.6,11.7,28.3,32.9,39124.0,-78.231341645979,43.2520681738951,Northeast
NY,Oswego,36075,6.4,35.2,11.3,7.2,8.3,15.7,21.9,11.2,28.5,36.4,118162.0,-76.1415333257376,43.4270063116785,Northeast
NY,Otsego,36077,5.9,32.1,11.3,6.8,7.2,12.1,20.9,10.2,24.2,29.9,60126.0,-75.0326156864047,42.6340169706369,Northeast
NY,Putnam,36079,6.3,30.4,9.9,5.8,5.3,9.6,17.6,9.7,21.6,27.5,98060.0,-73.7492866616372,41.4267967956185,Northeast
NY,Queens,36081,10.6,33.6,8.9,6.0,5.4,10.9,13.7,14.3,31.0,24.0,2252196.0,-73.8194947909622,40.7034702188683,Northeast
NY,Rensselaer,36083,5.7,32.1,10.9,6.0,6.5,11.9,20.0,9.9,23.2,31.5,159305.0,-73.5094593102978,42.7110428253963,Northeast
NY,Richmond,36085,7.6,34.1,10.2,5.8,6.0,12.1,15.3,11.9,26.5,30.3,490687.0,-74.154571927785,40.5812377635049,Northeast
NY,Rockland,36087,8.2,32.3,10.5,6.3,6.1,11.4,17.9,11.3,27.2,30.5,340807.0,-74.0241447073283,41.1526754141999,Northeast
NY,Saratoga,36091,4.7,32.3,10.3,6.0,5.8,10.6,20.2,9.6,19.8,33.1,238711.0,-73.8637604917138,43.1069691252808,Northeast
NY,Schenectady,36093,6.2,33.0,11.0,6.1,6.4,12.1,19.3,10.2,22.6,34.3,159902.0,-74.0585539957587,42.818072641015,Northeast
NY,Schoharie,36095,5.9,36.8,11.0,7.6,7.9,13.4,20.0,11.3,25.3,32.4,30105.0,-74.4422354961966,42.5883781186762,Northeast
NY,Schuyler,36097,6.0,37.8,11.2,8.2,9.0,15.1,20.8,12.4,26.2,31.7,17507.0,-76.8743925413877,42.3934659710381,Northeast
NY,Seneca,36099,7.2,36.4,11.2,7.8,8.7,15.3,21.2,11.6,28.4,34.7,32349.0,-76.8234304711163,42.7807211049499,Northeast
NY,St. Lawrence,36089,6.5,36.5,11.7,7.3,8.6,15.3,23.6,11.9,28.0,41.8,106940.0,-75.0691264229894,44.4963810418954,Northeast
NY,Steuben,36101,5.9,35.7,11.0,7.5,8.3,14.6,21.7,11.5,26.2,34.8,92162.0,-77.3836171753995,42.267847407688,Northeast
NY,Suffolk,36103,7.2,31.7,10.2,5.7,5.4,9.6,16.0,10.0,24.1,29.7,1523170.0,-72.8428608406326,40.870154068565,Northeast
NY,Sullivan,36105,8.5,35.8,10.6,7.2,7.5,13.7,19.3,12.1,28.7,31.9,79920.0,-74.768159722024,41.7164759306136,Northeast
NY,Tioga,36107,5.8,36.9,11.0,7.6,8.1,13.9,21.0,11.3,26.1,30.5,47715.0,-76.3059589040649,42.1703300051601,Northeast
NY,Tompkins,36109,4.7,26.1,10.5,4.8,4.8,9.0,22.5,7.6,17.9,24.6,103558.0,-76.4731803143475,42.4518588047032,Northeast
NY,Ulster,36111,6.5,37.0,10.4,6.8,6.9,11.8,19.4,10.9,24.1,30.5,182333.0,-74.2585098574373,41.8880474981802,Northeast
NY,Warren,36113,5.3,35.8,10.9,7.2,7.4,12.2,21.0,11.2,23.5,31.0,65380.0,-73.8460179617174,43.5608247016159,Northeast
NY,Washington,36115,6.2,36.2,11.1,7.4,8.1,14.7,20.4,11.2,26.7,31.4,60047.0,-73.430679224169,43.3138302165346,Northeast
NY,Wayne,36117,6.2,34.0,11.1,7.3,7.7,13.9,20.9,11.2,26.0,37.4,90829.0,-77.0293073359024,43.1566397114149,Northeast
NY,Westchester,36119,7.5,29.8,9.3,5.6,4.9,9.2,15.5,10.5,22.0,26.0,990817.0,-73.7558565589806,41.1617989776323,Northeast
NY,Wyoming,36121,7.0,36.6,10.9,7.3,8.1,15.1,20.7,11.2,26.1,35.6,39532.0,-78.2234922476707,42.7023297025041,Northeast
NY,Yates,36123,6.8,35.8,11.3,7.9,8.9,14.8,20.8,11.6,26.6,33.9,24472.0,-77.1047181626433,42.6332600765991,Northeast
OH,Adams,39001,9.6,40.6,11.8,9.2,11.8,21.9,26.6,15.7,35.3,40.3,27521.0,-83.4720531231294,38.8454930546772,Midwest
OH,Allen,39003,8.3,38.7,11.1,7.9,9.1,17.0,27.2,14.5,29.3,39.7,100838.0,-84.1057940825963,40.7714977646394,Midwest
OH,Ashland,39005,8.2,40.4,11.0,8.2,9.6,17.7,26.0,13.9,30.7,38.3,52190.0,-82.2704647361258,40.8460354747863,Midwest
OH,Ashtabula,39007,10.0,41.7,11.3,9.2,11.0,20.1,27.7,16.2,34.5,45.8,96845.0,-80.7483101330855,41.7071560039231,Midwest
OH,Athens,39009,7.8,33.4,11.6,6.2,7.7,15.2,30.5,11.5,24.8,34.5,62706.0,-82.0448471943357,39.3339958943025,Midwest
OH,Auglaize,39011,7.2,37.6,10.7,7.5,8.1,15.3,24.8,12.2,26.5,39.5,46050.0,-84.2217028293862,40.5608789781255,Midwest
OH,Belmont,39013,8.2,41.4,11.1,8.6,9.8,18.1,26.0,14.5,32.1,40.9,64918.0,-80.9884007171154,40.0158385533074,Midwest
OH,Brown,39015,8.7,42.2,11.4,8.7,10.4,19.7,27.3,14.5,34.1,41.6,43777.0,-83.8672503844998,38.933768273729,Midwest
OH,Butler,39017,7.9,35.3,10.8,6.6,7.2,14.6,25.7,12.5,27.8,39.0,393043.0,-84.5755446176036,39.4386549224371,Midwest
OH,Carroll,39019,8.4,41.1,11.1,9.1,10.5,19.0,25.5,14.9,32.4,38.9,26758.0,-81.0896541475271,40.5793488212271,Midwest
OH,Champaign,39021,7.6,38.0,11.0,7.5,8.5,16.4,25.5,12.7,27.5,43.2,38845.0,-83.7695338263695,40.1377112794664,Midwest
OH,Clark,39023,8.9,41.6,11.4,8.4,9.9,17.9,26.7,15.0,33.5,42.2,134610.0,-83.7843901210144,39.9166223719097,Midwest
OH,Clermont,39025,7.2,36.2,10.6,7.0,7.6,15.6,25.7,12.6,25.3,34.7,211972.0,-84.1516609554165,39.0475584272622,Midwest
OH,Clinton,39027,8.1,38.1,11.3,8.0,9.3,17.7,26.2,13.5,30.3,39.7,41938.0,-83.8084036693333,39.4149624798012,Midwest
OH,Columbiana,39029,8.6,42.1,11.2,8.8,10.3,18.5,25.1,15.2,32.0,41.1,100182.0,-80.7772020501573,40.7684220366661,Midwest
OH,Coshocton,39031,9.4,41.3,11.3,9.1,11.1,20.1,27.7,15.3,32.3,41.5,36869.0,-81.9201277213696,40.3017013117605,Midwest
OH,Crawford,39033,8.7,40.0,11.1,8.8,10.3,18.3,26.9,14.6,32.2,39.5,41529.0,-82.9197685705352,40.8507264130061,Midwest
OH,Cuyahoga,39035,8.4,38.5,11.6,6.9,7.7,14.8,23.9,13.4,24.7,35.3,1233088.0,-81.658627773816,41.4243019834267,Midwest
OH,Darke,39037,8.3,39.7,11.0,8.5,9.7,17.7,26.6,14.3,30.0,36.4,51415.0,-84.61951761493,40.1332727231473,Midwest
OH,Defiance,39039,9.2,37.2,10.6,7.6,8.2,15.9,25.0,13.3,27.8,35.3,38315.0,-84.4905879101881,41.3239133830731,Midwest
OH,Delaware,39041,5.0,31.3,9.5,5.0,4.9,10.1,21.0,10.1,17.7,31.5,231636.0,-83.0048346779207,40.2784353342342,Midwest
OH,Erie,39043,7.7,41.6,10.9,8.3,8.9,14.9,24.5,14.4,28.0,40.1,74035.0,-82.6382293326083,41.3742735650267,Midwest
OH,Fairfield,39045,7.1,36.3,10.8,6.6,7.2,14.4,25.3,12.2,24.4,35.6,165360.0,-82.6306572277557,39.7516133054728,Midwest
OH,Fayette,39047,9.4,41.6,11.4,8.2,10.2,19.9,26.8,14.3,32.3,41.3,28817.0,-83.4560989933978,39.559992354904,Midwest
OH,Franklin,39049,8.4,32.9,11.2,5.6,6.3,13.9,25.8,11.8,23.7,33.7,1326063.0,-83.0095596369965,39.9695482397033,Midwest
OH,Fulton,39051,8.5,37.8,10.5,7.4,8.1,15.1,24.7,13.3,27.3,37.0,42007.0,-84.1297060031289,41.6019480693719,Midwest
OH,Gallia,39053,9.3,41.5,11.5,9.2,11.0,20.8,28.3,15.3,35.2,36.6,28986.0,-82.3168675618097,38.8247465141511,Midwest
OH,Geauga,39055,6.4,37.5,10.3,7.4,7.6,12.8,23.3,12.4,23.2,32.6,95407.0,-81.1785666230898,41.4995505355057,Midwest
OH,Greene,39057,6.5,35.4,10.8,6.4,6.6,12.3,24.2,11.2,22.6,37.8,169691.0,-83.8900404276245,39.6915038814677,Midwest
OH,Guernsey,39059,9.1,40.2,11.3,8.9,10.6,19.0,27.3,14.8,32.5,38.3,38089.0,-81.494271058754,40.0520872571802,Midwest
OH,Hamilton,39061,7.7,36.3,11.4,6.5,7.1,13.9,25.4,13.2,24.4,35.6,827058.0,-84.542601023044,39.1955454321754,Midwest
OH,Hancock,39063,7.5,36.2,10.6,6.9,7.5,14.5,25.1,12.5,26.7,39.3,74704.0,-83.6664968686287,41.0019198179089,Midwest
OH,Hardin,39065,8.7,38.1,11.2,7.5,9.1,17.7,27.1,12.9,30.4,40.3,30368.0,-83.6594148955231,40.6616220714596,Midwest
OH,Harrison,39067,8.6,43.0,11.3,9.1,10.6,19.0,26.8,15.6,31.6,41.4,14159.0,-81.091379743179,40.2936613564664,Midwest
OH,Henry,39069,8.5,38.1,10.8,7.6,8.3,15.8,24.8,13.1,28.0,38.6,27520.0,-84.0682769490792,41.3339046653253,Midwest
OH,Highland,39071,9.0,40.1,11.4,8.5,10.4,19.5,27.4,14.7,32.7,41.3,43614.0,-83.6009281179684,39.1846774295258,Midwest
OH,Hocking,39073,8.7,42.5,11.4,9.2,10.9,20.5,27.1,15.7,33.4,36.1,27540.0,-82.4790929531545,39.4970988676517,Midwest
OH,Holmes,39075,12.3,35.3,12.0,7.8,10.7,21.5,29.3,12.7,33.9,38.2,44386.0,-81.9295580157618,40.5612300981469,Midwest
OH,Huron,39077,9.0,37.7,11.1,7.7,9.0,17.2,25.7,13.5,30.3,35.0,58199.0,-82.5978887799573,41.1464249274686,Midwest
OH,Jackson,39079,9.1,42.7,11.5,8.4,10.5,20.1,28.9,14.9,33.8,44.9,32606.0,-82.6182154386703,39.019742017525,Midwest
OH,Jefferson,39081,8.0,41.9,11.7,8.7,10.1,17.6,27.8,15.1,31.3,42.5,64026.0,-80.7611246090452,40.3850232178899,Midwest
OH,Knox,39083,7.6,37.5,11.0,7.5,8.5,15.5,25.7,12.6,27.6,37.1,63320.0,-82.4215435805835,40.3988019956419,Midwest
OH,Lake,39085,7.1,37.9,10.7,7.3,7.7,14.5,24.6,12.9,25.4,36.9,231640.0,-81.2368191610819,41.6970249003529,Midwest
OH,Lawrence,39087,8.6,42.9,11.7,8.6,10.6,19.6,27.4,15.1,32.4,41.6,56118.0,-82.536984256161,38.5987545151818,Midwest
OH,Licking,39089,7.2,35.5,10.9,6.8,7.6,15.4,25.8,12.9,24.1,37.5,183201.0,-82.4830744738759,40.0915299705467,Midwest
OH,Logan,39091,7.8,39.0,11.0,8.0,9.2,17.5,25.4,14.0,29.2,39.3,46057.0,-83.76563102183,40.3884968079535,Midwest
OH,Lorain,39093,8.6,38.8,11.0,7.6,8.2,15.0,25.2,14.2,29.0,36.8,317910.0,-82.1508887298398,41.2956651025634,Midwest
OH,Lucas,39095,9.0,37.2,11.3,7.5,8.6,16.4,26.2,14.0,29.8,36.1,425484.0,-83.6584628770734,41.6198809742992,Midwest
OH,Madison,39097,8.4,37.5,10.6,6.8,7.8,16.5,24.7,12.4,26.9,37.3,44602.0,-83.4006589159011,39.894160047348,Midwest
OH,Mahoning,39099,9.1,40.2,11.0,8.4,9.5,16.9,24.5,14.8,28.2,38.6,225596.0,-80.7763089335898,41.014638072438,Midwest
OH,Marion,39101,9.5,41.3,10.9,8.3,10.0,19.6,27.3,14.8,33.8,44.2,64851.0,-83.1608334768194,40.5872736718226,Midwest
OH,Medina,39103,6.2,37.1,10.5,6.8,7.0,13.1,23.9,11.9,24.2,36.3,184042.0,-81.899694474725,41.1175710779189,Midwest
OH,Meigs,39105,9.6,45.1,11.6,10.3,12.9,22.5,27.7,17.3,39.1,44.5,21767.0,-82.0228709814014,39.082287647052,Midwest
OH,Mercer,39107,7.2,37.8,10.4,7.3,7.9,15.0,24.9,12.1,27.5,36.3,42439.0,-84.6293396544299,40.5399599689642,Midwest
OH,Miami,39109,7.2,37.2,10.8,7.3,8.0,15.3,25.3,12.7,26.1,33.6,110876.0,-84.2289753159029,40.0535853378213,Midwest
OH,Monroe,39111,8.7,43.3,11.2,9.9,11.6,20.0,26.6,16.1,34.0,40.4,13153.0,-81.08292876066,39.7273484694683,Midwest
OH,Montgomery,39113,7.9,37.0,11.5,7.2,8.1,15.2,25.9,14.5,29.3,37.0,533796.0,-84.2906742372083,39.7546661172735,Midwest
OH,Morgan,39115,8.8,43.1,11.5,9.4,11.1,19.5,26.5,16.0,33.5,41.1,13646.0,-81.8538156975972,39.6205109466093,Midwest
OH,Morrow,39117,8.0,38.2,11.1,7.8,9.2,17.8,25.4,13.8,29.8,40.0,35595.0,-82.7939556363472,40.5240934358179,Midwest
OH,Muskingum,39119,8.2,39.9,11.5,8.0,9.6,18.1,27.8,14.4,29.9,43.9,86305.0,-81.9443705638671,39.9654979109366,Midwest
OH,Noble,39121,8.8,47.9,10.2,11.9,11.8,18.5,23.4,18.0,33.6,41.6,14311.0,-81.4555238795305,39.7661009290061,Midwest
OH,Ottawa,39123,7.0,41.9,10.5,8.5,8.5,14.0,23.6,13.8,28.4,38.0,39803.0,-83.1164465932344,41.5336572497729,Midwest
OH,Paulding,39125,8.7,40.0,10.9,8.1,9.2,17.2,25.7,14.1,30.8,41.3,18706.0,-84.5802136619402,41.1166104120679,Midwest
OH,Perry,39127,8.8,40.5,11.2,8.3,10.1,19.3,27.0,14.3,32.1,38.6,35551.0,-82.2371873934768,39.7377614698385,Midwest
OH,Pickaway,39129,8.5,38.7,11.0,7.1,8.5,17.9,26.9,12.6,29.4,39.8,61086.0,-83.0242544082613,39.6418488739589,Midwest
OH,Pike,39131,10.2,43.7,11.9,9.6,12.5,22.9,29.2,16.2,36.6,43.2,27001.0,-83.0666366915286,39.0771703661227,Midwest
OH,Portage,39133,7.1,34.7,10.8,6.8,7.6,14.5,24.6,11.8,25.0,32.9,162665.0,-81.1973820342372,41.1676777891816,Midwest
OH,Preble,39135,7.5,39.0,10.9,7.9,9.1,17.0,26.0,13.4,30.3,39.7,40556.0,-84.647965894182,39.7415985069018,Midwest
OH,Putnam,39137,7.3,36.6,10.5,7.0,7.4,14.0,24.2,12.3,24.7,43.7,34199.0,-84.1317442011222,41.0221222224867,Midwest
OH,Richland,39139,9.2,38.9,11.0,8.3,9.7,18.0,26.2,14.5,30.2,39.0,125064.0,-82.5363256693401,40.7748694236578,Midwest
OH,Ross,39141,9.3,40.7,11.6,8.1,10.0,19.8,27.9,15.0,30.8,44.3,76501.0,-83.0572216272589,39.3374905467001,Midwest
OH,Sandusky,39143,9.2,39.7,10.7,8.0,8.8,16.6,25.0,14.4,29.3,40.7,58709.0,-83.1440024541005,41.3573025435739,Midwest
OH,Scioto,39145,9.5,43.6,11.6,9.0,11.4,20.8,29.3,15.3,35.9,44.7,71969.0,-82.9932730384393,38.80401792582,Midwest
OH,Seneca,39147,8.2,36.0,10.8,7.4,8.5,16.4,25.4,13.2,29.3,35.8,54527.0,-83.1275866518734,41.1237051920597,Midwest
OH,Shelby,39149,8.0,38.2,11.0,7.7,8.8,17.0,25.6,13.3,29.3,39.6,47765.0,-84.2045776565192,40.3315252576962,Midwest
OH,Stark,39151,7.8,38.5,11.2,7.9,8.8,17.1,25.1,13.7,29.1,40.4,372716.0,-81.3654802311805,40.8137809427166,Midwest
OH,Summit,39153,7.4,37.5,11.2,7.0,7.9,14.6,25.8,13.7,26.2,37.6,535733.0,-81.5321556359145,41.1259055177579,Midwest
OH,Trumbull,39155,8.7,40.2,11.3,8.9,10.2,18.4,25.6,15.5,31.3,39.7,200373.0,-80.761219036042,41.3170156745471,Midwest
OH,Tuscarawas,39157,9.1,39.9,11.2,8.2,9.7,17.5,24.9,13.6,29.9,43.4,91874.0,-81.4739039664201,40.4409826688981,Midwest
OH,Union,39159,6.3,32.0,10.4,5.2,5.7,12.6,24.2,10.2,23.2,39.8,69637.0,-83.3715354336427,40.2993895656009,Midwest
OH,Van Wert,39161,8.1,38.8,10.8,7.8,8.8,16.5,25.7,13.2,29.3,37.3,28704.0,-84.5861187587366,40.8554297690305,Midwest
OH,Vinton,39163,9.5,41.2,11.7,8.9,11.4,21.2,28.1,15.4,33.0,40.3,12474.0,-82.4851248671181,39.2511886305124,Midwest
OH,Warren,39165,6.0,32.2,9.9,5.8,5.8,12.2,22.7,11.0,20.4,32.6,252148.0,-84.1666616383255,39.4277223308555,Midwest
OH,Washington,39167,7.7,41.2,10.9,8.6,9.6,17.0,25.8,13.8,29.9,43.7,58577.0,-81.4953288002496,39.4553183091123,Midwest
OH,Wayne,39169,8.5,37.1,11.0,7.6,8.7,16.3,25.4,12.9,27.3,37.5,116510.0,-81.8879430008873,40.828860440969,Midwest
OH,Williams,39171,9.0,39.9,11.1,8.3,9.5,17.8,25.8,14.4,31.6,40.6,36591.0,-84.5878774120262,41.560269481809,Midwest
OH,Wood,39173,7.0,33.1,10.6,6.1,6.6,12.7,27.6,10.7,22.9,37.4,132650.0,-83.622978870736,41.361689646332,Midwest
OH,Wyandot,39175,7.4,39.1,10.7,7.6,8.4,15.5,24.6,13.0,27.1,35.6,21457.0,-83.3043356711719,40.842380644598,Midwest
OK,Adair,40001,13.5,44.0,13.6,9.6,11.7,25.8,26.3,17.5,40.8,46.2,19627.0,-94.6587457084976,35.8840104462357,South
OK,Alfalfa,40003,11.2,42.7,10.4,8.3,8.5,17.9,22.6,13.5,31.7,40.6,5673.0,-98.3236264385792,36.7310186349503,South
OK,Atoka,40005,12.7,42.7,11.7,8.9,10.3,21.3,24.8,14.6,34.7,40.3,14525.0,-96.0378818277741,34.373683146273,South
OK,Beaver,40007,15.2,41.3,10.5,8.4,8.5,15.3,22.9,13.9,33.9,38.4,5018.0,-100.476794921527,36.7496415387971,South
OK,Beckham,40009,14.8,40.9,11.2,7.9,9.5,20.0,24.3,13.3,35.0,40.0,22042.0,-99.681743990172,35.268702176444,South
OK,Blaine,40011,12.1,43.1,11.3,8.6,9.4,17.6,24.6,14.3,33.2,38.3,8539.0,-98.4333112930991,35.8752977571278,South
OK,Bryan,40013,11.5,40.3,12.2,8.1,9.4,19.0,27.0,13.4,34.1,40.0,48967.0,-96.260179863938,33.9623444306279,South
OK,Caddo,40015,15.8,41.6,11.5,8.2,9.5,21.5,24.2,14.9,37.4,40.2,26214.0,-98.3753072133041,35.1744775420033,South
OK,Canadian,40017,9.4,35.6,10.7,5.6,5.9,13.4,24.8,10.4,26.8,39.0,175829.0,-97.9821562348265,35.5423317053672,South
OK,Carter,40019,11.1,41.3,11.7,7.7,8.8,18.0,25.5,13.7,34.6,39.7,48596.0,-97.2858375656003,34.2509159186175,South
OK,Cherokee,40021,10.8,40.6,12.7,8.1,8.9,18.9,25.3,14.3,31.6,42.9,48185.0,-94.9995983942583,35.9067009473224,South
OK,Choctaw,40023,11.9,46.1,12.6,9.9,11.5,21.5,25.3,17.2,38.6,45.4,14276.0,-95.5526898932079,34.0264652841827,South
OK,Cimarron,40025,13.0,41.9,10.1,8.7,8.1,13.0,21.5,13.7,31.7,37.6,2191.0,-102.517800024169,36.7482645981398,South
OK,Cleveland,40027,9.4,34.2,11.0,5.9,6.4,13.2,25.5,10.9,26.6,36.3,301193.0,-97.3263165055223,35.2025439402736,South
OK,Coal,40029,12.6,45.5,12.8,10.4,12.4,23.1,27.5,17.2,39.2,42.6,5266.0,-96.2977819773312,34.5882312743251,South
OK,Comanche,40031,12.1,37.5,11.3,6.6,7.5,17.6,25.1,12.8,33.1,43.0,121574.0,-98.4716775335911,34.6621575837988,South
OK,Cotton,40033,11.3,44.2,11.8,9.2,10.5,19.3,25.6,15.4,35.0,43.1,5427.0,-98.3721992106375,34.2900586392925,South
OK,Craig,40035,12.0,44.7,12.4,9.6,11.2,22.2,26.0,15.9,36.1,41.8,14494.0,-95.2084350557607,36.7615458238067,South
OK,Creek,40037,10.1,39.5,11.7,8.0,8.9,18.4,24.9,13.4,31.3,39.8,73332.0,-96.3708202661878,35.9025321078939,South
OK,Custer,40039,12.0,35.1,11.1,6.9,7.5,15.4,25.9,11.8,31.4,41.0,28266.0,-99.0014382075911,35.6388260290226,South
OK,Delaware,40041,10.8,47.1,12.1,10.4,11.5,20.5,25.4,16.7,35.9,37.8,41703.0,-94.8025161516535,36.4082128143741,South
OK,Dewey,40043,10.1,41.8,11.3,8.3,9.2,17.5,24.8,13.5,32.5,38.2,4286.0,-99.0080105233422,35.9876568754253,South
OK,Ellis,40045,10.6,43.7,11.0,9.1,9.5,16.4,24.2,14.1,33.2,39.6,3648.0,-99.7547202594407,36.2183250916209,South
OK,Garfield,40047,12.3,38.9,11.0,7.3,8.2,16.9,22.9,12.6,32.0,41.7,62023.0,-97.7826935652779,36.3791132161372,South
OK,Garvin,40049,12.0,41.7,11.7,8.2,9.6,19.2,25.9,14.1,34.4,38.6,25865.0,-97.30936420479,34.704567177109,South
OK,Grady,40051,10.0,39.3,11.1,7.1,7.9,16.3,23.9,12.0,29.3,38.4,57375.0,-97.8841663460881,35.0166148085145,South
OK,Grant,40053,9.6,42.4,11.0,8.8,9.2,16.9,24.2,13.5,32.5,36.3,4083.0,-97.7860574259311,36.7961456261704,South
OK,Greer,40055,12.9,40.8,10.8,7.6,8.4,17.9,23.9,13.0,33.1,42.1,5466.0,-99.560687947098,34.9357323398987,South
OK,Harmon,40057,16.7,44.7,11.1,9.4,10.1,17.8,23.2,17.0,39.3,42.4,2392.0,-99.8462507485967,34.7440546602759,South
OK,Harper,40059,13.8,41.9,10.7,8.5,9.0,16.2,23.3,14.0,33.3,39.4,3190.0,-99.6673226920585,36.7888259275223,South
OK,Haskell,40061,11.6,44.1,12.2,9.5,10.8,20.7,25.4,15.4,36.3,42.2,11832.0,-95.116494065308,35.224815744206,South
OK,Hughes,40063,13.3,43.0,11.9,9.0,10.5,21.8,25.3,15.1,36.5,41.9,13436.0,-96.2502172739185,35.0483785704496,South
OK,Jackson,40065,13.9,39.1,11.0,7.3,7.9,16.1,24.6,13.2,34.4,40.4,24669.0,-99.4156033926378,34.588117482182,South
OK,Jefferson,40067,13.0,45.6,11.7,10.1,11.6,20.9,25.4,16.3,38.3,41.2,5347.0,-97.8360732655638,34.1106274427473,South
OK,Johnston,40069,11.7,42.3,12.4,9.3,10.8,21.0,26.9,15.3,36.9,39.4,10216.0,-96.6606399644876,34.3166975357742,South
OK,Kay,40071,11.2,41.4,11.8,8.6,9.6,18.7,26.5,14.1,32.1,42.6,43641.0,-97.1442458480715,36.8180490812673,South
OK,Kingfisher,40073,12.1,38.1,10.8,7.2,7.7,15.6,23.6,11.9,33.6,37.1,15481.0,-97.9417611779196,35.9455302703201,South
OK,Kiowa,40075,12.9,45.4,11.8,10.1,11.4,19.9,25.4,16.6,36.4,42.7,8398.0,-98.9808976739666,34.9163225627227,South
OK,Latimer,40077,12.2,45.1,12.6,10.6,12.1,22.4,26.2,17.0,37.9,42.3,9526.0,-95.2502811179092,34.8760727150762,South
OK,Le Flore,40079,12.7,42.5,12.3,9.1,10.8,21.9,25.9,15.1,37.9,40.3,49596.0,-94.70328856369,34.9005046634998,South
OK,Lincoln,40081,10.3,43.3,11.7,8.6,9.8,18.9,25.5,14.1,33.3,44.1,34562.0,-96.8809102714908,35.7030440513978,South
OK,Logan,40083,9.4,39.8,11.2,6.9,7.4,15.3,24.5,12.0,28.8,40.2,53029.0,-97.4429757513146,35.9192456181953,South
OK,Love,40085,13.7,41.6,11.4,8.5,9.3,18.5,24.8,14.4,35.0,38.8,10296.0,-97.2442389335667,33.9500550048767,South
OK,Major,40093,11.0,40.8,11.0,8.4,9.1,16.9,24.2,13.3,33.9,41.9,7581.0,-98.5356533809585,36.3117422798628,South
OK,Marshall,40095,13.6,43.9,11.6,9.6,10.5,18.7,24.6,15.7,37.3,39.4,15970.0,-96.7690086748236,34.0247191513108,South
OK,Mayes,40097,10.5,43.2,12.4,8.7,10.0,20.3,25.1,14.6,34.9,41.8,39889.0,-95.2306650873753,36.3019893623476,South
OK,McClain,40087,9.8,38.8,11.1,6.6,7.1,15.4,25.2,11.3,28.6,38.5,47072.0,-97.4447724910511,35.0093319713623,South
OK,McCurtain,40089,12.4,42.6,12.5,8.9,10.5,21.2,25.5,15.5,36.5,42.6,30660.0,-94.7715433530393,34.1163901296428,South
OK,McIntosh,40091,11.3,49.1,12.4,11.1,12.4,21.8,26.1,17.7,39.8,44.8,19603.0,-95.6667724737982,35.3737043637911,South
OK,Murray,40099,11.0,43.0,11.7,8.7,9.5,17.9,24.5,14.3,34.9,41.4,13754.0,-97.068009831501,34.4823513481281,South
OK,Muskogee,40101,12.1,42.6,12.6,8.5,10.1,20.7,26.1,15.2,35.8,41.5,66677.0,-95.3797854950482,35.6164240462291,South
OK,Noble,40103,9.4,41.7,11.5,8.2,8.8,16.8,25.3,13.3,33.3,41.6,10832.0,-97.2306034414518,36.3884982575705,South
OK,Nowata,40105,10.2,43.5,12.3,9.0,10.2,20.3,25.7,15.2,35.1,40.5,9438.0,-95.6173671917311,36.7984587733773,South
OK,Okfuskee,40107,13.5,46.0,12.5,10.1,12.1,24.4,25.7,17.3,39.0,45.8,11300.0,-96.3229765670067,35.4655066007963,South
OK,Oklahoma,40109,12.5,37.1,11.5,6.7,7.0,14.3,25.0,12.6,29.2,37.7,808866.0,-97.4071852848576,35.5514988566603,South
OK,Okmulgee,40111,11.1,43.8,12.7,8.6,9.9,20.0,25.7,15.4,37.2,45.0,37035.0,-95.9642441930867,35.6465877154505,South
OK,Osage,40113,10.1,45.6,12.1,8.7,9.2,17.9,24.0,14.4,31.9,46.4,46130.0,-96.3986287125622,36.6293205583232,South
OK,Ottawa,40115,11.8,41.0,12.6,9.1,10.7,21.3,27.0,15.2,36.3,41.7,30287.0,-94.8106076020458,36.8356615128431,South
OK,Pawnee,40117,10.7,42.1,11.9,8.8,9.9,19.3,26.0,14.3,33.3,39.7,15864.0,-96.6992083052146,36.3167919210442,South
OK,Payne,40119,9.4,30.6,11.5,5.7,6.7,14.0,26.0,9.8,27.1,33.9,83352.0,-96.9754479121175,36.0773135084841,South
OK,Pittsburg,40121,11.2,43.5,11.8,8.9,9.9,19.2,25.0,14.3,33.8,40.1,43479.0,-95.7484483900286,34.9238785325748,South
OK,Pontotoc,40123,9.8,40.2,11.8,7.4,7.9,16.5,25.3,12.3,29.7,39.9,38396.0,-96.6840015218125,34.7283176992879,South
OK,Pottawatomie,40125,10.3,40.9,12.3,7.5,8.9,18.1,25.9,13.0,32.2,41.2,73791.0,-96.9484617397084,35.2066298442372,South
OK,Pushmataha,40127,12.2,46.9,12.4,11.0,12.8,23.6,27.0,17.7,39.6,39.1,10800.0,-95.375998987891,34.416281814947,South
OK,Roger Mills,40129,10.0,43.8,11.2,9.3,9.9,17.4,24.6,14.6,33.5,40.3,3295.0,-99.6959628680842,35.6881644912023,South
OK,Rogers,40131,9.0,37.8,11.4,7.2,7.6,15.7,24.6,12.4,28.5,40.1,100248.0,-95.6042495763961,36.37159098599,South
OK,Seminole,40133,12.3,44.4,12.7,9.6,11.4,22.5,27.6,16.1,37.9,45.0,23565.0,-96.6156537381723,35.1680593598838,South
OK,Sequoyah,40135,12.2,44.7,12.8,9.7,11.5,22.8,26.8,16.6,37.4,47.1,40291.0,-94.7555072375447,35.4956252721085,South
OK,Stephens,40137,11.3,43.7,11.6,8.8,9.8,18.6,25.4,14.2,34.3,39.1,44014.0,-97.8514902603773,34.4856199944378,South
OK,Texas,40139,21.5,37.5,10.3,7.0,7.2,16.0,22.2,13.7,37.4,44.1,20371.0,-101.490176417065,36.7479008949604,South
OK,Tillman,40141,15.9,43.6,11.1,9.2,9.8,18.1,23.4,16.2,37.4,44.0,6869.0,-98.9247342010852,34.3731144754171,South
OK,Tulsa,40143,11.6,35.6,11.2,6.6,7.2,14.7,27.2,11.7,30.8,35.7,682868.0,-95.9414861647567,36.1210679646417,South
OK,Wagoner,40145,9.4,38.7,11.2,6.8,7.4,15.5,24.5,11.9,28.4,36.1,89280.0,-95.5211844530667,35.9615432025713,South
OK,Washington,40147,10.0,39.6,11.6,8.2,8.8,16.9,26.5,13.2,30.9,42.4,53706.0,-95.9043568219824,36.7152366150181,South
OK,Washita,40149,10.9,40.5,11.2,8.4,9.3,17.5,24.9,13.4,32.5,39.5,10736.0,-98.9923791380001,35.2905012989551,South
OK,Woods,40151,10.1,36.1,10.9,7.2,7.6,14.7,26.0,11.1,29.1,36.6,8564.0,-98.8645038210662,36.7669182017957,South
OK,Woodward,40153,12.2,39.5,10.9,7.5,8.2,16.9,24.1,12.1,30.7,41.5,19947.0,-99.265301176798,36.422629110699,South
OR,Baker,41001,7.7,38.7,11.9,9.0,9.1,13.8,25.7,13.6,21.3,37.7,16912.0,-117.675629967357,44.7090935179354,West
OR,Benton,41003,6.7,27.4,11.6,5.7,5.7,9.6,26.7,9.3,16.2,25.9,97713.0,-123.429453836484,44.4917515043312,West
OR,Clackamas,41005,6.7,32.1,11.6,6.1,6.0,10.5,27.5,10.5,19.7,34.0,423173.0,-122.22022493442,45.1879549116315,West
OR,Clatsop,41007,8.2,37.1,12.1,8.0,8.3,13.2,26.4,12.6,21.5,34.8,41102.0,-123.655552356168,45.9948100714469,West
OR,Columbia,41009,8.1,34.9,12.2,7.2,7.9,14.3,27.3,12.1,22.1,33.5,53880.0,-123.088290084519,45.9437953031149,West
OR,Coos,41011,8.6,40.7,12.4,9.4,9.9,15.2,26.4,14.2,24.1,34.1,64212.0,-124.059410514616,43.1737093219155,West
OR,Crook,41013,7.9,37.7,12.0,7.9,8.1,13.0,26.7,12.5,21.2,36.1,26952.0,-120.356406409534,44.1422197715871,West
OR,Curry,41015,8.1,43.6,12.1,10.5,10.5,13.4,25.3,15.7,23.8,38.4,23296.0,-124.156361485654,42.4573016325707,West
OR,Deschutes,41017,6.8,33.0,11.6,6.4,6.4,10.6,24.8,10.2,16.6,27.2,208513.0,-121.227947893001,43.9148299481706,West
OR,Douglas,41019,8.6,39.4,12.8,9.1,9.7,14.5,27.2,14.3,25.8,37.6,112435.0,-123.166175428676,43.279366800602,West
OR,Gilliam,41021,9.1,41.1,12.3,9.8,10.4,14.8,26.2,14.8,25.5,35.4,2026.0,-120.211219946711,45.3782057221494,West
OR,Grant,41023,8.0,41.0,12.1,10.0,10.2,14.4,25.7,14.6,24.7,33.6,7215.0,-119.00717682672,44.49127038396,West
OR,Harney,41025,8.9,42.0,12.6,9.8,10.6,16.2,27.1,15.0,26.5,38.8,7440.0,-118.967996308157,43.0639531792171,West
OR,Hood River,41027,11.3,32.1,11.3,6.4,6.4,11.4,23.9,11.3,20.7,31.5,23745.0,-121.651188704787,45.519131602258,West
OR,Jackson,41029,9.3,36.1,12.1,7.5,8.0,12.9,26.3,12.7,21.8,32.8,220768.0,-122.728689995299,42.4320743878599,West
OR,Jefferson,41031,11.2,35.5,12.1,7.6,8.0,14.6,25.5,13.4,23.3,35.5,25454.0,-121.176060060518,44.6292962324292,West
OR,Josephine,41033,9.6,39.0,12.4,9.5,10.4,15.5,27.0,14.8,25.7,33.8,87821.0,-123.555531753584,42.365197541393,West
OR,Klamath,41035,10.3,40.0,12.5,8.6,9.4,15.1,27.3,14.1,26.3,37.9,70003.0,-121.650013578635,42.686137951648,West
OR,Lake,41037,10.0,40.6,12.0,9.4,10.0,15.6,26.2,14.7,25.7,37.7,8293.0,-120.387435251771,42.7935852422964,West
OR,Lane,41039,8.1,33.3,12.2,6.8,7.5,12.2,27.4,10.8,19.2,34.3,381181.0,-122.847628020787,43.9385513109885,West
OR,Lincoln,41041,8.3,41.6,12.4,9.5,9.8,13.6,26.5,14.9,23.6,35.7,50821.0,-123.868418235654,44.6417855618149,West
OR,Linn,41043,8.9,34.4,12.5,7.1,8.0,14.2,30.5,12.0,22.6,40.1,131496.0,-122.534067367837,44.488641905537,West
OR,Malheur,41045,15.7,36.3,11.7,7.8,8.6,15.9,24.8,13.9,28.3,41.2,32044.0,-117.623057858798,43.1934396293566,West
OR,Marion,41047,12.3,33.3,12.2,6.5,7.2,12.4,27.2,12.5,22.2,43.4,346741.0,-122.584363912766,44.9033832526733,West
OR,Morrow,41049,17.8,35.5,12.1,7.9,8.9,16.0,25.9,14.5,27.9,39.2,12302.0,-119.584509198724,45.4189258177358,West
OR,Multnomah,41051,7.5,28.5,11.7,5.2,5.3,12.0,29.9,9.5,17.6,28.9,789698.0,-122.414965303499,45.5465894638221,West
OR,Polk,41053,8.9,31.5,12.4,6.6,7.0,11.8,27.0,10.9,20.2,32.5,89805.0,-123.413199130106,44.9034725439217,West
OR,Sherman,41055,9.0,40.2,12.2,9.4,9.9,15.3,26.4,14.2,24.7,36.6,1951.0,-120.68938732738,45.4052253300695,West
OR,Tillamook,41057,8.7,37.6,11.9,8.6,9.0,13.2,25.4,13.5,22.1,32.1,27417.0,-123.712748456023,45.4634336948041,West
OR,Umatilla,41059,13.6,32.7,12.0,7.0,7.8,14.6,23.5,12.5,25.0,37.7,80053.0,-118.736871879737,45.5916095947863,West
OR,Union,41061,8.1,35.9,12.2,7.8,8.4,13.7,27.3,12.2,21.7,35.8,25944.0,-118.008922920464,45.3104778982292,West
OR,Wallowa,41063,6.6,38.5,11.7,8.3,8.2,11.8,25.6,12.6,20.4,34.2,7674.0,-117.180924426367,45.5797862976086,West
OR,Wasco,41065,11.4,35.4,12.1,7.9,8.6,14.5,26.4,13.3,23.6,37.9,26333.0,-121.167438459262,45.1599279639326,West
OR,Washington,41067,7.8,29.9,11.2,5.0,5.0,9.7,24.9,9.9,17.7,32.4,598865.0,-123.099014709465,45.5602759986576,West
OR,Wheeler,41069,8.5,45.2,12.2,11.3,11.4,14.1,25.3,16.5,25.8,35.8,1436.0,-120.027595419599,44.7260950246017,West
OR,Yamhill,41071,9.4,33.2,11.8,6.4,6.8,11.8,24.8,11.2,20.8,37.0,108644.0,-123.307698971686,45.2327424414687,West
RI,Bristol,44001,5.0,32.4,10.7,6.0,5.9,10.1,23.4,9.8,18.8,25.6,50255.0,-71.2838312167734,41.7116722829228,Northeast
RI,Kent,44003,6.3,36.8,11.7,6.4,7.0,12.7,24.7,11.8,23.7,33.0,171278.0,-71.5930762695537,41.6719596394176,Northeast
RI,Newport,44005,5.4,35.1,10.6,6.9,6.3,9.2,22.4,10.3,20.1,27.4,83832.0,-71.2390684086213,41.5566741642743,Northeast
RI,Providence,44007,10.1,33.0,12.4,6.2,6.7,12.2,23.1,11.6,28.7,33.4,660615.0,-71.5800183935938,41.8721675208136,Northeast
RI,Washington,44009,4.9,33.1,10.8,6.4,6.3,9.5,22.1,9.0,17.8,27.0,129982.0,-71.6233119991938,41.4692971384544,Northeast
SC,Abbeville,45001,12.5,43.7,10.3,8.6,9.9,16.0,23.2,16.9,31.0,37.6,24434.0,-82.4592335344885,34.2227918494933,South
SC,Aiken,45003,11.8,38.9,9.8,7.1,7.5,13.4,22.7,13.9,26.5,34.4,177130.0,-81.6346441307113,33.5443374683199,South
SC,Allendale,45005,17.6,50.1,11.0,9.1,10.7,19.0,19.6,21.6,38.4,46.7,7369.0,-81.3575896785781,32.9881820061081,South
SC,Anderson,45007,12.2,38.0,10.2,7.2,8.2,14.2,25.9,13.3,26.4,36.3,213076.0,-82.6374096675296,34.5192653476143,South
SC,Bamberg,45009,14.1,47.1,10.9,8.7,9.9,16.3,20.1,19.5,32.7,42.0,12974.0,-81.0541244732088,33.2149747482288,South
SC,Barnwell,45011,15.9,45.7,11.0,9.2,11.6,19.5,22.4,19.4,36.2,44.2,20447.0,-81.4351515831386,33.2660126385425,South
SC,Beaufort,45013,10.6,38.2,8.5,7.5,7.0,9.6,18.0,12.7,19.9,29.6,198979.0,-80.7300476561363,32.3857901390983,South
SC,Berkeley,45015,11.6,36.4,9.5,5.6,6.2,12.9,22.4,12.9,25.6,37.9,255217.0,-79.9522741316224,33.1975611266692,South
SC,Calhoun,45017,11.6,45.3,10.1,8.2,8.8,14.1,21.2,17.3,29.1,40.7,14186.0,-80.7814717869685,33.6751078157206,South
SC,Charleston,45019,9.5,32.3,8.8,5.5,5.7,10.5,21.3,11.4,20.3,30.0,424367.0,-79.9524070272339,32.8342811198518,South
SC,Cherokee,45021,14.0,39.8,10.3,7.7,9.4,17.3,24.1,15.0,31.4,38.8,56714.0,-81.6201801495539,35.048585264621,South
SC,Chester,45023,13.8,43.8,10.7,8.3,9.9,17.8,23.0,16.9,32.8,37.9,32226.0,-81.1597045035657,34.6918859504696,South
SC,Chesterfield,45025,15.5,44.6,10.4,8.5,10.3,18.1,23.1,18.1,34.6,45.2,44031.0,-80.1588731867944,34.639803765771,South
SC,Clarendon,45027,14.3,48.1,10.7,9.3,10.5,16.9,22.0,19.6,33.7,38.0,31004.0,-80.2164297187346,33.6659775926252,South
SC,Colleton,45029,13.8,44.1,10.8,8.4,10.0,17.6,22.6,17.3,33.2,39.3,38874.0,-80.6663807174442,32.8637476905498,South
SC,Darlington,45031,13.1,44.6,10.7,8.0,9.4,16.4,22.9,17.6,30.3,45.6,62416.0,-79.9574988177176,34.3325804041033,South
SC,Dillon,45033,16.6,47.4,11.4,9.1,11.8,21.0,22.8,20.3,35.8,45.3,27698.0,-79.3786776187138,34.3915895870887,South
SC,Dorchester,45035,11.2,35.3,9.6,5.9,6.5,13.2,21.7,12.8,24.6,35.4,169833.0,-80.4062744564851,33.0797689904991,South
SC,Edgefield,45037,14.9,40.3,9.7,7.7,8.8,16.3,20.6,16.2,29.0,39.9,27607.0,-81.9660838206547,33.772095052778,South
SC,Fairfield,45039,13.6,49.1,10.7,9.1,10.3,17.2,20.6,20.5,33.4,45.7,20422.0,-81.121146725211,34.394951882985,South
SC,Florence,45041,12.2,42.6,10.3,7.0,8.1,14.8,22.7,15.5,30.1,40.6,137214.0,-79.702657948417,34.024373011264,South
SC,Georgetown,45043,9.8,44.1,9.3,8.6,8.6,11.9,19.8,16.9,25.2,31.8,65731.0,-79.3325453263262,33.4333367672748,South
SC,Greenville,45045,11.4,35.6,9.4,6.1,6.4,11.3,21.8,12.2,23.2,32.5,558036.0,-82.3702811193213,34.894356634531,South
SC,Greenwood,45047,12.6,40.8,10.1,7.5,8.6,15.0,23.6,15.4,28.5,36.8,69460.0,-82.1260689800586,34.1538899560059,South
SC,Hampton,45049,16.6,46.7,10.6,8.6,10.1,19.1,21.1,20.2,35.1,41.6,18122.0,-81.1406630056302,32.7762763402882,South
SC,Horry,45051,11.9,42.0,9.2,8.1,9.0,14.6,21.5,14.9,25.0,32.3,397478.0,-78.9968620963188,33.9211059885984,South
SC,Jasper,45053,14.8,43.3,9.7,8.3,8.9,14.0,20.6,17.0,30.2,35.0,33544.0,-81.0315692344724,32.4360266226722,South
SC,Kershaw,45055,11.9,40.1,9.8,7.0,7.9,14.5,21.9,14.8,27.5,36.6,69905.0,-80.5904475262785,34.3384690251,South
SC,Lancaster,45057,11.4,37.3,9.4,7.1,7.5,12.6,22.1,14.1,26.5,36.1,108215.0,-80.7059247388168,34.6870683230916,South
SC,Laurens,45059,14.0,40.5,10.1,7.7,9.0,16.5,23.4,15.6,31.9,36.3,68873.0,-82.0050625162507,34.4834539727734,South
SC,Lee,45061,15.9,48.3,11.0,8.6,10.4,18.6,21.1,20.1,36.2,43.7,15967.0,-80.2549660085699,34.1632583406157,South
SC,Lexington,45063,10.7,37.1,9.2,6.2,6.9,13.0,24.4,12.3,25.9,36.2,309528.0,-81.2723623256015,33.9025231108699,South
SC,Marion,45067,16.1,49.6,11.3,9.5,11.8,20.1,21.6,22.0,36.8,45.3,28508.0,-79.3626115795029,34.0805981145709,South
SC,Marlboro,45069,17.6,49.1,11.0,9.0,11.4,21.0,21.8,20.5,38.8,41.0,25704.0,-79.6786177539627,34.6020090350978,South
SC,McCormick,45065,12.2,51.5,9.6,11.1,11.0,14.6,18.8,20.6,30.6,36.9,9941.0,-82.3094465802451,33.8995317154953,South
SC,Newberry,45071,13.2,42.4,9.8,7.8,8.7,15.3,22.1,16.1,30.8,38.1,38825.0,-81.6000382404676,34.2898893451519,South
SC,Oconee,45073,12.0,39.8,9.8,8.7,9.9,14.7,25.0,15.3,28.6,38.2,81221.0,-83.0657367054267,34.7535964083781,South
SC,Orangeburg,45075,14.5,47.3,11.0,8.4,9.6,16.4,21.4,19.0,33.9,42.2,82820.0,-80.7997995101772,33.4390784677252,South
SC,Pickens,45077,11.6,34.9,9.7,6.7,7.8,13.5,25.4,12.1,25.6,35.4,135495.0,-82.7248279101052,34.8875012785259,South
SC,Richland,45079,11.1,36.5,9.9,5.4,5.8,11.2,22.3,13.0,21.7,34.7,425138.0,-80.9030347855872,34.0213194825565,South
SC,Saluda,45081,16.1,42.4,9.8,8.5,9.6,15.9,21.4,16.8,32.2,43.6,19123.0,-81.7266181093402,34.0062238392949,South
SC,Spartanburg,45083,13.0,38.2,9.7,6.5,7.5,14.2,24.1,13.5,27.4,37.9,356698.0,-81.9908502250107,34.9311754038617,South
SC,Sumter,45085,12.7,41.6,10.5,7.0,8.0,15.0,21.0,15.8,27.4,42.7,104165.0,-80.3818847166483,33.915935220837,South
SC,Union,45087,14.8,47.4,10.9,9.4,11.9,19.2,23.4,19.1,34.0,44.0,26629.0,-81.618996702371,34.6903673806901,South
SC,Williamsburg,45089,15.5,49.9,10.9,8.6,10.0,17.5,20.0,20.4,34.9,45.0,29891.0,-79.7276057394786,33.6198225875476,South
SC,York,45091,9.7,35.5,9.3,5.3,6.0,11.3,21.9,11.8,23.3,37.3,298320.0,-81.1845207722132,34.9748106049519,South
SD,Aurora,46003,9.9,34.7,10.0,7.6,7.4,15.4,20.1,12.2,25.2,36.4,2782.0,-98.5616949219141,43.7180161968195,Midwest
SD,Beadle,46005,12.3,34.9,10.0,7.8,8.1,16.9,20.4,13.4,29.7,35.4,19591.0,-98.278833195103,44.4146782721707,Midwest
SD,Bennett,46007,13.7,38.9,13.2,9.8,11.5,28.0,22.4,18.7,35.1,42.4,3305.0,-101.664093273179,43.1951098467929,Midwest
SD,Bon Homme,46009,10.4,36.7,9.8,8.1,8.0,17.7,19.6,12.8,26.7,37.0,7065.0,-97.8849117168364,42.988389640779,Midwest
SD,Brookings,46011,7.3,25.5,9.8,5.0,4.9,10.7,23.5,8.5,18.4,35.7,35980.0,-96.7905861883825,44.3697353711852,Midwest
SD,Brown,46013,8.2,31.7,9.7,6.5,6.3,14.1,20.2,11.2,24.4,35.1,37733.0,-98.351577212034,45.5898044620952,Midwest
SD,Brule,46015,8.9,37.0,10.5,8.2,8.1,16.4,20.3,13.2,26.2,38.2,5311.0,-99.0813622631,43.7182746734064,Midwest
SD,Buffalo,46017,14.6,35.6,14.0,8.0,9.9,31.7,22.6,17.5,36.4,48.5,1884.0,-99.204863976576,44.076479067497,Midwest
SD,Butte,46019,9.9,35.8,10.4,7.9,8.1,16.8,21.3,12.5,27.7,35.7,10863.0,-103.507595012266,44.9055759671388,Midwest
SD,Campbell,46021,8.2,40.0,9.5,9.4,8.1,13.7,18.4,13.8,25.7,33.0,1340.0,-100.051750537836,45.7712476164839,Midwest
SD,Charles Mix,46023,10.3,38.3,11.3,9.0,9.3,20.4,20.9,15.3,30.0,40.4,9240.0,-98.5876522699793,43.2078241837757,Midwest
SD,Clark,46025,10.4,36.6,9.8,8.6,8.4,16.5,19.9,13.1,27.3,34.1,3948.0,-97.7295029933072,44.8584015981682,Midwest
SD,Clay,46027,8.1,24.5,10.5,4.9,5.1,12.4,24.3,8.1,21.7,34.7,15431.0,-96.9756758496427,42.9146390939177,Midwest
SD,Codington,46029,8.7,33.2,10.2,7.4,7.3,16.2,21.3,12.1,26.5,35.9,28971.0,-97.1886093764611,44.9776548156647,Midwest
SD,Corson,46031,14.0,40.1,13.3,10.4,12.5,29.6,23.8,19.9,37.3,43.5,3782.0,-101.196751963595,45.7085259679072,Midwest
SD,Custer,46033,7.0,40.3,9.8,8.9,7.9,13.9,18.8,13.9,25.1,33.9,9117.0,-103.451665498108,43.6775403964023,Midwest
SD,Davison,46035,9.3,35.6,10.0,7.5,7.5,15.6,20.4,12.2,25.4,38.0,19922.0,-98.1456260068691,43.6746570375335,Midwest
SD,Day,46037,8.8,39.2,10.4,9.5,9.0,16.6,19.7,14.7,26.8,34.8,5451.0,-97.6073587322038,45.3672131291144,Midwest
SD,Deuel,46039,8.2,34.6,9.9,7.6,7.3,14.8,20.1,11.9,23.9,33.3,4354.0,-96.6680283812861,44.7601611938662,Midwest
SD,Dewey,46041,13.4,38.1,13.7,8.3,10.3,29.5,22.1,18.0,36.3,43.6,5208.0,-100.87173450136,45.1566039411304,Midwest
SD,Douglas,46043,9.3,38.2,10.1,8.9,8.5,15.8,20.5,13.6,26.3,35.1,2838.0,-98.36626827691,43.3869320061821,Midwest
SD,Edmunds,46045,7.6,36.5,9.9,8.1,7.6,14.7,19.8,12.4,23.1,33.7,4057.0,-99.2153509873783,45.4186211046117,Midwest
SD,Fall River,46047,8.9,43.1,10.4,10.5,10.2,17.4,20.0,16.4,30.5,38.0,7393.0,-103.527365372332,43.2393360239102,Midwest
SD,Faulk,46049,9.3,38.6,10.3,9.5,9.4,17.2,21.1,14.4,27.8,36.3,2151.0,-99.1453358077086,45.0709041717065,Midwest
SD,Grant,46051,9.4,36.5,9.7,8.2,7.7,14.7,19.4,12.8,26.5,37.3,7553.0,-96.7679445761964,45.17218531436,Midwest
SD,Gregory,46053,9.0,38.9,10.2,9.2,8.8,16.2,20.1,14.1,27.0,35.9,4018.0,-99.1858193996821,43.1925706471082,Midwest
SD,Haakon,46055,8.5,38.0,10.1,9.1,8.5,15.7,19.9,13.5,26.8,33.7,1851.0,-101.539877945569,44.2944979276265,Midwest
SD,Hamlin,46057,9.1,30.3,9.9,6.2,6.1,14.6,20.1,10.1,23.2,34.6,6451.0,-97.1882937683858,44.6736172154631,Midwest
SD,Hand,46059,7.1,35.7,9.7,7.9,7.0,13.0,19.6,11.9,22.8,33.9,3107.0,-99.0053839302062,44.547988375708,Midwest
SD,Hanson,46061,8.3,33.9,10.4,6.9,7.4,16.8,21.8,12.1,24.2,36.6,3471.0,-97.7870607650821,43.6748173790329,Midwest
SD,Harding,46063,7.5,34.0,9.6,7.0,6.3,13.3,19.7,11.2,21.4,35.3,1324.0,-103.494393539516,45.580166949972,Midwest
SD,Hughes,46065,7.3,32.0,10.2,6.3,5.9,13.7,20.3,10.8,21.9,34.0,17624.0,-99.9956226808318,44.3890109551014,Midwest
SD,Hutchinson,46067,8.0,35.3,10.0,7.7,7.3,14.6,20.3,12.1,24.0,34.4,7394.0,-97.7546267833864,43.3348249829925,Midwest
SD,Hyde,46069,9.1,37.4,10.5,8.8,8.4,16.3,20.6,13.6,26.1,35.3,1186.0,-99.4870754081912,44.5472921113259,Midwest
SD,Jackson,46071,13.9,40.2,13.2,10.3,12.3,28.5,22.3,18.6,35.2,40.9,2776.0,-101.628319918733,43.6942696565239,Midwest
SD,Jerauld,46073,8.9,39.2,9.6,8.9,8.1,14.5,18.7,13.8,26.2,35.6,1660.0,-98.629623896685,44.0663241605135,Midwest
SD,Jones,46075,8.1,41.0,10.1,9.5,8.8,16.2,19.6,14.7,27.2,35.4,855.0,-100.689729583305,43.9607078940522,Midwest
SD,Kingsbury,46077,8.5,35.5,9.9,7.9,7.4,14.7,20.1,12.1,24.6,35.6,5276.0,-97.4913953695211,44.3695726308271,Midwest
SD,Lake,46079,7.7,35.8,9.7,7.5,6.8,13.2,19.4,12.0,22.5,32.5,11031.0,-97.129188264619,44.0219326710589,Midwest
SD,Lawrence,46081,8.0,33.0,10.0,7.6,7.1,14.2,20.4,11.4,23.5,32.7,28053.0,-103.792078633994,44.3585402396414,Midwest
SD,Lincoln,46083,6.7,28.9,9.5,5.1,4.8,11.6,19.7,8.8,17.6,34.9,73238.0,-96.7217395498487,43.2788680412912,Midwest
SD,Lyman,46085,10.8,38.7,11.3,9.2,9.5,21.4,20.8,15.8,30.1,40.1,3705.0,-99.8474355340442,43.8960424767044,Midwest
SD,Marshall,46091,9.2,36.0,9.8,7.8,7.3,15.2,19.1,12.7,24.7,35.9,4390.0,-97.5986032728559,45.758611768043,Midwest
SD,McCook,46087,7.9,32.8,9.7,6.7,6.4,14.0,20.5,11.0,22.9,36.1,5809.0,-97.3683604474315,43.6742530849966,Midwest
SD,McPherson,46089,10.2,40.9,10.0,10.3,9.7,16.2,19.3,14.8,29.2,34.9,2334.0,-99.2211995899187,45.7663277837372,Midwest
SD,Meade,46093,8.4,31.3,10.3,6.1,6.0,14.1,22.6,9.5,21.4,30.4,30954.0,-102.716664640056,44.566765660076,Midwest
SD,Mellette,46095,14.6,42.5,13.2,11.5,13.7,30.2,22.8,21.1,38.5,45.6,1851.0,-100.759931647654,43.5813042658798,Midwest
SD,Miner,46097,8.7,37.7,9.9,8.6,8.2,15.9,19.9,13.3,26.6,35.7,2280.0,-97.609921085488,44.0219875619479,Midwest
SD,Minnehaha,46099,8.8,31.7,9.7,5.5,5.6,14.2,22.3,10.6,23.3,37.4,206930.0,-96.791470048829,43.6741571506483,Midwest
SD,Moody,46101,8.1,34.1,10.1,7.2,6.7,14.5,19.3,12.1,23.8,33.6,6450.0,-96.6708077105254,44.0221484139068,Midwest
SD,Oglala Lakota,46102,19.1,38.9,15.0,9.7,13.6,39.8,24.3,21.1,40.1,47.0,13434.0,-102.551638833134,43.335553320742,Midwest
SD,Pennington,46103,8.5,34.6,10.2,7.0,6.8,15.0,21.0,12.1,23.3,33.7,115903.0,-102.823909570925,44.0038768351285,Midwest
SD,Perkins,46105,8.4,38.7,10.2,9.3,8.9,16.0,20.2,14.3,26.6,36.0,2834.0,-102.4744334247,45.4903187523308,Midwest
SD,Potter,46107,7.2,37.9,9.7,8.5,7.4,13.6,19.1,13.1,24.3,34.8,2413.0,-99.9571096504937,45.0644968809684,Midwest
SD,Roberts,46109,10.4,39.6,11.4,9.5,9.7,20.3,20.5,16.3,31.7,43.0,10206.0,-96.946111589019,45.6297629386016,Midwest
SD,Sanborn,46111,9.3,35.9,10.0,7.8,7.8,16.1,20.2,12.6,25.5,36.3,2399.0,-98.0910103551739,44.0234869961253,Midwest
SD,Spink,46115,8.4,37.3,10.0,8.3,8.0,15.1,20.2,12.9,25.6,36.0,6166.0,-98.3462296047669,44.9380991635483,Midwest
SD,Stanley,46117,7.1,33.6,9.8,6.9,6.3,13.4,20.0,11.1,21.8,35.2,3043.0,-100.735860132134,44.4124120835504,Midwest
SD,Sully,46119,7.7,37.6,9.6,8.1,7.1,13.7,18.8,12.5,23.4,34.7,1494.0,-100.132205430903,44.7153191297271,Midwest
SD,Todd,46121,17.6,38.5,15.3,9.5,13.2,37.2,24.2,20.7,40.8,49.3,9199.0,-100.718413378982,43.1933890793719,Midwest
SD,Tripp,46123,10.1,39.9,10.8,9.8,10.0,18.9,20.6,15.3,29.4,37.0,5621.0,-99.8839778474528,43.346001016691,Midwest
SD,Turner,46125,8.3,34.3,9.9,7.3,7.1,15.0,20.4,11.8,24.2,34.0,9027.0,-97.1487446304815,43.3109195465038,Midwest
SD,Union,46127,7.6,32.0,9.6,6.4,5.9,12.8,19.9,10.6,21.1,31.2,17183.0,-96.6557702679066,42.8318426395387,Midwest
SD,Walworth,46129,8.3,36.7,10.3,8.4,7.9,15.7,19.8,13.4,25.1,34.3,5269.0,-100.031148111061,45.4299153339623,Midwest
SD,Yankton,46135,8.8,35.0,9.8,7.1,6.7,13.8,20.2,11.8,24.5,38.3,23517.0,-97.3949292202413,43.0089434401039,Midwest
SD,Ziebach,46137,13.7,39.4,13.8,9.2,11.2,30.4,23.1,18.7,37.8,47.2,2322.0,-101.665864029136,44.9804936625227,Midwest
TN,Anderson,47001,11.0,41.8,10.7,7.8,9.5,18.5,30.2,14.1,27.4,42.0,80234.0,-84.199285311983,36.1186771576853,South
TN,Bedford,47003,15.1,39.4,11.0,7.0,9.2,19.4,29.6,13.5,29.6,44.4,53055.0,-86.4592906261335,35.5134252888524,South
TN,Benton,47005,12.9,46.0,11.2,10.0,12.7,22.4,29.4,16.9,33.8,40.8,16103.0,-88.0686069441831,36.0701284598924,South
TN,Bledsoe,47007,15.6,45.7,11.1,10.2,13.5,25.6,29.0,17.3,34.7,41.9,15060.0,-85.2048458070841,35.5967339198505,South
TN,Blount,47009,10.2,40.8,10.5,7.5,9.0,16.6,29.3,13.4,25.8,36.3,141456.0,-83.9253119882998,35.6867307924373,South
TN,Bradley,47011,11.9,40.8,10.8,7.3,9.0,17.6,28.7,13.4,25.9,41.5,111579.0,-84.8594559083279,35.153687546383,South
TN,Campbell,47013,13.2,43.5,11.5,9.3,12.4,22.8,31.0,15.7,32.3,42.6,40223.0,-84.1494802848796,36.4033408018015,South
TN,Cannon,47015,12.6,41.5,11.1,8.2,10.8,20.8,30.3,14.5,29.5,43.1,15063.0,-86.0620244228136,35.8078340461954,South
TN,Carroll,47017,12.0,42.0,11.2,8.4,10.5,19.8,29.7,15.2,30.3,42.8,28860.0,-88.4502181857315,35.9731288209991,South
TN,Carter,47019,11.9,44.7,11.3,9.3,11.6,20.5,31.5,15.9,31.4,37.9,57022.0,-82.1281035839619,36.2927107215481,South
TN,Cheatham,47021,10.7,38.1,10.7,6.6,8.2,17.4,28.7,12.4,24.6,39.6,42254.0,-87.0865972682004,36.2615325134934,South
TN,Chester,47023,12.1,39.8,11.5,7.5,9.8,19.4,30.8,13.9,28.6,39.0,17606.0,-88.6133824508421,35.4217015292036,South
TN,Claiborne,47025,12.4,42.6,11.3,8.5,11.3,20.9,30.9,15.0,30.3,42.3,32654.0,-83.6607122651214,36.485879907484,South
TN,Clay,47027,13.4,47.4,11.3,10.8,13.8,23.1,30.2,17.8,34.2,39.9,7714.0,-85.5425617178374,36.5512285702882,South
TN,Cocke,47029,14.0,45.5,11.5,10.0,13.4,23.9,31.1,17.2,33.3,40.3,37404.0,-83.1211811402949,35.9254591010981,South
TN,Coffee,47031,12.6,41.6,11.1,7.9,10.0,19.9,29.8,13.9,28.3,39.5,60633.0,-86.0758164939626,35.4904113373197,South
TN,Crockett,47033,14.2,42.7,11.2,8.0,10.0,19.5,27.9,15.5,30.9,42.1,13982.0,-89.1400768323825,35.8133845571858,South
TN,Cumberland,47035,11.5,49.0,10.8,10.9,12.7,19.4,29.1,17.3,29.7,39.5,64760.0,-84.998350915423,35.9502035602926,South
TN,Davidson,47037,11.8,33.3,10.7,5.1,6.2,14.0,28.2,11.2,24.7,32.3,712334.0,-86.7844516139432,36.1693282530084,South
TN,DeKalb,47041,14.4,43.6,11.1,8.9,11.8,22.2,30.1,15.9,32.2,40.4,21225.0,-85.832699687632,35.979986125338,South
TN,Decatur,47039,14.0,46.5,11.4,10.4,13.6,23.8,30.4,17.8,33.5,43.0,11656.0,-88.109040028671,35.6034598248842,South
TN,Dickson,47043,11.2,37.6,10.9,6.8,8.6,18.0,29.4,12.7,27.1,37.6,56729.0,-87.3566117354083,36.1488949265388,South
TN,Dyer,47045,12.5,42.6,11.4,8.0,10.2,20.1,30.8,14.9,30.5,39.4,36498.0,-89.413255123987,36.0594847370705,South
TN,Fayette,47047,10.3,45.1,10.9,8.0,8.9,16.5,25.8,15.9,26.8,39.0,44175.0,-89.414502273353,35.1971645993699,South
TN,Fentress,47049,12.9,45.6,11.4,10.0,13.3,22.5,30.4,17.1,32.6,44.9,19696.0,-84.932645595067,36.380175365968,South
TN,Franklin,47051,10.9,40.7,11.0,7.8,9.5,17.7,30.1,13.9,28.8,35.0,44654.0,-86.0918698970429,35.1549514186038,South
TN,Gibson,47053,12.2,41.5,11.4,7.6,9.9,20.1,28.5,14.7,29.8,39.6,51045.0,-88.9323952175504,35.9963201615128,South
TN,Giles,47055,11.8,43.1,11.3,8.4,10.5,19.5,29.1,15.4,28.8,39.8,30721.0,-87.0345603715806,35.2019300630464,South
TN,Grainger,47057,12.7,43.3,11.1,9.1,11.6,21.3,29.9,15.7,30.8,41.2,24681.0,-83.5093313396847,36.2764868035071,South
TN,Greene,47059,12.3,42.3,11.1,8.9,11.3,20.6,29.3,15.4,31.1,40.6,72577.0,-82.8458507944719,36.1756158824085,South
TN,Grundy,47061,14.1,44.5,11.7,9.6,13.1,24.2,31.2,16.5,33.0,40.6,13955.0,-85.7224804796809,35.3885246221365,South
TN,Hamblen,47063,14.9,41.4,11.1,8.2,10.6,20.9,30.1,15.2,31.1,40.5,66216.0,-83.2660220942289,36.216642157807,South
TN,Hamilton,47065,10.7,38.3,11.0,6.6,7.7,15.4,26.6,12.7,22.4,34.5,379864.0,-85.1641327091536,35.1812133560926,South
TN,Hancock,47067,16.1,49.5,12.2,12.1,17.6,29.4,33.1,20.3,39.0,43.0,6956.0,-83.2225554028535,36.5234522153705,South
TN,Hardeman,47069,14.8,45.9,11.4,8.3,10.5,22.2,25.8,17.2,34.1,43.7,25567.0,-88.9932105670901,35.2067003430217,South
TN,Hardin,47071,13.1,45.7,11.3,10.1,13.0,22.7,30.2,17.1,33.3,38.1,27229.0,-88.184457664171,35.1982852691719,South
TN,Hawkins,47073,12.0,43.9,11.1,9.2,11.8,21.2,30.7,16.0,31.6,41.1,58600.0,-82.9450444113545,36.4415694490017,South
TN,Haywood,47075,15.3,51.2,12.4,9.4,12.0,22.9,26.7,20.7,38.7,46.6,17328.0,-89.284079406087,35.5828612383322,South
TN,Henderson,47077,12.6,43.0,11.2,8.4,10.9,21.5,29.0,15.4,31.1,38.8,28070.0,-88.3884411367081,35.6541030308873,South
TN,Henry,47079,12.3,45.1,11.2,9.7,12.1,21.0,30.4,16.9,32.5,38.2,32554.0,-88.3011213574878,36.3321762008328,South
TN,Hickman,47081,12.7,41.4,11.0,7.9,10.3,20.9,29.7,14.1,29.7,38.4,25826.0,-87.4736356939555,35.8029876163808,South
TN,Houston,47083,12.1,42.4,11.1,8.3,10.5,20.2,30.1,14.7,30.1,39.5,8393.0,-87.718007950043,36.2863750112246,South
TN,Humphreys,47085,12.1,42.4,11.1,8.5,10.9,20.6,30.1,15.0,29.5,41.2,19209.0,-87.7755303561665,36.041205154577,South
TN,Jackson,47087,13.5,44.8,11.3,10.1,13.1,23.2,30.6,17.0,33.0,39.4,12363.0,-85.6722114209333,36.3599462090631,South
TN,Jefferson,47089,11.1,40.9,11.0,8.0,9.7,18.1,30.1,13.6,27.1,37.3,57838.0,-83.4467028415514,36.05086022055,South
TN,Johnson,47091,14.2,46.2,11.2,10.1,13.3,23.2,30.1,17.5,33.7,40.0,18375.0,-81.8519837023031,36.4545547667015,South
TN,Knox,47093,9.9,36.5,10.6,6.2,7.4,15.0,30.7,12.0,23.3,33.5,500669.0,-83.9374331556164,35.9931595301704,South
TN,Lake,47095,20.3,48.3,11.6,9.8,14.3,29.4,29.2,19.0,39.6,47.2,6347.0,-89.4934505803668,36.3349506764167,South
TN,Lauderdale,47097,15.2,45.5,11.8,8.3,11.2,23.4,27.9,17.2,34.5,47.2,24610.0,-89.6304821816215,35.7604312317412,South
TN,Lawrence,47099,12.8,42.0,11.3,8.5,11.2,21.4,32.0,14.9,30.5,41.5,46114.0,-87.3957124386779,35.2173290015161,South
TN,Lewis,47101,12.6,42.0,11.2,8.6,11.1,20.8,30.2,14.9,29.8,39.2,13066.0,-87.4934669216043,35.5273554402834,South
TN,Lincoln,47103,11.8,42.1,10.9,8.0,10.0,18.9,28.3,14.8,28.8,40.5,36169.0,-86.5884578570277,35.1405225560834,South
TN,Loudon,47105,11.5,44.8,10.3,9.0,9.9,15.9,26.7,15.1,27.1,36.4,60591.0,-84.3109570879841,35.7351546299953,South
TN,Macon,47111,14.4,39.4,11.3,7.9,10.9,22.7,30.7,14.6,31.8,43.1,26793.0,-86.0074972615789,36.5321610381815,South
TN,Madison,47113,11.9,43.7,11.5,7.7,9.1,18.4,26.9,16.2,30.4,43.8,99193.0,-88.8383732518768,35.608117346519,South
TN,Marion,47115,13.0,44.0,11.4,9.2,11.9,21.7,30.4,16.2,31.1,40.6,29382.0,-85.6219431836917,35.1293245805955,South
TN,Marshall,47117,11.9,39.9,11.0,7.1,9.1,18.8,30.1,13.6,27.2,40.0,36961.0,-86.765342042301,35.4689863996802,South
TN,Maury,47119,11.0,39.0,10.7,6.6,7.8,16.4,27.9,12.6,24.6,35.2,110760.0,-87.0773669736942,35.6172345332644,South
TN,McMinn,47107,12.4,43.3,11.1,8.3,10.5,19.7,29.2,15.4,30.0,46.8,55678.0,-84.6172948206677,35.4249726546414,South
TN,McNairy,47109,12.9,44.3,11.4,9.0,11.8,22.0,30.2,16.2,31.3,39.4,26163.0,-88.5635110563889,35.1757083398811,South
TN,Meigs,47121,13.0,44.9,11.2,9.3,11.9,22.2,30.2,15.9,31.1,40.8,13691.0,-84.813392520053,35.5127017837319,South
TN,Monroe,47123,12.8,45.2,11.3,9.3,11.8,21.7,30.8,15.9,31.9,39.1,48594.0,-84.2525088223491,35.4431760782153,South
TN,Montgomery,47125,11.7,33.9,10.8,4.8,6.1,15.6,28.6,10.8,23.7,38.4,239872.0,-87.3824869108928,36.4969867160053,South
TN,Moore,47127,11.0,42.7,10.8,8.5,10.2,18.8,28.8,14.7,28.6,38.8,6748.0,-86.3576866745912,35.2848060919362,South
TN,Morgan,47129,13.4,42.4,10.9,8.5,11.1,22.2,30.0,14.8,30.4,43.4,21573.0,-84.6487183067747,36.135200185636,South
TN,Obion,47131,13.5,43.7,11.3,9.0,11.4,21.1,30.2,16.2,32.2,40.2,30411.0,-89.1484178194834,36.3583587008047,South
TN,Overton,47133,13.4,43.5,11.4,9.1,12.3,22.7,30.6,15.7,30.7,40.9,23327.0,-85.2874033540573,36.3445886252002,South
TN,Perry,47135,14.3,44.6,11.4,9.6,12.8,23.6,30.2,16.4,33.5,40.1,8891.0,-87.8588595527081,35.6430673129099,South
TN,Pickett,47137,13.4,49.0,11.3,12.1,15.2,23.5,29.9,19.1,35.1,41.8,5128.0,-85.0749592022297,36.5584729909283,South
TN,Polk,47139,11.6,43.8,11.2,8.7,11.0,20.7,30.5,15.1,30.5,43.7,18033.0,-84.5231146561792,35.1199362720267,South
TN,Putnam,47141,12.1,37.0,10.9,6.9,8.9,17.6,28.9,12.4,25.4,37.5,83844.0,-85.4952222663883,36.1410192724133,South
TN,Rhea,47143,13.7,43.2,11.1,8.7,11.4,21.5,30.2,15.7,31.2,42.5,33924.0,-84.9243596929919,35.6089795034142,South
TN,Roane,47145,11.0,43.3,10.8,8.8,10.5,18.9,29.6,14.7,29.5,37.0,56096.0,-84.523444001418,35.8476810839308,South
TN,Robertson,47147,12.2,38.2,10.8,6.6,8.2,18.0,28.3,12.7,27.2,37.0,76776.0,-86.8698013219112,36.5254566335954,South
TN,Rutherford,47149,11.3,34.0,10.7,5.0,6.2,14.6,26.8,10.9,22.9,37.9,367101.0,-86.4173008190105,35.8422400415262,South
TN,Scott,47151,14.8,44.1,11.8,9.6,13.8,26.4,32.7,16.6,35.4,43.4,22171.0,-84.5038069261659,36.4290014208916,South
TN,Sequatchie,47153,14.1,44.7,11.3,9.8,12.8,22.7,31.3,16.7,32.5,39.4,17161.0,-85.4099653169459,35.370952132045,South
TN,Sevier,47155,12.4,40.8,10.8,8.2,10.1,18.8,29.4,14.4,27.2,38.4,99415.0,-83.5246779154175,35.7845235705613,South
TN,Shelby,47157,12.2,43.0,11.7,6.5,7.9,17.2,24.9,15.9,27.5,39.7,910042.0,-89.8940926518089,35.1842443143079,South
TN,Smith,47159,11.7,39.1,11.0,7.5,9.7,19.7,30.0,13.5,27.7,39.1,20538.0,-85.9555794169535,36.2506836726101,South
TN,Stewart,47161,10.9,41.4,10.8,8.0,9.8,18.7,29.0,14.0,27.6,38.1,14222.0,-87.8381444048975,36.5016727803676,South
TN,Sullivan,47163,11.1,42.0,11.2,8.5,10.3,19.2,30.6,15.2,29.1,37.8,162135.0,-82.3045585275936,36.5129258294869,South
TN,Sumner,47165,10.3,37.0,10.7,6.4,7.5,15.3,29.3,12.2,23.6,40.6,207994.0,-86.4607991890573,36.4689167276957,South
TN,Tipton,47167,11.5,42.1,11.3,7.0,8.9,19.0,28.7,14.2,28.0,44.1,62015.0,-89.7563412718672,35.4973069158235,South
TN,Trousdale,47169,14.3,35.9,10.6,6.0,8.2,20.8,29.2,11.7,27.9,39.1,12271.0,-86.1558070520921,36.3926432948972,South
TN,Unicoi,47171,13.1,45.2,11.1,9.7,12.2,21.4,29.9,16.5,31.9,39.3,17756.0,-82.432207470715,36.1107828188125,South
TN,Union,47173,12.5,41.2,11.1,8.3,10.9,21.3,29.9,14.6,29.5,40.3,20741.0,-83.8370837651738,36.2880602959072,South
TN,Van Buren,47175,12.3,45.1,11.1,9.5,11.8,21.1,29.5,16.0,31.0,39.2,6493.0,-85.4530835156468,35.6957079836942,South
TN,Warren,47177,14.8,42.1,11.2,8.2,10.8,21.4,29.7,15.5,31.8,42.3,42638.0,-85.7788784397496,35.6788204639214,South
TN,Washington,47179,10.8,36.9,10.9,7.3,8.8,16.9,30.9,12.8,25.4,35.5,138420.0,-82.4976826297545,36.2931013733885,South
TN,Wayne,47181,14.0,42.7,11.0,8.9,11.8,23.1,29.0,15.4,31.5,40.5,16066.0,-87.7884393295724,35.2401834961045,South
TN,Weakley,47183,12.3,38.3,11.3,7.8,10.0,19.0,30.1,13.9,28.9,39.1,33084.0,-88.7178150533076,36.2982021322269,South
TN,White,47185,13.0,43.3,11.3,9.0,11.9,22.1,31.4,15.6,32.1,39.7,28692.0,-85.4547326738856,35.9262298617903,South
TN,Williamson,47187,6.9,35.0,9.8,5.1,5.2,10.4,24.7,10.0,18.1,29.4,264460.0,-86.8989340383962,35.8940837311549,South
TN,Wilson,47189,9.6,35.7,10.4,5.9,6.8,14.4,27.0,11.3,21.8,31.2,163674.0,-86.2966144804247,36.1542947750391,South
TX,Anderson,48001,19.1,38.6,9.9,6.9,7.8,17.4,22.0,13.9,30.6,39.9,57736.0,-95.6522925576106,31.8129156311575,South
TX,Andrews,48003,25.9,31.9,9.5,5.6,6.1,14.5,22.1,12.7,31.1,36.7,18664.0,-102.637659667666,32.3048845589417,South
TX,Angelina,48005,18.8,41.3,11.0,7.9,8.8,17.1,24.3,14.9,33.4,40.8,87319.0,-94.6116992392933,31.2547198881231,South
TX,Aransas,48007,16.0,43.5,9.9,9.1,9.1,14.1,22.4,15.9,30.2,36.0,25374.0,-96.9937772811132,28.1203533617689,South
TX,Archer,48009,12.3,38.1,10.2,7.5,8.1,14.6,23.8,12.7,26.5,34.9,9029.0,-98.687690972691,33.6153652781023,South
TX,Armstrong,48011,11.4,38.0,9.9,7.4,7.4,12.8,23.0,12.6,24.9,33.3,1832.0,-101.357434461818,34.964933848921,South
TX,Atascosa,48013,27.4,36.8,9.2,6.6,6.3,13.7,20.7,15.4,35.0,42.2,51784.0,-98.5272274832312,28.8935255788909,South
TX,Austin,48015,17.2,39.5,10.0,7.9,8.2,14.6,22.1,14.7,30.1,37.3,31677.0,-96.2778777421417,29.886871504535,South
TX,Bailey,48017,30.2,35.6,9.5,7.2,7.1,14.4,21.2,15.5,36.4,38.8,6672.0,-102.82988444052,34.0685882519589,South
TX,Bandera,48019,14.1,42.6,10.0,9.1,9.0,13.9,22.7,15.7,29.7,35.5,22637.0,-99.2461161455462,29.7470267929359,South
TX,Bastrop,48021,21.6,35.7,9.5,6.5,6.8,14.0,21.9,13.4,31.3,40.2,110778.0,-97.3120172080013,30.1036058737594,South
TX,Baylor,48023,15.3,41.3,10.3,8.9,9.7,16.2,23.9,14.9,30.8,36.1,3463.0,-99.2135754843925,33.6164027124256,South
TX,Bee,48025,27.7,34.2,8.7,5.9,5.7,14.8,19.6,13.9,32.9,39.2,30850.0,-97.7408777176847,28.4172095531903,South
TX,Bell,48027,16.2,33.2,10.7,5.4,5.9,13.3,24.7,12.6,29.3,43.2,393193.0,-97.4786872418696,31.0373016000356,South
TX,Bexar,48029,21.9,33.5,9.0,5.4,5.1,12.2,22.2,13.9,30.6,34.1,2087679.0,-98.5198676417665,29.4490016256298,South
TX,Blanco,48031,11.9,38.7,9.6,7.4,7.2,11.5,21.5,13.1,24.1,34.5,13048.0,-98.3998185456152,30.2664009736468,South
TX,Borden,48033,11.4,39.6,9.6,7.9,7.4,12.4,21.7,13.2,25.5,33.2,572.0,-101.43165088656,32.743639840193,South
TX,Bosque,48035,14.7,40.0,10.0,8.4,8.7,14.2,22.9,14.3,28.2,35.9,18996.0,-97.6346241068678,31.9004093012352,South
TX,Bowie,48037,14.1,38.9,10.8,7.1,8.1,16.0,23.6,13.8,29.1,36.7,91687.0,-94.423819006715,33.4470642499379,South
TX,Brazoria,48039,16.2,34.6,9.4,5.1,5.1,11.6,19.9,12.0,25.6,36.3,398938.0,-95.4512838215283,29.1895857693754,South
TX,Brazos,48041,15.6,27.8,9.9,4.6,5.2,11.7,24.2,9.7,24.2,29.4,244703.0,-96.3023043130741,30.6610052325894,South
TX,Brewster,48043,15.8,35.0,8.9,6.6,5.5,9.7,20.1,12.8,24.9,32.8,9513.0,-103.252136974717,29.8117853874334,South
TX,Briscoe,48045,20.5,43.4,10.3,9.9,10.4,16.8,22.8,17.5,34.5,39.5,1445.0,-101.20854325148,34.530269838452,South
TX,Brooks,48047,37.8,38.3,8.8,8.1,7.1,15.4,19.3,19.8,42.8,42.6,6848.0,-98.2186652765607,27.0315471342621,South
TX,Brown,48049,16.6,38.1,10.1,7.8,8.5,15.3,23.5,14.0,30.1,34.9,38709.0,-98.9996518461855,31.7744979741381,South
TX,Burleson,48051,15.9,39.3,10.1,7.4,7.8,14.1,22.1,14.0,28.7,35.9,19475.0,-96.6204059501343,30.4920545353374,South
TX,Burnet,48053,14.7,38.3,9.8,7.7,7.8,13.1,22.2,13.5,26.8,35.3,53991.0,-98.1823187653699,30.7885222390925,South
TX,Caldwell,48055,25.9,34.9,9.4,6.5,6.8,14.4,21.4,14.6,33.3,42.2,49859.0,-97.6196838584174,29.8365723490979,South
TX,Calhoun,48057,22.0,36.8,9.2,7.3,6.9,13.0,20.1,14.7,31.3,34.8,19696.0,-96.6045764033046,28.5035343577971,South
TX,Callahan,48059,12.5,38.5,10.2,7.6,8.2,14.7,23.9,13.2,26.5,36.2,14374.0,-99.3734437190338,32.2976666489506,South
TX,Cameron,48061,35.9,34.0,8.7,7.1,6.2,13.0,18.9,18.3,36.9,40.3,426710.0,-97.5145766684894,26.1339963074045,South
TX,Camp,48063,19.8,40.9,10.8,8.3,9.5,17.2,23.5,16.1,33.8,40.0,13000.0,-94.9789217135822,32.9735287736727,South
TX,Carson,48065,11.5,36.0,9.9,6.8,6.9,13.1,23.2,11.7,24.2,34.0,5878.0,-101.354227201503,35.4035188454549,South
TX,Cass,48067,13.5,42.8,10.9,8.7,9.9,17.2,24.0,15.7,30.8,39.3,28659.0,-94.3432364556616,33.0778942664555,South
TX,Castro,48069,27.7,36.2,9.1,7.2,6.7,13.3,20.1,15.5,34.2,38.2,7227.0,-102.261693793651,34.5300508535073,South
TX,Chambers,48071,15.9,32.1,10.0,5.2,5.7,13.4,23.4,10.8,25.0,35.0,53876.0,-94.6090395535865,29.7383140055434,South
TX,Cherokee,48073,19.1,38.7,10.5,7.8,8.9,16.9,23.6,14.7,31.8,35.7,52217.0,-95.1654294685663,31.8369558998934,South
TX,Childress,48075,21.6,34.0,9.5,6.3,6.9,14.7,21.9,12.0,29.6,36.1,6788.0,-100.207774384302,34.5292988540365,South
TX,Clay,48077,11.3,39.3,10.1,7.9,8.3,14.2,23.6,13.2,26.4,34.9,10738.0,-98.2085350681817,33.7856218212952,South
TX,Cochran,48079,32.3,39.8,10.1,8.8,9.7,19.3,22.9,18.6,41.7,42.6,2509.0,-102.828552919004,33.6042661046981,South
TX,Coke,48081,16.8,42.3,10.1,9.6,9.9,15.3,22.9,15.9,31.7,36.3,3352.0,-100.529830902237,31.8888150971988,South
TX,Coleman,48083,14.5,41.9,10.2,9.0,9.4,15.5,23.3,15.4,29.8,37.2,7842.0,-99.4537712491394,31.7731194131373,South
TX,Collin,48085,10.1,30.4,8.9,4.3,4.1,9.3,20.0,9.5,20.0,32.3,1195359.0,-96.5724094886701,33.1879491136514,South
TX,Collingsworth,48087,20.2,39.9,10.5,8.2,9.3,16.5,23.4,15.5,32.0,39.3,2563.0,-100.270010483746,34.9648943872209,South
TX,Colorado,48089,17.7,40.0,9.8,7.9,7.9,13.6,21.1,14.9,29.9,36.2,21117.0,-96.5263230883207,29.6207696357925,South
TX,Comal,48091,12.9,34.3,9.4,5.8,5.6,10.5,20.3,11.2,21.8,35.0,193928.0,-98.2782109308562,29.8082695377616,South
TX,Comanche,48093,18.1,40.1,9.9,8.5,8.7,14.5,22.5,14.8,30.5,36.7,14050.0,-98.5581879467796,31.9479319781139,South
TX,Concho,48095,23.7,38.5,9.1,7.6,7.8,15.8,20.0,14.2,32.0,37.1,3297.0,-99.8639438228882,31.3266769939656,South
TX,Cooke,48097,15.2,37.4,10.2,7.2,7.9,14.5,23.7,13.0,27.7,36.1,43782.0,-97.2125058792431,33.6394026274066,South
TX,Coryell,48099,16.0,30.4,10.4,4.9,5.7,14.1,24.0,10.3,26.8,37.3,84878.0,-97.7992789568498,31.3909056903364,South
TX,Cottle,48101,19.7,45.1,10.5,10.2,11.0,17.6,22.6,18.8,35.4,40.6,1294.0,-100.27870868144,34.0776734655448,South
TX,Crane,48103,30.5,34.3,9.1,6.4,6.3,14.3,20.4,15.0,36.0,39.7,4574.0,-102.515175576742,31.4287016784355,South
TX,Crockett,48105,28.2,37.7,9.4,7.7,7.4,14.3,20.3,16.5,35.3,37.7,2858.0,-101.412113870434,30.7229410965866,South
TX,Crosby,48107,27.2,39.5,9.7,8.4,8.6,15.9,21.6,17.1,37.0,40.5,4917.0,-101.300045578323,33.6145591482594,South
TX,Culberson,48109,31.3,40.2,9.2,8.7,8.0,16.1,19.9,19.3,40.8,40.3,2196.0,-104.517917684887,31.4465825494057,South
TX,Dallam,48111,27.4,35.1,9.6,6.7,7.4,16.9,22.3,14.7,35.6,39.6,7237.0,-102.60214211608,36.2778960872511,South
TX,Dallas,48113,20.6,33.1,9.8,5.3,5.6,12.5,19.3,12.5,30.5,35.7,2606358.0,-96.7778014946126,32.7665843308618,South
TX,Dawson,48115,29.9,36.0,9.4,7.0,7.6,17.1,21.1,15.3,36.5,39.4,12004.0,-101.947700451381,32.7425570373523,South
TX,DeWitt,48123,21.2,40.2,9.8,8.2,8.6,16.0,21.5,16.0,33.0,37.6,19929.0,-97.3567685981897,29.0819581511294,South
TX,Deaf Smith,48117,34.7,35.5,9.4,7.1,7.2,15.7,20.9,16.4,39.8,40.7,18347.0,-102.605245899508,34.9651051857135,South
TX,Delta,48119,13.4,39.1,10.6,7.8,8.7,15.9,24.4,13.7,28.3,37.1,5520.0,-95.672735117149,33.3864460647308,South
TX,Denton,48121,11.2,29.5,9.3,4.3,4.3,9.8,20.8,9.9,21.2,33.7,1007703.0,-97.116782971613,33.2055820365449,South
TX,Dickens,48125,18.7,43.0,9.9,9.6,9.8,15.1,21.9,16.7,32.5,37.5,1711.0,-100.77888550046,33.6161682203938,South
TX,Dimmit,48127,41.1,42.3,9.5,9.9,9.4,18.9,20.9,23.4,49.5,46.8,8257.0,-99.7563877000039,28.4224004357478,South
TX,Donley,48129,14.6,39.4,10.4,8.4,8.9,14.3,23.6,14.0,28.8,34.2,3214.0,-100.814009320183,34.9651749903326,South
TX,Duval,48131,35.4,38.4,8.9,8.2,7.0,14.8,19.4,18.8,41.1,41.2,9604.0,-98.5089333372538,27.6813479552338,South
TX,Eastland,48133,15.9,38.7,10.3,8.2,9.1,15.6,24.1,14.1,29.8,35.5,18037.0,-98.8323287178066,32.3270590922605,South
TX,Ector,48135,28.0,30.5,9.3,5.3,5.5,14.2,21.2,12.8,31.8,40.0,164494.0,-102.542980507933,31.8691061601852,South
TX,Edwards,48137,25.2,44.6,9.5,10.5,9.9,15.0,20.1,19.3,36.4,38.2,1393.0,-100.304658227238,29.9828253544507,South
TX,El Paso,48141,29.0,33.1,8.6,5.8,4.9,12.1,19.9,15.4,33.4,34.0,869880.0,-106.234769971665,31.7686659871114,South
TX,Ellis,48139,15.6,34.2,10.1,5.3,5.6,12.6,22.6,11.6,25.8,37.2,222829.0,-96.7947622892569,32.348352446173,South
TX,Erath,48143,14.7,30.9,10.3,5.8,6.6,12.9,24.9,10.8,25.1,33.4,44195.0,-98.2178480863038,32.2362428952584,South
TX,Falls,48145,19.5,40.9,10.9,8.1,9.1,17.1,23.1,16.1,33.8,40.0,17286.0,-96.9360031831906,31.2533225342958,South
TX,Fannin,48147,15.3,37.5,10.4,7.4,8.5,16.6,24.5,13.2,29.1,39.2,37571.0,-96.1067079891207,33.5939918625656,South
TX,Fayette,48149,14.2,39.3,9.6,8.0,7.7,12.3,21.3,13.8,26.5,33.9,25474.0,-96.919888918161,29.8766808325112,South
TX,Fisher,48151,15.7,40.0,9.7,8.0,7.6,13.4,21.6,14.5,28.8,36.1,3612.0,-100.402132930717,32.7427738295493,South
TX,Floyd,48153,27.6,38.9,9.6,8.3,8.3,15.2,21.0,17.0,36.5,39.1,5090.0,-101.303178278606,34.0723791085183,South
TX,Foard,48155,18.4,45.4,10.7,10.9,11.8,18.0,23.8,18.2,35.6,40.1,1079.0,-99.7779429251339,33.9747830849659,South
TX,Fort Bend,48157,12.6,31.8,9.0,4.6,4.2,9.8,17.5,12.0,24.3,30.1,916778.0,-95.7710151057797,29.527427679919,South
TX,Franklin,48159,12.5,38.4,10.0,7.5,7.6,13.1,22.9,13.0,25.5,35.3,10735.0,-95.218562136449,33.1757036707702,South
TX,Freestone,48161,16.1,41.0,10.3,7.9,8.6,16.0,22.7,14.7,30.1,38.2,20441.0,-96.1492579054963,31.7049953247855,South
TX,Frio,48163,37.0,33.1,8.6,6.2,5.9,15.0,19.5,15.3,38.6,40.5,17987.0,-99.1082691100666,28.8676630921064,South
TX,Gaines,48165,25.6,30.8,10.2,5.5,6.6,16.4,23.8,11.8,31.8,36.1,22523.0,-102.635322018669,32.7406420313499,South
TX,Galveston,48167,15.0,35.7,9.8,5.9,6.0,12.3,21.7,12.3,25.4,34.0,361744.0,-94.9597574835982,29.3894859342215,South
TX,Garza,48169,30.9,35.5,9.3,6.9,7.5,16.9,20.9,14.9,36.0,39.9,4517.0,-101.298477753686,33.179828329814,South
TX,Gillespie,48171,13.7,40.3,9.4,8.3,7.7,11.1,21.0,13.6,25.6,32.8,27733.0,-98.946450602628,30.3181707100449,South
TX,Glasscock,48173,15.4,32.4,9.1,5.5,5.2,10.8,21.2,10.9,23.3,34.0,1141.0,-101.520755031505,31.8694279830958,South
TX,Goliad,48175,18.1,40.5,9.8,8.5,8.4,14.2,21.5,15.6,30.4,37.0,7144.0,-97.4261528642449,28.6572997486097,South
TX,Gonzales,48177,25.8,38.8,9.9,7.9,8.3,15.8,21.8,16.0,35.8,39.4,19930.0,-97.4924120761723,29.4565232169214,South
TX,Gray,48179,20.1,37.6,9.9,7.3,8.2,16.4,23.2,13.9,31.6,38.5,20916.0,-100.812739155708,35.4008162101796,South
TX,Grayson,48181,13.7,36.1,10.3,6.7,7.4,14.4,24.3,12.5,27.4,33.9,146907.0,-96.677595609233,33.6267279244552,South
TX,Gregg,48183,16.3,37.6,10.7,6.7,7.7,15.3,23.7,13.5,29.1,36.8,126243.0,-94.8172129149567,32.4804256310109,South
TX,Grimes,48185,18.5,38.7,10.1,7.5,8.1,15.7,22.6,14.4,30.1,37.1,32384.0,-95.9857958270948,30.543616879783,South
TX,Guadalupe,48187,17.1,33.8,9.5,5.6,5.5,12.5,22.1,12.8,25.9,34.7,188454.0,-97.9484215205063,29.5831773048302,South
TX,Hale,48189,28.9,36.3,9.5,7.1,7.4,15.7,21.3,15.6,36.1,38.9,31761.0,-101.826850260532,34.0704618975684,South
TX,Hall,48191,21.3,42.7,10.0,9.5,9.6,15.6,22.1,17.5,34.4,39.1,2818.0,-100.68136474111,34.5307336832386,South
TX,Hamilton,48193,14.6,41.3,10.1,8.9,9.4,15.3,23.2,14.6,30.0,36.1,8619.0,-98.1108284380851,31.7047074126734,South
TX,Hansford,48195,23.4,34.6,9.6,6.7,7.0,13.6,22.0,13.6,31.0,36.8,5071.0,-101.354568947694,36.2774356712956,South
TX,Hardeman,48197,17.5,40.5,10.3,8.6,9.1,15.8,23.1,15.2,31.2,37.6,3490.0,-99.7457296802433,34.2902903445807,South
TX,Hardin,48199,12.6,36.7,10.5,6.8,7.9,15.6,24.8,12.4,26.8,34.0,58261.0,-94.3903008121977,30.3323844074931,South
TX,Harris,48201,21.3,32.8,9.2,5.4,5.5,12.7,19.7,13.2,26.8,37.3,4835125.0,-95.393015286316,29.8574661549995,South
TX,Harrison,48203,14.4,38.6,10.7,7.1,7.9,15.2,23.5,13.8,29.5,38.8,70895.0,-94.3711940178342,32.5484333627484,South
TX,Hartley,48205,18.8,34.9,9.1,6.3,6.3,13.4,20.7,12.0,26.8,34.5,5145.0,-102.602902654175,35.8400876885743,South
TX,Haskell,48207,20.2,39.3,10.0,8.2,9.0,16.3,22.9,14.9,32.1,36.6,5385.0,-99.7303772258347,33.1782688414927,South
TX,Hays,48209,16.6,29.0,9.3,4.7,4.8,10.8,21.9,10.2,23.1,34.5,280486.0,-98.0310940044177,30.0578040288703,South
TX,Hemphill,48211,16.4,34.1,9.4,6.3,6.2,11.7,21.5,11.6,25.5,32.7,3189.0,-100.270357671339,35.8376485835775,South
TX,Henderson,48213,14.9,40.6,10.5,8.3,9.2,16.1,24.2,14.5,30.1,35.4,86158.0,-95.8540770881773,32.2120534622244,South
TX,Hidalgo,48215,37.4,33.4,8.7,6.5,5.9,13.3,20.2,17.4,37.5,44.2,898471.0,-98.1813849534075,26.3966846914573,South
TX,Hill,48217,16.6,38.8,10.3,7.8,8.4,15.3,23.5,14.2,30.4,36.9,38101.0,-97.1326290825318,31.9907752386382,South
TX,Hockley,48219,23.2,35.1,9.7,6.7,7.0,14.5,22.0,14.1,32.0,36.1,21460.0,-102.343246080123,33.6077107803393,South
TX,Hood,48221,11.7,38.0,9.8,7.4,7.4,12.0,22.6,12.5,24.7,33.2,67774.0,-97.832107492052,32.4300324854854,South
TX,Hopkins,48223,16.1,37.5,10.4,7.3,8.3,15.5,24.1,13.4,29.6,37.5,38172.0,-95.5639385423983,33.1495667219792,South
TX,Houston,48225,17.9,43.4,10.6,8.9,9.9,17.9,22.7,16.8,33.7,38.2,22066.0,-95.423014721368,31.3177915208724,South
TX,Howard,48227,23.5,34.8,9.6,6.3,6.6,15.1,22.0,13.7,32.1,38.4,30554.0,-101.435539631592,32.3062566921311,South
TX,Hudspeth,48229,38.6,33.0,8.9,6.0,6.6,18.7,20.5,14.3,38.5,41.0,3451.0,-105.387187001095,31.4564352021249,South
TX,Hunt,48231,16.2,35.6,10.3,6.5,7.4,15.2,23.3,12.3,28.0,36.7,113347.0,-96.0854636520971,33.1236261404321,South
TX,Hutchinson,48233,16.7,36.0,10.1,7.0,7.5,14.8,23.4,12.9,28.2,35.1,20033.0,-101.354683598946,35.8400645050996,South
TX,Irion,48235,14.5,37.7,9.7,7.3,7.2,12.8,22.5,13.4,26.7,35.1,1549.0,-100.982444582177,31.3037547121267,South
TX,Jack,48237,18.0,37.5,10.2,7.6,8.8,17.5,24.0,13.4,30.4,37.8,8875.0,-98.1724400107934,33.2337317040923,South
TX,Jackson,48239,19.7,38.6,9.9,7.8,8.2,15.0,22.4,14.7,31.7,37.7,15221.0,-96.5776341634458,28.9540204387149,South
TX,Jasper,48241,15.0,43.2,11.1,9.0,10.7,18.9,24.5,16.3,33.5,41.1,32694.0,-94.024938176816,30.743798480651,South
TX,Jeff Davis,48243,17.5,50.1,9.8,12.3,11.6,14.4,21.0,21.2,34.2,37.9,1856.0,-104.139649223358,30.7150345029534,South
TX,Jefferson,48245,18.9,39.8,10.7,7.0,7.8,16.1,21.1,15.6,31.9,41.3,251496.0,-94.1629669978283,29.8838681845397,South
TX,Jim Hogg,48247,40.6,41.6,9.1,9.9,8.9,17.2,19.7,22.8,47.7,44.7,4720.0,-98.6972817085145,27.0434461353436,South
TX,Jim Wells,48249,32.9,37.3,9.0,7.6,6.9,14.6,20.0,18.0,40.2,40.6,38662.0,-98.0898636168102,27.7313571296444,South
TX,Johnson,48251,16.3,33.8,10.2,5.9,6.6,14.4,23.2,11.9,27.0,33.4,202906.0,-97.3667838831373,32.378886664573,South
TX,Jones,48253,22.3,36.2,9.5,6.6,7.5,17.1,21.4,13.0,30.7,38.7,20381.0,-99.8787874686068,32.7398912663805,South
TX,Karnes,48255,28.2,35.3,9.1,6.4,6.8,16.0,20.4,14.0,34.1,38.9,15018.0,-97.8593371651088,28.9055896223932,South
TX,Kaufman,48257,16.8,32.5,10.4,5.0,5.8,14.0,22.2,11.2,27.3,38.0,185690.0,-96.2878987392596,32.5994523477795,South
TX,Kendall,48259,11.5,34.9,9.3,6.1,5.5,10.0,20.4,11.1,21.2,34.3,50537.0,-98.7115403167654,29.9447622449923,South
TX,Kenedy,48261,35.1,38.2,9.3,8.3,7.2,15.1,19.3,18.5,40.2,37.9,343.0,-97.6981206826376,26.9297976203361,South
TX,Kent,48263,12.0,38.9,9.6,7.7,7.2,11.5,21.6,12.9,25.2,32.5,734.0,-100.778093903515,33.1810413555639,South
TX,Kerr,48265,15.7,40.3,9.6,8.7,8.4,12.4,21.4,14.7,28.0,34.4,53915.0,-99.350036097122,30.0614415386798,South
TX,Kimble,48267,16.9,43.8,10.0,9.9,10.1,14.8,22.5,16.6,31.5,36.8,4442.0,-99.74856472736,30.4867891761732,South
TX,King,48269,16.1,45.0,10.3,10.4,10.8,17.5,22.8,16.8,32.5,37.8,217.0,-100.255805654489,33.6164384711197,South
TX,Kinney,48271,25.4,39.2,8.8,8.6,7.5,12.2,19.4,15.8,32.0,36.8,3148.0,-100.417890745347,29.3502838313614,South
TX,Kleberg,48273,27.9,31.5,9.1,6.0,5.5,12.1,21.0,14.0,33.9,37.1,30069.0,-97.7241429287968,27.4313553016512,South
TX,Knox,48275,19.1,40.3,10.1,8.2,8.7,15.6,22.6,15.6,32.4,37.8,3302.0,-99.7414172511537,33.6061582190802,South
TX,La Salle,48283,39.7,33.6,8.7,6.9,6.8,15.3,19.5,15.5,39.8,38.8,6537.0,-99.0991054455239,28.3447439568523,South
TX,Lamar,48277,14.2,39.9,11.0,7.8,9.1,16.7,24.6,14.3,30.1,38.5,51127.0,-95.5711286178651,33.6669168991242,South
TX,Lamb,48279,27.3,38.2,9.6,7.9,7.9,15.2,21.4,16.6,35.9,40.0,12711.0,-102.351704737313,34.0686552915887,South
TX,Lampasas,48281,14.5,38.5,10.2,7.5,7.9,14.2,23.6,14.0,27.8,35.1,23262.0,-98.2414108131031,31.1962436760644,South
TX,Lavaca,48285,15.4,40.6,10.1,8.4,8.7,14.4,22.8,14.6,29.7,36.3,20571.0,-96.9301548131153,29.3843959612115,South
TX,Lee,48287,18.6,40.6,10.3,8.1,9.0,16.4,22.9,15.4,31.9,39.8,18240.0,-96.965597939337,30.3108473506794,South
TX,Leon,48289,15.7,41.6,10.4,8.8,9.5,15.9,23.2,15.3,30.5,36.2,16538.0,-95.996210580884,31.2960691396315,South
TX,Liberty,48291,23.8,35.4,10.6,6.5,8.0,17.8,23.7,13.9,34.5,40.1,108272.0,-94.812237365989,30.1515050413894,South
TX,Limestone,48293,18.1,41.9,10.5,8.4,9.3,16.6,22.8,16.1,32.8,39.7,22250.0,-96.5807056451504,31.5455242712717,South
TX,Lipscomb,48295,20.1,38.6,9.8,8.0,8.3,14.5,22.0,14.8,30.6,36.7,2906.0,-100.273177516537,36.2777928293222,South
TX,Live Oak,48297,25.3,40.0,9.6,8.5,8.7,16.8,21.4,16.2,35.0,39.7,11584.0,-98.1248739225025,28.3514151858659,South
TX,Llano,48299,12.2,44.8,9.8,10.0,9.5,12.5,21.5,15.7,28.1,35.8,22875.0,-98.6842723266415,30.7058285509111,South
TX,Lubbock,48303,17.6,30.3,9.8,5.4,5.8,12.6,22.7,11.4,27.6,35.4,320940.0,-101.820518052289,33.6101840470101,South
TX,Lynn,48305,21.9,37.5,9.9,7.5,8.0,15.9,22.9,15.2,32.5,38.6,5761.0,-101.816284702965,33.1766927653914,South
TX,Madison,48313,21.3,36.1,10.1,6.7,7.6,16.2,22.0,13.1,31.5,37.1,13742.0,-95.9269805471316,30.9654128932374,South
TX,Marion,48315,13.6,46.8,11.0,10.1,11.2,17.7,23.1,18.1,33.1,39.1,9571.0,-94.357306201594,32.7981212293791,South
TX,Martin,48317,21.8,32.3,9.6,5.5,6.0,14.0,22.2,12.1,29.3,36.0,5216.0,-101.951315595518,32.3060050931202,South
TX,Mason,48319,14.4,41.2,9.4,8.8,8.1,11.5,20.9,14.4,26.8,33.5,3931.0,-99.2261459590745,30.717708287216,South
TX,Matagorda,48321,22.6,39.6,9.9,7.9,8.3,15.3,22.0,16.4,33.8,39.4,36359.0,-96.0111087701823,28.820954465474,South
TX,Maverick,48323,38.8,34.4,8.9,6.6,5.7,14.2,19.7,17.8,41.7,43.9,57762.0,-100.314712849435,28.7428098080627,South
TX,McCulloch,48307,19.0,40.4,10.0,8.6,8.9,15.1,22.7,15.5,32.1,36.4,7452.0,-99.347172859715,31.1988395534553,South
TX,McLennan,48309,16.8,34.3,10.4,6.2,6.8,13.5,23.6,12.5,27.9,34.8,268583.0,-97.2019674339833,31.5524344159356,South
TX,McMullen,48311,22.3,42.1,9.5,9.5,9.1,15.9,21.3,17.8,35.5,38.6,568.0,-98.5676352310772,28.3526449374516,South
TX,Medina,48325,21.6,37.1,9.2,6.6,6.1,12.6,20.6,14.4,30.5,39.5,54797.0,-99.1102281200746,29.3554244765575,South
TX,Menard,48327,20.5,44.2,9.7,10.3,9.8,14.0,20.9,17.6,33.3,36.5,1958.0,-99.8204913138862,30.8899004486762,South
TX,Midland,48329,20.0,30.5,9.4,4.7,4.9,12.0,21.4,10.8,26.6,35.9,177108.0,-102.031580366906,31.8691447722439,South
TX,Milam,48331,17.6,40.2,10.1,8.0,8.5,15.3,22.7,14.9,31.1,37.1,25951.0,-96.9765048988869,30.7863766498583,South
TX,Mills,48333,13.4,40.4,9.7,8.6,8.3,12.7,21.9,14.1,26.9,33.0,4548.0,-98.5954945893768,31.4950789816718,South
TX,Mitchell,48335,24.2,35.4,9.3,6.5,7.0,16.0,21.0,13.3,31.8,38.4,9075.0,-100.92119615452,32.3062215177593,South
TX,Montague,48337,14.1,38.7,10.3,8.0,8.8,15.7,24.4,13.4,28.4,35.0,21598.0,-97.7244465016151,33.6754382941616,South
TX,Montgomery,48339,14.7,31.9,9.5,5.3,5.6,11.8,21.5,11.4,23.5,31.8,711354.0,-95.5030644811264,30.300104861884,South
TX,Moore,48341,29.3,34.5,9.5,6.5,6.8,15.7,21.3,14.9,35.9,39.0,21190.0,-101.893022217269,35.8377251925655,South
TX,Morris,48343,14.7,42.7,11.1,8.4,9.4,16.7,23.4,15.9,31.6,39.0,12066.0,-94.7328145015315,33.1134773073817,South
TX,Motley,48345,15.1,41.8,9.9,9.1,9.2,14.4,22.4,14.7,28.8,35.2,1020.0,-100.779742210669,34.0740864379362,South
TX,Nacogdoches,48347,16.7,35.0,10.9,6.8,7.9,14.9,24.4,13.2,29.8,33.2,65375.0,-94.6159839469319,31.6159103214024,South
TX,Navarro,48349,20.8,38.4,10.6,7.6,8.6,16.6,23.3,15.3,32.9,38.1,55635.0,-96.4726518605146,32.0468217387349,South
TX,Newton,48351,16.2,46.2,11.5,10.5,13.0,22.2,25.0,18.6,37.1,42.8,12039.0,-93.744318388412,30.7868762566748,South
TX,Nolan,48353,22.9,40.3,10.2,8.5,9.4,17.3,23.1,16.5,35.8,40.5,14306.0,-100.406154240884,32.3035307220411,South
TX,Nueces,48355,24.6,36.2,9.3,6.5,6.0,13.1,20.0,15.8,31.8,39.7,352289.0,-97.6111268939581,27.7254870706267,South
TX,Ochiltree,48357,26.1,34.8,9.5,6.7,7.1,14.9,22.1,14.1,33.4,39.2,9704.0,-100.815710053188,36.2782929331086,South
TX,Oldham,48359,15.0,36.3,10.2,6.8,7.6,15.3,24.3,13.3,28.6,36.1,1783.0,-102.602717239407,35.4042067175398,South
TX,Orange,48361,13.4,36.6,10.6,6.7,7.7,15.7,25.0,12.4,27.6,38.4,85722.0,-93.8937229414499,30.1213657594066,South
TX,Palo Pinto,48363,16.7,38.6,10.4,8.0,9.1,16.3,24.0,14.4,30.7,39.4,29747.0,-98.313009663541,32.7532102254697,South
TX,Panola,48365,13.9,39.3,10.7,7.5,8.4,15.6,23.5,13.8,28.7,37.4,22838.0,-94.305588373275,32.1624000860358,South
TX,Parker,48367,12.1,34.0,10.1,5.9,6.4,12.9,24.0,10.7,23.4,35.5,173494.0,-97.8050287184467,32.7776961767337,South
TX,Parmer,48369,28.6,34.9,9.1,6.8,6.4,13.4,20.1,15.0,33.8,37.0,9617.0,-102.784414317939,34.5299392685081,South
TX,Pecos,48371,31.1,36.2,8.8,6.9,6.5,15.8,19.6,16.5,37.4,40.2,14623.0,-102.723568115206,30.7808656738658,South
TX,Polk,48373,17.3,40.7,10.7,8.1,9.8,18.9,24.8,15.4,32.4,39.2,54186.0,-94.8297760829209,30.7927542489747,South
TX,Potter,48375,23.8,37.6,10.1,7.2,8.2,17.3,23.0,15.3,34.9,41.8,114647.0,-101.893935555114,35.4012969967097,South
TX,Presidio,48377,34.8,42.9,8.9,10.6,8.4,14.6,18.7,22.2,43.7,41.0,5795.0,-104.240890371307,29.9999117910567,South
TX,Rains,48379,12.4,40.5,10.2,8.3,8.8,14.6,23.3,14.1,27.5,35.8,12986.0,-95.7937641359223,32.8701771320508,South
TX,Randall,48381,14.0,32.8,9.8,5.6,5.8,12.0,23.6,10.8,23.5,35.1,148255.0,-101.897013407164,34.9658168884891,South
TX,Reagan,48383,27.0,34.3,8.7,5.9,5.5,13.1,19.6,14.5,33.0,39.1,3141.0,-101.523265939639,31.3660704106608,South
TX,Real,48385,18.3,45.5,10.2,10.5,11.0,16.4,22.7,18.3,34.6,38.1,2854.0,-99.8220072402016,29.831458200288,South
TX,Red River,48387,14.3,44.8,10.9,9.7,10.7,17.5,23.7,16.9,32.5,38.5,11678.0,-95.0501254289068,33.6213184378431,South
TX,Reeves,48389,37.3,35.6,8.7,7.0,6.2,15.6,19.6,17.6,41.5,40.7,11770.0,-103.693263385087,31.3228970146081,South
TX,Refugio,48391,24.3,40.8,9.7,8.6,8.4,15.0,21.0,17.6,35.9,39.7,6666.0,-97.1600684538259,28.3260568643539,South
TX,Roberts,48393,11.0,36.3,9.7,6.9,6.7,12.4,22.8,11.6,23.6,33.7,840.0,-100.813194100652,35.8380987731575,South
TX,Robertson,48395,17.4,40.8,10.5,8.0,8.7,15.7,22.2,15.4,31.5,37.9,17267.0,-96.5126964994334,31.0266481378576,South
TX,Rockwall,48397,11.3,30.5,9.7,4.5,4.5,10.0,21.8,9.4,20.4,35.1,131307.0,-96.407903561199,32.8977739436621,South
TX,Runnels,48399,19.3,38.2,9.7,7.8,7.8,14.3,21.9,14.7,31.0,35.9,9868.0,-99.9760823556218,31.8313952476266,South
TX,Rusk,48401,16.9,39.0,10.4,7.1,8.0,16.1,22.7,13.9,29.8,37.5,53079.0,-94.7618224818731,32.1079744041474,South
TX,Sabine,48403,12.5,45.9,10.6,10.4,11.1,16.2,23.1,16.6,30.7,35.5,10106.0,-93.8530861264766,31.3427705012424,South
TX,San Augustine,48405,17.5,49.7,11.5,11.9,14.1,21.8,24.3,20.9,39.2,43.5,7833.0,-94.1681043693853,31.3946415089641,South
TX,San Jacinto,48407,17.6,42.7,10.6,9.0,10.1,17.5,23.9,16.4,32.4,39.0,28936.0,-95.1669956585337,30.5795837106641,South
TX,San Patricio,48409,24.9,38.0,9.6,6.8,6.9,14.4,20.7,15.4,34.6,41.3,70660.0,-97.5188987733639,28.0098227496439,South
TX,San Saba,48411,20.7,38.2,9.6,8.2,8.6,14.9,21.9,14.2,30.9,35.8,5845.0,-98.8176268583521,31.1552372018107,South
TX,Schleicher,48413,22.5,37.1,9.1,7.4,6.7,12.3,20.2,14.8,30.7,36.0,2391.0,-100.538360501856,30.8975258274711,South
TX,Scurry,48415,21.3,35.3,9.6,6.7,7.0,14.2,22.1,13.6,31.0,38.1,16212.0,-100.916374490754,32.7461718142865,South
TX,Shackelford,48417,11.4,36.8,9.9,7.0,7.1,12.5,23.2,12.3,24.1,33.8,3229.0,-99.3540694252788,32.7359833326809,South
TX,Shelby,48419,18.9,42.0,11.0,8.5,10.1,18.5,23.9,16.4,35.2,41.1,24179.0,-94.1455239058932,31.792224856062,South
TX,Sherman,48421,20.9,34.2,9.3,6.5,6.2,12.3,21.0,12.9,28.5,35.4,2678.0,-101.893369592743,36.2776904300131,South
TX,Smith,48423,15.3,36.4,10.5,6.5,7.0,13.6,23.3,13.2,27.0,37.5,245209.0,-95.2689903320297,32.3753231431175,South
TX,Somervell,48425,13.4,36.6,9.9,6.9,7.1,13.4,23.1,12.3,25.7,34.3,9888.0,-97.7746942699645,32.2223111775323,South
TX,Starr,48427,43.5,36.6,9.3,7.6,7.2,16.9,21.2,20.0,47.0,45.0,65934.0,-98.7382150287698,26.5621954230655,South
TX,Stephens,48429,18.4,37.7,9.8,7.7,8.4,15.6,22.8,13.8,29.9,36.3,9343.0,-98.8363206404331,32.7356283436368,South
TX,Sterling,48431,15.6,31.1,9.2,5.1,4.9,11.2,21.4,10.5,23.8,33.2,1397.0,-101.050074584309,31.8278191237971,South
TX,Stonewall,48433,17.2,42.7,10.0,9.4,9.6,15.0,22.1,15.8,32.2,35.8,1218.0,-100.253840082948,33.1790674385685,South
TX,Sutton,48435,27.2,39.2,9.1,8.2,7.6,14.0,20.1,17.4,35.8,38.3,3221.0,-100.538201377694,30.4985662251929,South
TX,Swisher,48437,26.5,39.3,9.8,8.2,8.9,17.6,21.9,16.6,36.9,40.5,6955.0,-101.734988026713,34.5302899280376,South
TX,Tarrant,48439,16.8,31.4,10.1,5.1,5.4,12.7,22.7,11.7,27.7,33.2,2182947.0,-97.2911054620017,32.7719331621137,South
TX,Taylor,48441,15.7,32.7,10.0,5.8,6.3,12.9,23.4,11.2,26.1,34.3,146836.0,-99.8901007880615,32.3015982054604,South
TX,Terrell,48443,16.8,39.6,8.4,7.8,5.6,9.2,17.9,15.0,26.8,33.8,687.0,-102.076351165214,30.2251185411678,South
TX,Terry,48445,29.2,37.6,9.7,7.6,8.2,16.7,21.9,16.4,37.3,40.7,11547.0,-102.335292303476,33.1739784521268,South
TX,Throckmorton,48447,13.1,43.1,10.0,9.7,9.7,14.9,22.9,15.4,30.0,35.5,1526.0,-99.2123602088417,33.1775038104692,South
TX,Titus,48449,24.8,37.8,10.2,7.5,8.5,16.5,22.5,15.6,35.1,38.6,31357.0,-94.9657501261374,33.2166629158595,South
TX,Tom Green,48451,19.3,34.8,9.6,6.4,6.5,12.8,23.0,12.9,29.0,36.8,119057.0,-100.462488889741,31.4045486569468,South
TX,Travis,48453,13.9,26.6,9.2,4.1,4.0,9.5,22.1,9.0,19.9,30.4,1334961.0,-97.7818425836313,30.3346898284573,South
TX,Trinity,48455,14.5,43.9,10.7,9.5,10.5,16.8,23.7,16.4,31.7,37.7,14228.0,-95.1359195310631,31.0883554818794,South
TX,Tyler,48457,17.3,42.0,10.7,9.0,10.7,19.3,24.3,15.3,33.1,38.7,20382.0,-94.3765374260976,30.7714339514186,South
TX,Upshur,48459,14.1,38.8,10.8,7.7,9.0,16.6,24.9,13.9,29.6,37.6,43281.0,-94.941027062863,32.7365155244404,South
TX,Upton,48461,27.2,37.9,9.8,7.7,8.0,16.6,21.9,16.6,37.1,40.9,3109.0,-102.042897048526,31.3687459368592,South
TX,Uvalde,48463,28.5,35.5,9.1,7.0,6.6,13.1,20.6,15.7,34.5,40.1,24960.0,-99.7622517109272,29.3573842987662,South
TX,Val Verde,48465,32.3,33.0,8.8,6.4,5.6,13.0,19.5,15.6,36.4,37.8,47720.0,-101.152139791138,29.8924665112135,South
TX,Van Zandt,48467,13.9,38.8,10.4,7.7,8.5,15.6,24.7,13.4,28.7,36.0,64000.0,-95.8365866293044,32.5635031932869,South
TX,Victoria,48469,22.5,35.4,9.6,6.8,6.9,13.9,21.6,14.5,31.6,37.2,91664.0,-96.971246868266,28.7963664329227,South
TX,Walker,48471,18.1,36.2,10.2,6.4,7.3,16.2,22.8,13.3,29.7,39.3,81268.0,-95.5722593937915,30.7386213427697,South
TX,Waller,48473,17.6,31.2,10.3,5.0,5.4,12.2,21.6,11.1,26.9,36.6,63553.0,-95.9873089845741,30.0111246617293,South
TX,Ward,48475,26.0,34.8,9.4,6.4,6.4,14.5,21.3,14.4,33.9,37.6,10966.0,-103.102512381465,31.5092300643518,South
TX,Washington,48477,13.2,38.5,10.0,7.2,7.1,12.1,21.7,13.2,26.5,35.7,37007.0,-96.4034875149124,30.2141437176901,South
TX,Webb,48479,36.2,31.6,8.7,5.8,5.0,12.7,19.1,16.1,39.2,42.1,269148.0,-99.3318735340826,27.7610056449314,South
TX,Wharton,48481,21.3,38.1,9.9,7.3,7.4,14.2,21.5,15.0,32.1,40.0,41739.0,-96.222100004124,29.2777863659178,South
TX,Wheeler,48483,17.3,39.8,10.3,8.3,9.1,16.0,23.4,14.7,30.8,37.2,4804.0,-100.269768350645,35.4011461843964,South
TX,Wichita,48485,15.9,34.8,10.3,6.2,7.1,14.6,23.9,12.1,27.0,35.3,130180.0,-98.7037201322171,33.9880210918008,South
TX,Wilbarger,48487,21.3,40.3,10.5,8.5,9.9,18.2,23.7,16.5,35.8,39.6,12522.0,-99.2410421710435,34.0808690449227,South
TX,Willacy,48489,40.8,36.5,8.9,7.7,7.2,16.4,19.5,18.8,44.1,43.2,20037.0,-97.6596738477396,26.4696396211286,South
TX,Williamson,48491,12.2,29.2,9.0,4.5,4.3,9.9,20.4,9.8,22.5,32.6,697191.0,-97.6002801376072,30.6477494421496,South
TX,Wilson,48493,17.5,34.2,9.4,6.3,6.1,12.4,20.9,13.1,26.6,35.3,54183.0,-98.0865459472406,29.1739878356162,South
TX,Winkler,48495,27.6,33.8,9.2,6.1,6.0,14.1,20.5,14.1,33.2,37.6,7414.0,-103.048538040862,31.8500161818711,South
TX,Wise,48497,15.2,34.5,10.1,6.4,7.2,14.8,23.5,11.9,26.6,34.1,78097.0,-97.6545497326334,33.2159029941521,South
TX,Wood,48499,13.6,41.2,10.3,8.8,9.3,14.8,23.2,14.6,28.6,34.3,47921.0,-95.3822087220849,32.7867167347459,South
TX,Yoakum,48501,27.1,32.6,9.2,6.0,5.8,12.9,20.9,13.5,32.1,37.6,7468.0,-102.827847615749,33.1729636761702,South
TX,Young,48503,15.2,38.1,10.0,7.5,8.1,14.5,23.4,13.4,28.4,37.1,18124.0,-98.6877013136536,33.1763786194871,South
TX,Zapata,48505,42.8,38.2,9.2,8.4,7.8,17.1,20.4,20.8,47.1,43.7,13736.0,-99.1685958221944,27.0007793520196,South
TX,Zavala,48507,42.4,40.6,9.4,9.0,8.4,18.0,20.8,22.6,48.4,47.5,9312.0,-99.7607080145208,28.8660567049195,South
UT,Beaver,49001,10.6,29.6,10.5,5.7,5.5,9.3,25.3,9.8,19.3,28.5,7233.0,-113.235121957133,38.3569295956319,West
UT,Box Elder,49003,10.3,28.9,11.1,5.4,5.6,9.8,26.5,9.3,19.4,32.6,62684.0,-113.082107285331,41.5209589223232,West
UT,Cache,49005,9.7,24.6,10.5,4.3,4.6,8.1,27.7,7.8,15.5,27.9,142393.0,-111.743483739653,41.7226445365922,West
UT,Carbon,49007,11.8,33.6,11.5,7.4,7.7,11.9,28.5,12.8,21.9,35.0,20609.0,-110.589301278449,39.6480541147278,West
UT,Daggett,49009,9.7,39.6,10.6,8.9,8.2,11.0,24.2,13.5,22.8,33.1,992.0,-109.50763685378,40.8872477333969,West
UT,Davis,49011,8.8,26.9,11.0,4.5,4.2,7.4,28.9,8.2,17.0,32.7,373207.0,-112.111626456113,40.9899407464569,West
UT,Duchesne,49013,11.2,31.3,11.3,6.4,7.0,11.8,25.6,11.0,24.1,31.6,20477.0,-110.425966057871,40.298103934115,West
UT,Emery,49015,9.8,34.0,11.2,6.8,6.9,11.0,27.1,11.2,20.1,30.6,10144.0,-110.700321039407,38.9966080927448,West
UT,Garfield,49017,9.0,34.7,10.6,7.3,6.6,9.3,24.7,11.6,19.5,28.6,5314.0,-111.443307900102,37.854674848731,West
UT,Grand,49019,10.1,33.3,10.8,6.9,6.6,10.2,25.3,11.2,20.1,28.3,9706.0,-109.570004970837,38.9834032042322,West
UT,Iron,49021,10.0,27.6,11.0,5.6,5.8,9.9,27.5,9.4,18.3,35.3,64211.0,-113.289705268813,37.8593035507796,West
UT,Juab,49023,9.7,28.5,11.0,5.3,5.7,10.3,26.4,9.0,18.6,32.6,13023.0,-112.784526719148,39.7025896591621,West
UT,Kane,49025,8.4,35.6,10.8,7.3,6.9,9.3,25.0,11.8,19.5,33.3,8425.0,-111.888566184301,37.2846913760776,West
UT,Millard,49027,11.7,33.8,10.7,7.1,7.0,10.8,25.4,11.8,23.3,34.1,13437.0,-113.10069743575,39.073283581998,West
UT,Morgan,49029,6.5,27.9,10.5,4.7,4.4,7.6,24.7,8.1,15.1,25.0,13000.0,-111.573589003026,41.0886356094677,West
UT,Piute,49031,13.0,40.6,11.5,10.2,10.3,12.3,26.0,15.2,26.0,33.0,1550.0,-112.127216144645,38.3366319374569,West
UT,Rich,49033,8.6,33.9,11.0,7.3,6.9,10.1,26.1,11.6,19.3,32.7,2670.0,-111.244381758002,41.6321339779205,West
UT,Salt Lake,49035,11.6,27.5,11.0,4.4,4.4,8.2,27.8,8.5,18.6,29.9,1185813.0,-111.923821414061,40.6668492908776,West
UT,San Juan,49037,12.0,37.3,13.3,8.0,8.9,15.7,26.4,15.4,25.1,34.2,14358.0,-109.804477721205,37.6260460339073,West
UT,Sanpete,49039,11.8,28.4,11.2,6.1,6.7,11.2,26.8,10.4,20.5,29.2,30277.0,-111.576241103098,39.3739330940003,West
UT,Sevier,49041,9.6,32.9,11.1,6.4,6.6,10.4,27.5,10.5,21.0,36.4,22344.0,-111.804891080022,38.7476963024035,West
UT,Summit,49043,7.3,27.7,10.1,5.0,4.3,6.6,22.7,8.7,14.3,19.8,42759.0,-110.955906614026,40.8681452953151,West
UT,Tooele,49045,10.7,28.8,11.4,4.3,4.6,9.5,27.8,8.9,20.8,37.6,82051.0,-113.131050910003,40.4486328626382,West
UT,Uintah,49047,11.3,30.7,11.5,5.8,6.5,12.6,27.2,10.5,21.3,35.5,37747.0,-109.518214766967,40.1263394843782,West
UT,Utah,49049,9.6,23.0,9.9,3.7,3.6,6.4,26.4,6.9,14.2,29.7,719174.0,-111.670385454352,40.1199624151534,West
UT,Wasatch,49051,8.4,27.1,10.0,5.0,4.5,7.3,22.4,8.4,16.8,24.3,37144.0,-111.169276892669,40.3310172811137,West
UT,Washington,49053,10.0,34.2,10.7,6.9,6.2,8.0,25.4,10.7,16.9,33.1,202452.0,-113.504526345629,37.2804820270265,West
UT,Wayne,49055,9.0,37.9,11.1,8.3,8.1,10.7,25.6,13.1,22.1,34.3,2614.0,-110.903829194024,38.3244257886812,West
UT,Weber,49057,11.3,29.4,11.4,4.9,4.9,9.1,28.2,9.0,20.3,34.7,271926.0,-111.913187387569,41.2700312453888,West
VA,Accomack,51001,12.0,47.4,11.6,9.7,10.6,16.5,21.7,18.2,33.4,40.0,33239.0,-75.6362087071782,37.7665461006998,South
VA,Albemarle,51003,6.4,32.2,10.0,5.7,5.2,9.0,20.9,10.2,19.4,28.2,115676.0,-78.5566750076527,38.02329488935,South
VA,Alexandria,51510,7.9,30.3,9.9,4.4,4.1,9.0,20.9,9.9,19.5,32.0,155230.0,-77.0855959007251,38.8183235184618,South
VA,Alleghany,51005,8.8,42.5,11.0,9.2,9.9,16.6,24.5,15.1,28.4,39.0,14595.0,-80.0064556036248,37.7878977742435,South
VA,Amelia,51007,10.3,43.0,11.4,8.5,9.7,17.7,23.4,16.6,30.3,39.3,13480.0,-77.9759628312432,37.3361814940473,South
VA,Amherst,51009,9.1,41.2,11.3,8.1,8.7,15.6,23.3,15.1,29.0,39.3,31396.0,-79.1455618570558,37.6052072744598,South
VA,Appomattox,51011,9.0,41.4,11.2,8.1,8.7,15.8,23.5,14.8,28.3,38.9,16864.0,-78.8129296212551,37.3725859404648,South
VA,Arlington,51013,6.4,25.9,9.0,3.8,3.2,7.0,21.2,8.0,14.8,25.3,234162.0,-77.101156756563,38.8785750063228,South
VA,Augusta,51015,8.6,38.1,10.4,7.6,8.1,14.5,24.7,13.2,25.7,40.8,78247.0,-79.1343293692758,38.1645487269489,South
VA,Bath,51017,10.4,47.3,11.2,11.6,12.9,19.3,24.8,18.4,33.1,38.8,4051.0,-79.7412639494184,38.0584365366925,South
VA,Bedford,51019,7.2,37.8,10.5,7.7,7.6,13.2,23.3,13.5,26.5,36.9,81525.0,-79.5245292993253,37.3148868360587,South
VA,Bland,51021,9.0,40.0,10.4,8.3,8.8,16.0,23.6,13.8,26.5,36.5,6179.0,-81.1304587868316,37.1338339110413,South
VA,Botetourt,51023,7.2,39.4,10.4,7.6,7.6,13.0,23.6,13.0,24.0,35.1,34125.0,-79.8122255627712,37.5567972388597,South
VA,Bristol,51520,9.6,41.0,11.3,8.7,10.0,17.2,25.6,14.8,29.6,39.2,16807.0,-82.1622447175449,36.6169462478962,South
VA,Brunswick,51025,12.3,45.6,11.7,8.6,9.6,17.9,20.8,18.2,33.9,43.4,15749.0,-77.8589942173027,36.7646201397098,South
VA,Buchanan,51027,11.7,44.2,11.6,10.6,13.0,21.6,26.6,17.4,34.4,38.9,19087.0,-82.0360740022978,37.2667390717748,South
VA,Buckingham,51029,11.2,43.6,11.3,8.3,9.3,18.4,22.8,16.6,30.9,43.6,16978.0,-78.5283152919207,37.5719688623927,South
VA,Buena Vista,51530,10.0,36.2,11.5,7.5,8.8,15.8,26.9,12.9,27.8,37.0,6566.0,-79.3549104284906,37.7323004933146,South
VA,Campbell,51031,8.7,39.3,11.1,7.8,8.4,15.3,23.1,14.2,27.0,35.6,55270.0,-79.0967427063706,37.2054011356881,South
VA,Caroline,51033,10.1,39.4,11.1,6.7,7.4,15.2,22.8,14.0,27.9,41.9,32640.0,-77.347634407104,38.0269626787619,South
VA,Carroll,51035,10.0,43.4,11.1,9.9,11.1,17.9,25.8,15.9,30.5,41.4,29239.0,-80.7336132012495,36.7315789919945,South
VA,Charles City,51036,9.5,47.7,11.8,9.1,9.5,16.6,21.0,19.4,31.9,42.1,6610.0,-77.0615761262745,37.3563750255045,South
VA,Charlotte,51037,11.2,45.2,11.9,9.9,11.5,19.2,24.0,18.6,33.5,42.6,11336.0,-78.6615588709097,37.0116629163549,South
VA,Charlottesville,51540,7.7,30.2,10.7,5.1,5.4,11.1,24.4,10.4,21.9,33.0,44983.0,-78.4851956784908,38.0379849799995,South
VA,Chesapeake,51550,8.3,36.5,11.0,5.6,5.9,12.5,21.6,12.8,22.7,40.1,253886.0,-76.3021998784009,36.6777699805544,South
VA,Chesterfield,51041,8.2,36.5,10.6,5.6,5.6,11.5,21.2,12.4,22.6,36.4,383876.0,-77.5871385753694,37.3786618867892,South
VA,Clarke,51043,7.4,37.1,10.1,7.1,6.8,11.7,23.3,12.2,22.9,32.8,15466.0,-77.9967781314101,39.11268672754,South
VA,Colonial Heights,51570,8.7,36.4,10.8,6.4,6.7,12.8,22.9,12.3,25.1,37.4,18393.0,-77.395372113351,37.265090640959,South
VA,Covington,51580,11.0,42.4,11.7,9.0,11.0,19.9,25.6,16.6,32.9,40.7,5545.0,-79.9861030270356,37.7794589567051,South
VA,Craig,51045,8.4,40.7,10.7,8.7,9.4,15.6,24.2,14.3,26.6,36.5,4843.0,-80.2111274289422,37.4821282924121,South
VA,Culpeper,51047,10.4,37.4,10.6,6.6,7.0,13.7,22.5,12.8,25.9,38.5,54973.0,-77.9556488765698,38.4857542899775,South
VA,Cumberland,51049,9.2,43.2,11.4,8.4,8.8,15.4,22.7,16.1,28.6,39.5,9878.0,-78.2450753193575,37.5116593284539,South
VA,Danville,51590,12.4,47.7,12.5,9.0,10.7,19.1,22.1,19.9,35.6,41.7,41837.0,-79.408939511926,36.5829267417419,South
VA,Dickenson,51051,11.1,44.3,11.3,10.6,12.6,20.6,26.4,16.9,34.0,39.1,13640.0,-82.3509910253429,37.1259725353202,South
VA,Dinwiddie,51053,8.7,40.8,11.3,7.0,7.4,14.6,22.7,14.7,27.9,40.7,28343.0,-77.632395682468,37.0759742695385,South
VA,Emporia,51595,13.3,47.6,12.8,8.8,10.1,18.6,21.1,20.0,36.4,44.4,5463.0,-77.535082031868,36.6945991085116,South
VA,Essex,51057,10.3,45.9,11.8,8.9,9.8,16.9,22.8,18.0,31.2,42.6,10598.0,-76.9520297912605,37.9430642422513,South
VA,Fairfax,51059,7.4,29.6,9.1,5.0,4.1,8.1,18.4,10.7,19.4,24.0,1141878.0,-77.2765145463011,38.8358932189183,South
VA,Fairfax,51600,8.4,31.2,9.2,5.0,4.5,9.2,19.5,11.1,20.7,31.8,25144.0,-77.2993263151397,38.8527530811512,South
VA,Falls Church,51610,5.0,29.2,9.1,4.4,3.6,6.7,20.4,8.9,15.8,29.1,14685.0,-77.1744854769515,38.8847189468173,South
VA,Fauquier,51061,8.1,34.0,10.1,6.2,6.0,11.5,22.1,11.6,21.2,32.7,75165.0,-77.8093468112091,38.7388353084616,South
VA,Floyd,51063,8.0,39.4,10.6,8.3,8.6,15.0,23.7,13.5,26.2,32.7,15679.0,-80.3618589630036,36.9320626062112,South
VA,Fluvanna,51065,7.3,37.3,10.9,6.7,6.8,12.5,23.5,12.6,22.9,39.1,28462.0,-78.276935562094,37.8422291049005,South
VA,Franklin,51067,8.6,41.2,11.1,8.7,9.2,15.0,24.0,15.1,27.3,34.8,55549.0,-79.8811468460695,36.9917648033768,South
VA,Franklin,51620,10.6,45.2,12.5,8.1,9.3,16.8,22.4,18.1,32.7,43.8,8339.0,-76.9361048694181,36.6823577633447,South
VA,Frederick,51069,9.4,35.1,10.3,6.6,6.8,13.0,22.3,11.8,24.1,37.5,95994.0,-78.2627027120779,39.2046032420843,South
VA,Fredericksburg,51630,8.8,30.2,11.3,4.8,5.2,11.7,24.8,10.2,22.8,39.5,28928.0,-77.4875497086418,38.2989044049253,South
VA,Galax,51640,13.2,40.9,11.7,8.6,10.7,19.2,26.5,16.3,33.1,39.4,6717.0,-80.9153595525534,36.6698785570371,South
VA,Giles,51071,8.6,39.9,10.8,8.1,8.9,16.0,24.9,13.8,27.1,36.1,16457.0,-80.7031374156173,37.3143570279296,South
VA,Gloucester,51073,7.8,38.5,10.7,7.1,7.4,13.5,24.1,12.8,23.8,35.8,40057.0,-76.5413640044154,37.4139464611437,South
VA,Goochland,51075,6.0,38.4,10.1,6.8,6.1,10.1,21.0,12.2,20.9,33.0,27197.0,-77.9155499800322,37.7223004488035,South
VA,Grayson,51077,11.5,45.0,11.2,10.4,12.1,19.8,24.9,17.5,33.9,41.1,15285.0,-81.2244151028584,36.6563298243171,South
VA,Greene,51079,9.0,37.6,10.7,7.1,7.6,14.2,23.8,12.7,25.8,37.8,21301.0,-78.4660349501427,38.2969463597129,South
VA,Greensville,51081,13.0,44.3,11.2,7.5,8.4,19.2,19.4,17.1,31.6,45.3,11133.0,-77.5594411054267,36.6756602905362,South
VA,Halifax,51083,11.2,47.4,11.8,10.0,11.2,18.4,22.4,19.3,33.7,40.2,33432.0,-78.9367301887828,36.7670952813908,South
VA,Hampton,51650,9.7,39.9,11.8,6.4,6.9,14.1,21.0,15.0,26.4,40.3,137098.0,-76.3626578757798,37.0558810818872,South
VA,Hanover,51085,6.6,34.9,10.1,6.1,6.1,11.8,21.7,11.6,21.4,32.9,114148.0,-77.4911403947855,37.7598860272385,South
VA,Harrisonburg,51660,13.0,27.8,11.1,5.0,6.1,13.2,26.9,10.2,25.9,34.0,51082.0,-78.8741985026812,38.4354909220474,South
VA,Henrico,51087,7.8,36.6,10.6,5.7,5.7,11.4,20.8,12.3,21.4,32.8,334760.0,-77.4061052897589,37.5380714502749,South
VA,Henry,51089,11.2,45.9,11.7,9.8,11.0,17.8,23.7,18.0,33.1,41.9,49702.0,-79.8743114368532,36.682806807111,South
VA,Highland,51091,7.3,44.0,10.0,9.9,9.3,12.8,21.6,15.2,25.6,33.0,2339.0,-79.5686701019357,38.3623935694073,South
VA,Hopewell,51670,13.6,43.4,12.6,8.1,10.1,20.3,24.1,17.7,35.6,45.8,22752.0,-77.2999819415793,37.2914251054823,South
VA,Isle of Wight,51093,7.7,39.2,10.8,6.9,7.1,13.2,22.2,13.8,24.0,36.6,40711.0,-76.7249513910233,36.8919047884623,South
VA,James City,51095,6.5,38.4,10.3,7.1,6.2,9.7,21.4,12.5,21.1,32.1,82654.0,-76.7779744527846,37.3285891455836,South
VA,King George,51099,8.2,34.3,10.7,5.8,6.1,13.1,23.1,11.6,23.1,36.1,28568.0,-77.1563967511575,38.2734816588924,South
VA,King William,51101,7.9,36.5,10.9,6.3,6.7,13.8,23.9,12.2,23.8,34.9,19030.0,-77.088094168942,37.7068224762203,South
VA,King and Queen,51097,9.5,44.9,11.4,8.9,9.6,16.4,22.7,17.0,29.8,40.7,6720.0,-76.8957452240516,37.7190815706276,South
VA,Lancaster,51103,8.3,49.1,10.8,10.8,10.3,13.4,20.7,18.1,29.2,35.1,10859.0,-76.4620464795714,37.7322391762494,South
VA,Lee,51105,12.0,44.4,11.5,10.2,12.6,21.2,25.8,17.3,34.0,42.3,21745.0,-83.1279809673312,36.7054905517624,South
VA,Lexington,51678,7.4,25.3,10.7,4.4,4.7,9.2,25.9,7.8,19.5,29.1,7528.0,-79.440990782709,37.7836033268522,South
VA,Loudoun,51107,6.8,29.8,8.9,4.2,3.7,8.4,18.4,9.5,19.0,28.1,436347.0,-77.6358104338327,39.0906767141949,South
VA,Louisa,51109,8.6,40.0,10.9,7.5,8.1,14.9,23.0,14.1,25.4,36.7,41037.0,-77.9628983761112,37.9790442986696,South
VA,Lunenburg,51111,12.5,46.0,11.6,9.5,10.6,18.9,22.8,18.9,33.6,46.1,12038.0,-78.2404882289963,36.9458951476308,South
VA,Lynchburg,51680,8.9,32.5,11.7,5.4,6.2,12.3,24.9,11.0,23.6,36.4,79535.0,-79.1900223169948,37.4000094023824,South
VA,Madison,51113,8.4,39.4,10.8,7.8,8.2,14.1,23.4,13.7,25.6,37.8,14128.0,-78.2794822681113,38.4141991935101,South
VA,Manassas,51683,15.3,30.9,9.7,4.9,5.0,12.0,20.0,12.0,26.2,35.8,42696.0,-77.4858696621764,38.7460305187205,South
VA,Manassas Park,51685,17.8,33.1,9.8,5.3,5.5,13.8,20.4,13.8,30.8,38.6,16361.0,-77.4422630242514,38.7705635419789,South
VA,Martinsville,51690,12.2,44.9,12.5,8.4,10.2,19.1,23.2,18.6,34.0,44.9,13763.0,-79.8636674671409,36.6819091070355,South
VA,Mathews,51115,7.4,43.1,10.6,9.2,8.8,13.1,23.1,15.2,26.1,35.1,8514.0,-76.3419069440934,37.436459518715,South
VA,Mecklenburg,51117,10.1,46.7,11.4,9.6,10.3,16.3,22.7,18.6,31.3,41.2,30648.0,-78.3629099075077,36.6803305710598,South
VA,Middlesex,51119,7.7,45.0,10.6,9.8,9.3,13.1,21.8,16.5,27.2,37.8,10924.0,-76.5672100700556,37.6293544977898,South
VA,Montgomery,51121,7.7,29.4,10.5,5.3,6.0,11.8,25.3,9.6,21.4,28.0,98666.0,-80.3869155076976,37.1749810714002,South
VA,Nelson,51125,8.3,43.4,10.6,9.1,9.1,13.7,22.5,15.6,27.3,35.2,14705.0,-78.8862994754463,37.7872124006606,South
VA,New Kent,51127,7.2,35.6,10.6,6.1,6.1,12.3,22.5,11.9,21.5,35.1,26134.0,-76.9985223191228,37.5053453938283,South
VA,Newport News,51700,10.3,37.6,11.6,5.9,6.5,14.1,22.2,13.5,28.1,40.8,183118.0,-76.5195549672187,37.1051297333902,South
VA,Norfolk,51710,10.8,36.2,11.1,5.5,6.3,13.7,21.8,12.7,26.1,40.3,230930.0,-76.2594956953889,36.8946370439568,South
VA,Northampton,51131,10.0,47.1,11.1,9.8,9.9,14.4,20.8,18.5,31.2,39.5,12021.0,-75.8776617999359,37.3430657816696,South
VA,Northumberland,51133,7.6,46.5,10.6,9.9,9.0,12.0,20.1,16.8,26.2,36.0,12391.0,-76.4193330048764,37.8873987938371,South
VA,Norton,51720,10.5,40.0,11.7,8.1,10.5,19.8,27.1,14.9,31.3,40.8,3492.0,-82.6294619312556,36.9308310308693,South
VA,Nottoway,51135,11.7,43.2,11.4,7.9,8.9,18.0,22.1,16.7,30.9,43.5,15566.0,-78.0517012425509,37.1424542186404,South
VA,Orange,51137,8.7,38.4,10.7,7.1,7.4,13.7,23.4,12.9,25.0,37.1,38574.0,-78.0140876981667,38.2455445836208,South
VA,Page,51139,9.5,40.0,11.0,8.4,9.5,17.0,25.1,14.1,29.1,34.6,23741.0,-78.4845719983897,38.6187175797145,South
VA,Patrick,51141,9.8,43.4,11.0,10.1,11.0,17.2,23.7,16.4,30.3,39.9,17509.0,-80.2846884935107,36.6784090926801,South
VA,Petersburg,51730,11.8,46.4,13.0,7.4,8.4,16.9,20.9,19.2,34.2,46.6,33309.0,-77.3919314700723,37.2039514678356,South
VA,Pittsylvania,51143,10.2,45.9,11.3,9.5,10.8,18.1,22.9,17.5,33.3,41.6,59571.0,-79.3971353812908,36.8213514715856,South
VA,Poquoson,51735,6.3,34.8,10.0,6.4,6.1,11.2,23.1,11.0,20.6,33.2,12635.0,-76.3553874891113,37.1308258602584,South
VA,Portsmouth,51740,10.9,40.5,12.3,6.7,7.6,16.4,22.7,15.8,30.0,40.8,96793.0,-76.3542600357069,36.846673287269,South
VA,Powhatan,51145,7.1,37.6,10.5,6.7,6.7,12.8,22.4,12.1,22.6,36.4,32105.0,-77.9156484186673,37.5503914619594,South
VA,Prince Edward,51147,10.2,35.8,11.6,6.6,7.7,14.6,25.6,13.5,27.7,37.2,22049.0,-78.4412218384049,37.2241363458468,South
VA,Prince George,51149,10.9,34.0,10.7,5.4,5.9,13.8,22.2,11.5,24.9,38.4,42871.0,-77.2246950092364,37.1866269731616,South
VA,Prince William,51153,10.4,32.8,9.8,4.8,4.7,11.1,20.0,11.4,23.1,34.3,489640.0,-77.4806568205159,38.7028887252261,South
VA,Pulaski,51155,8.5,39.3,10.9,8.3,9.0,15.7,24.1,14.1,27.9,35.7,33655.0,-80.7139880975178,37.0634183690299,South
VA,Radford,51750,9.2,27.5,12.0,4.9,6.6,14.0,30.0,9.2,24.8,34.4,16971.0,-80.5568534112301,37.1235124820032,South
VA,Rappahannock,51157,7.8,42.0,10.4,8.9,8.8,13.5,22.9,14.7,25.3,35.2,7414.0,-78.159292067315,38.6849722358057,South
VA,Richmond,51159,12.5,42.5,11.0,8.0,8.8,17.3,21.9,15.1,30.0,37.1,9184.0,-76.7266634216002,37.943498693186,South
VA,Richmond,51760,10.0,36.2,11.4,5.6,6.2,14.2,22.8,12.9,25.4,37.7,229247.0,-77.4750843205615,37.5297607076943,South
VA,Roanoke,51161,7.2,36.3,10.3,6.9,6.8,11.9,24.6,12.0,22.7,34.4,97026.0,-80.0681535863564,37.2695975499494,South
VA,Roanoke,51770,10.7,39.6,11.5,7.4,8.4,16.5,23.5,15.1,30.0,42.0,97171.0,-79.9590934003992,37.2785531189904,South
VA,Rockbridge,51163,7.7,40.9,10.4,8.7,8.8,13.8,23.3,14.0,25.9,34.0,22358.0,-79.4476462298127,37.8142184406715,South
VA,Rockingham,51165,9.7,36.6,10.6,7.2,7.7,13.9,23.9,12.3,25.9,33.1,86568.0,-78.8758050560103,38.5122358206728,South
VA,Russell,51167,10.0,42.9,11.5,9.5,11.4,19.0,26.3,15.7,31.3,39.6,25477.0,-82.0959945777944,36.9339342856189,South
VA,Salem,51775,7.7,35.4,10.8,6.7,7.1,13.0,24.9,12.0,24.0,35.2,25600.0,-80.0545181069925,37.2858120133125,South
VA,Scott,51169,10.1,43.6,11.3,10.1,11.6,18.6,26.7,16.4,31.4,38.3,21433.0,-82.6027558666393,36.7140071334274,South
VA,Shenandoah,51171,10.4,38.7,10.9,8.3,9.1,15.9,23.6,14.1,28.8,36.2,45228.0,-78.571141564173,38.8579743902771,South
VA,Smyth,51173,9.9,40.9,11.4,9.3,10.9,18.3,26.0,15.4,30.7,38.1,29216.0,-81.5375981611673,36.8438123739006,South
VA,Southampton,51175,8.7,43.2,11.1,7.8,8.0,15.0,21.5,15.9,27.2,38.4,17975.0,-77.1061615767879,36.7202102986643,South
VA,Spotsylvania,51177,9.4,36.5,10.7,5.9,6.1,12.8,22.7,12.6,24.6,40.3,149588.0,-77.6557235887832,38.1847024527144,South
VA,Stafford,51179,8.8,31.5,10.3,4.8,4.8,11.0,22.1,10.7,22.1,35.7,165428.0,-77.4580490606471,38.4207122751042,South
VA,Staunton,51790,8.1,37.1,11.0,7.0,7.5,13.5,24.5,12.9,25.1,36.4,25915.0,-79.0615486649739,38.1588314707324,South
VA,Suffolk,51800,8.5,39.2,11.6,5.9,6.3,13.2,21.2,13.7,25.9,42.5,100659.0,-76.6392874870984,36.6957657724593,South
VA,Surry,51181,8.5,45.8,11.3,8.6,8.5,14.4,21.1,17.3,29.2,39.9,6593.0,-76.9003293423803,37.1097289429147,South
VA,Sussex,51183,11.7,43.5,11.3,7.4,8.0,17.1,20.2,16.2,30.9,45.5,10757.0,-77.2619862677843,36.9217516130991,South
VA,Tazewell,51185,10.0,43.1,11.4,9.3,10.9,18.1,26.9,15.9,31.0,40.4,39120.0,-81.5602659283413,37.1251047751377,South
VA,Virginia Beach,51810,8.1,35.4,10.6,5.7,5.6,11.9,23.3,12.3,22.3,36.7,453649.0,-76.0436032556912,36.7335606676589,South
VA,Warren,51187,9.5,36.1,10.8,7.0,7.6,15.0,24.4,12.7,25.7,38.0,41843.0,-78.2086062031313,38.9086715573025,South
VA,Washington,51191,8.0,40.0,10.7,8.3,8.8,14.8,24.3,13.8,27.0,38.3,54050.0,-81.9597971939558,36.7245529476643,South
VA,Waynesboro,51820,10.3,37.6,11.0,7.1,7.9,15.2,24.2,13.2,27.4,38.6,23182.0,-78.9005257971056,38.0683570399793,South
VA,Westmoreland,51193,11.2,45.4,11.4,10.0,10.7,17.1,23.0,18.3,33.1,41.0,19013.0,-76.8022000014334,38.1119026327638,South
VA,Williamsburg,51830,7.8,28.5,11.0,5.1,5.3,9.7,24.8,9.4,21.0,31.1,15847.0,-76.7076124024334,37.2692766406108,South
VA,Winchester,51840,12.7,37.5,10.9,7.4,8.3,15.5,24.2,14.2,28.9,37.6,27617.0,-78.1745748910803,39.1731769509689,South
VA,Wise,51195,10.9,41.8,11.4,8.6,10.5,19.4,26.3,15.1,31.4,43.5,35174.0,-82.6217121669072,36.9752077009582,South
VA,Wythe,51197,8.6,40.3,11.1,8.5,9.6,16.7,25.1,14.3,28.2,38.8,28104.0,-81.0790579702724,36.9168645148652,South
VA,York,51199,6.7,33.4,10.0,5.7,5.2,10.0,21.2,11.1,19.2,31.5,70952.0,-76.561805950188,37.2423810650831,South
VT,Addison,50001,5.9,31.8,10.8,6.0,6.0,9.9,24.7,8.2,17.9,27.3,37720.0,-73.1408412196056,44.0309582617477,Northeast
VT,Bennington,50003,6.1,35.6,11.5,7.3,7.3,11.9,29.2,10.0,20.0,30.5,37183.0,-73.0928953319589,43.0355940515537,Northeast
VT,Caledonia,50005,6.6,34.9,11.3,7.1,7.8,13.7,26.7,10.1,24.0,31.3,30610.0,-72.1022829432441,44.4646813243613,Northeast
VT,Chittenden,50007,5.3,25.2,10.9,4.8,4.9,8.5,27.0,6.6,14.1,22.7,169481.0,-73.0812983340043,44.4613068341921,Northeast
VT,Essex,50009,8.1,39.9,11.6,9.5,10.4,16.3,26.2,12.5,27.0,34.2,6010.0,-71.736101507145,44.7280066045852,Northeast
VT,Franklin,50011,6.8,34.0,11.4,6.8,7.2,13.0,25.4,9.6,21.5,36.9,50994.0,-72.9129000779393,44.8578721029832,Northeast
VT,Grand Isle,50013,5.5,35.5,10.9,6.7,6.6,11.3,25.1,9.7,18.7,30.7,7467.0,-73.2950563301125,44.7975219870819,Northeast
VT,Lamoille,50015,6.1,29.4,11.3,6.0,6.2,11.9,27.5,8.3,19.4,29.2,26060.0,-72.6417604693676,44.6070889416204,Northeast
VT,Orange,50017,6.1,34.3,11.2,6.9,7.1,12.1,26.2,9.7,22.3,32.6,29943.0,-72.3767652710136,44.0056456103238,Northeast
VT,Orleans,50019,7.1,36.0,11.5,7.6,8.3,13.9,24.8,10.7,23.5,33.2,27516.0,-72.2433151551954,44.8289966062728,Northeast
VT,Rutland,50021,6.6,36.5,11.8,7.5,7.9,12.9,25.3,10.3,22.2,35.5,60271.0,-73.0366949243181,43.5802475413098,Northeast
VT,Washington,50023,5.8,30.3,10.7,6.1,6.3,11.5,27.6,8.9,18.3,27.1,60142.0,-72.6150937800981,44.2734806300628,Northeast
VT,Windham,50025,6.3,32.5,10.8,7.1,7.5,12.2,26.1,9.8,19.8,25.9,45966.0,-72.713775897256,42.9903591496114,Northeast
VT,Windsor,50027,5.7,33.2,10.8,6.7,6.7,11.1,26.6,9.5,19.6,28.8,58101.0,-72.5865074428199,43.5797484420206,Northeast
WA,Adams,53001,24.0,32.4,10.6,6.8,6.9,14.0,22.3,13.3,29.8,37.6,20820.0,-118.560587784171,46.9835433918881,West
WA,Asotin,53003,8.1,37.4,11.7,8.1,8.1,13.3,25.4,12.6,21.6,35.3,22549.0,-117.202739194993,46.1918585516547,West
WA,Benton,53005,10.6,29.2,10.8,5.8,5.6,10.4,24.0,10.4,20.6,36.2,215219.0,-119.511240620845,46.2396256458377,West
WA,Chelan,53007,11.8,32.4,10.6,6.7,6.3,11.4,24.5,10.7,20.6,29.1,79997.0,-120.618711870213,47.8688376551815,West
WA,Clallam,53009,7.5,38.8,11.4,8.4,7.8,11.8,24.5,12.1,20.3,31.0,77616.0,-123.927567541856,48.0491734486978,West
WA,Clark,53011,8.0,31.1,11.6,5.6,5.5,11.0,26.9,9.6,19.8,35.3,521150.0,-122.48211877913,45.7789949845331,West
WA,Columbia,53013,8.1,36.8,11.3,8.1,7.6,11.9,25.5,12.2,20.6,32.4,4053.0,-117.90778452671,46.2978695308473,West
WA,Cowlitz,53015,9.2,35.4,12.3,7.2,7.5,13.4,27.5,11.4,22.5,40.5,112864.0,-122.681078725344,46.1928570782337,West
WA,Douglas,53017,14.0,32.4,10.6,6.6,6.3,11.7,22.6,11.0,23.0,35.8,44798.0,-119.691353473544,47.7364517170948,West
WA,Ferry,53019,8.5,41.1,12.3,10.0,9.8,16.0,25.0,15.1,25.1,40.2,7497.0,-118.516481238407,48.4706654401382,West
WA,Franklin,53021,19.6,27.8,10.5,5.3,5.4,12.1,21.2,10.8,24.9,35.2,99034.0,-118.898698577886,46.5349678078795,West
WA,Garfield,53023,7.1,37.7,11.0,7.7,7.0,11.4,23.4,11.5,19.7,31.0,2363.0,-117.544668771271,46.4315035506264,West
WA,Grant,53025,17.3,32.7,10.8,6.5,6.4,12.6,23.7,11.5,25.3,38.7,102678.0,-119.45181497833,47.2055949580823,West
WA,Grays Harbor,53027,9.9,39.4,11.5,8.1,8.2,15.0,26.9,13.6,23.8,37.0,77290.0,-123.773234737164,47.1497896042938,West
WA,Island,53029,7.1,34.7,10.4,6.8,5.9,9.5,23.2,10.2,16.1,31.3,86267.0,-122.54942372127,48.1637480486436,West
WA,Jefferson,53031,5.8,41.0,10.5,9.2,7.2,9.5,23.7,13.1,17.4,28.7,33714.0,-123.594047250427,47.7491000957336,West
WA,King,53033,6.8,26.7,9.7,4.0,3.4,7.2,23.5,7.3,13.9,22.6,2271380.0,-121.806357849743,47.4902143620529,West
WA,Kitsap,53035,7.0,33.2,11.2,5.8,5.4,10.4,25.1,9.8,16.7,31.8,277658.0,-122.673454976008,47.6133926334319,West
WA,Kittitas,53037,8.1,30.2,11.3,6.1,6.1,11.1,26.4,9.7,19.4,34.7,45508.0,-120.680006355822,47.124429929857,West
WA,Klickitat,53039,9.1,34.1,11.3,7.8,7.2,12.1,24.0,11.7,20.4,32.9,23589.0,-120.788868345248,45.8738600681984,West
WA,Lewis,53041,9.4,36.3,11.3,7.2,7.5,14.4,26.5,12.1,22.4,39.0,86154.0,-122.39380108932,46.5776116518185,West
WA,Lincoln,53043,7.2,36.7,11.2,8.1,7.3,11.7,23.0,11.7,20.5,37.6,11738.0,-118.418646673561,47.5762886822607,West
WA,Mason,53045,9.2,36.8,11.1,7.7,7.5,13.0,25.4,12.2,21.4,35.9,68389.0,-123.192028806629,47.3481789974584,West
WA,Okanogan,53047,12.3,37.6,11.6,8.6,8.7,15.5,24.6,13.3,24.8,32.6,43712.0,-119.740958563289,48.5487824430908,West
WA,Pacific,53049,8.5,42.1,11.1,9.2,8.5,13.1,25.2,14.9,22.2,36.4,24200.0,-123.705526977151,46.5554327139802,West
WA,Pend Oreille,53051,7.8,38.5,11.4,8.8,8.7,13.6,24.6,13.3,23.1,38.9,14361.0,-117.27408079961,48.5323440238714,West
WA,Pierce,53053,8.6,32.3,10.8,5.3,5.2,11.6,26.5,10.6,19.0,36.9,928696.0,-122.1116191332,47.026713492138,West
WA,San Juan,53055,6.0,37.0,10.4,8.0,6.4,8.9,22.5,10.9,15.8,24.7,18566.0,-122.95346310344,48.5785632564628,West
WA,Skagit,53057,9.9,33.2,11.0,6.9,6.5,11.4,25.5,10.8,19.6,33.0,131417.0,-121.732333093831,48.4795962795731,West
WA,Skamania,53059,7.3,36.2,11.5,7.4,7.0,12.0,25.2,11.2,19.2,32.8,12640.0,-121.914619958321,46.02307583419,West
WA,Snohomish,53061,7.7,29.6,11.1,4.9,4.8,10.1,25.0,9.1,17.8,30.6,844761.0,-121.697355744443,48.047577980212,West
WA,Spokane,53063,7.3,31.1,11.5,6.0,6.0,11.7,26.5,10.2,19.3,34.7,551455.0,-117.404063103244,47.6206587768365,West
WA,Stevens,53065,8.0,37.6,12.0,8.7,8.6,14.0,24.3,12.6,21.6,34.3,48837.0,-117.855286410546,48.3988656943295,West
WA,Thurston,53067,7.3,34.5,11.2,5.8,5.3,10.2,27.2,10.3,17.2,31.2,299003.0,-122.833335161876,46.9270093814348,West
WA,Wahkiakum,53069,8.0,42.9,11.5,10.2,9.2,13.3,25.4,14.7,21.7,39.1,4765.0,-123.424936104773,46.2921200927637,West
WA,Walla Walla,53071,10.8,31.6,11.0,6.5,6.0,11.1,24.8,10.6,19.6,34.1,61568.0,-118.478679518846,46.2297482789784,West
WA,Whatcom,53073,7.8,28.4,10.7,5.7,5.4,10.8,29.5,8.8,16.8,26.5,231919.0,-121.720925963031,48.82579127542,West
WA,Whitman,53075,8.0,23.9,12.0,4.5,4.9,10.1,28.5,7.4,16.6,28.5,48012.0,-117.523095476628,46.9012290403856,West
WA,Yakima,53077,18.8,32.7,10.7,6.5,6.5,12.9,22.6,12.9,27.9,39.7,256643.0,-120.738805287994,46.4571878403496,West
WI,Adams,55001,9.3,43.5,10.8,10.6,10.1,17.5,22.6,16.7,33.7,40.3,21449.0,-89.770360772222,43.9696684766537,Midwest
WI,Ashland,55003,8.2,36.3,11.4,8.4,8.6,17.3,25.2,13.9,31.5,41.2,16079.0,-90.6778902316707,46.316621249561,Midwest
WI,Barron,55005,8.0,36.6,10.9,8.3,8.2,15.4,23.7,13.2,29.6,38.3,46833.0,-91.848303667076,45.4237663276908,Midwest
WI,Bayfield,55007,6.2,41.2,10.8,9.1,7.9,13.3,23.0,13.9,27.3,39.1,16769.0,-91.2010356987304,46.5234101375636,Midwest
WI,Brown,55009,8.2,31.5,10.7,6.2,6.1,13.4,23.2,10.5,27.1,41.1,271417.0,-88.003761568209,44.4524309489072,Midwest
WI,Buffalo,55011,7.8,36.6,10.7,8.1,7.8,15.0,23.4,12.8,29.9,39.6,13419.0,-91.7543796736571,44.3797906115145,Midwest
WI,Burnett,55013,7.6,41.2,10.9,10.0,9.7,16.1,22.1,15.5,31.9,39.0,17092.0,-92.367667213567,45.8627693664506,Midwest
WI,Calumet,55015,7.0,31.0,10.7,6.1,5.9,12.9,23.4,10.3,25.3,33.3,53199.0,-88.2179997574627,44.0816801745142,Midwest
WI,Chippewa,55017,7.6,34.7,11.1,7.2,7.2,15.6,24.1,11.7,28.2,41.7,66970.0,-91.2799726300936,45.0694319590576,Midwest
WI,Clark,55019,11.2,33.7,11.4,8.2,9.0,18.3,22.6,12.5,33.5,37.9,34774.0,-90.6119521836686,44.7348174112234,Midwest
WI,Columbia,55021,7.4,32.8,10.8,6.9,6.9,14.4,23.3,11.3,26.2,33.6,58091.0,-89.3334381762567,43.4665785622649,Midwest
WI,Crawford,55023,8.2,38.5,10.9,8.8,8.8,16.4,23.2,13.8,30.1,37.4,15944.0,-90.9311061711768,43.2395651883967,Midwest
WI,Dane,55025,6.6,25.6,9.9,4.8,4.4,9.8,24.3,8.2,20.5,32.4,575347.0,-89.4182987616557,43.0672933058535,Midwest
WI,Dodge,55027,8.5,33.4,10.7,7.0,7.0,14.9,22.8,11.3,28.4,42.8,88231.0,-88.7074335013507,43.416249353835,Midwest
WI,Door,55029,6.3,38.8,10.5,8.5,7.5,11.9,20.7,13.0,27.0,36.6,30562.0,-87.3114193001272,44.9500144269812,Midwest
WI,Douglas,55031,7.1,35.5,11.0,7.2,7.0,14.3,23.9,11.7,27.2,41.0,44264.0,-91.9161252265845,46.4328926127271,Midwest
WI,Dunn,55033,7.3,29.9,10.8,6.0,6.2,13.7,25.0,9.9,26.6,38.8,45794.0,-91.8963111239611,44.9466540227818,Midwest
WI,Eau Claire,55035,7.1,29.0,10.7,5.8,5.8,12.6,26.0,9.4,24.4,30.0,107903.0,-91.2860572491138,44.7267727831359,Midwest
WI,Florence,55037,6.9,40.7,10.7,9.0,8.5,14.5,22.4,14.3,29.4,37.5,4682.0,-88.3981441305507,45.8481650102797,Midwest
WI,Fond du Lac,55039,8.1,34.4,11.0,6.9,6.9,14.8,24.4,11.5,29.1,43.8,103948.0,-88.4883433780916,43.7536089759286,Midwest
WI,Forest,55041,9.1,43.2,12.1,9.9,10.2,19.9,25.4,16.7,35.3,46.0,9325.0,-88.7706647146097,45.6675721947633,Midwest
WI,Grant,55043,8.2,31.7,11.0,7.0,7.3,15.0,24.4,11.5,31.1,40.9,51409.0,-90.7062231148826,42.8676445934436,Midwest
WI,Green,55045,7.1,35.9,10.5,7.0,6.8,13.6,23.0,11.3,26.5,40.3,36951.0,-89.6020712518999,42.6799812796383,Midwest
WI,Green Lake,55047,8.8,37.8,11.1,8.6,8.8,16.0,23.6,13.7,32.2,40.4,19344.0,-89.044669731292,43.800497781151,Midwest
WI,Iowa,55049,6.7,33.3,10.5,7.0,6.8,13.8,23.5,11.3,28.3,38.7,23956.0,-90.1352742170414,43.000529388604,Midwest
WI,Iron,55051,6.9,39.6,10.7,9.8,9.1,14.8,21.3,14.8,30.4,34.7,6228.0,-90.2421159937405,46.2623105163576,Midwest
WI,Jackson,55053,9.1,38.1,11.1,8.3,8.5,17.7,23.5,13.4,31.4,40.4,20855.0,-90.8049987126148,44.3192836652452,Midwest
WI,Jefferson,55055,7.9,31.1,10.9,6.5,6.4,13.4,22.8,10.7,27.7,40.7,85743.0,-88.7759315522696,43.0208620651204,Midwest
WI,Juneau,55057,9.2,39.7,11.1,8.7,9.1,18.5,24.2,14.2,32.2,42.1,26594.0,-90.1137331257287,43.9244511950016,Midwest
WI,Kenosha,55059,9.4,33.6,11.0,6.3,6.5,14.5,24.1,11.4,27.3,40.1,167488.0,-88.0420010334725,42.5767151176665,Midwest
WI,Kewaunee,55061,7.5,35.4,10.6,7.6,7.3,14.7,22.6,12.1,28.3,41.3,20690.0,-87.615398797136,44.5161730950219,Midwest
WI,La Crosse,55063,6.6,30.0,11.2,6.1,6.0,12.6,25.1,10.1,25.1,37.5,120486.0,-91.115031156818,43.9064334776905,Midwest
WI,Lafayette,55065,8.8,36.4,10.9,7.9,8.0,15.9,24.0,12.5,30.6,41.9,16945.0,-90.1315739992228,42.6605000770287,Midwest
WI,Langlade,55067,8.5,39.2,11.0,9.0,9.2,17.2,21.8,14.1,33.0,37.1,19404.0,-89.0718838982873,45.2623121759565,Midwest
WI,Lincoln,55069,7.8,38.4,11.0,8.5,8.5,16.0,23.9,13.1,30.2,42.8,28405.0,-89.7344763397969,45.3374904822118,Midwest
WI,Manitowoc,55071,8.0,36.9,10.7,7.7,7.7,14.9,21.6,12.2,30.3,39.1,81331.0,-87.8095945027193,44.1199592891552,Midwest
WI,Marathon,55073,7.7,34.4,10.2,6.9,6.7,14.3,24.0,10.9,27.9,36.3,138612.0,-89.7588560093353,44.8983004431375,Midwest
WI,Marinette,55075,7.7,38.2,10.9,8.7,8.5,16.1,23.2,13.9,30.2,37.8,42106.0,-88.0335910948551,45.3828910098394,Midwest
WI,Marquette,55077,8.5,40.6,11.0,9.3,9.5,17.0,23.3,14.6,32.9,43.4,15838.0,-89.3985332704567,43.8195169101074,Midwest
WI,Menominee,55078,9.6,38.9,13.9,8.6,8.9,23.4,23.3,18.2,36.8,45.4,4226.0,-88.7096965521104,45.0042842747803,Midwest
WI,Milwaukee,55079,10.8,35.2,11.8,6.2,6.7,14.6,23.6,13.1,27.8,38.6,916205.0,-87.9669491230639,43.0071720144533,Midwest
WI,Monroe,55081,9.0,36.0,11.2,7.8,8.2,17.1,25.2,12.8,32.0,44.4,46151.0,-90.6180280525809,43.9459869831102,Midwest
WI,Oconto,55083,7.4,37.1,11.0,8.0,7.9,15.7,23.2,12.9,29.8,42.7,39775.0,-88.2696027619254,45.0262847415341,Midwest
WI,Oneida,55085,6.5,39.1,10.4,8.6,7.9,14.1,23.5,13.8,26.8,35.2,38226.0,-89.5218417475047,45.7055064731892,Midwest
WI,Outagamie,55087,7.1,33.3,10.6,6.0,5.9,12.7,23.7,10.3,25.6,36.6,193234.0,-88.4650199576843,44.4160154160954,Midwest
WI,Ozaukee,55089,5.5,30.3,10.2,6.3,5.4,10.3,21.8,10.1,22.1,30.3,93460.0,-87.9514940839828,43.3839313389774,Midwest
WI,Pepin,55091,7.2,36.3,10.6,7.9,7.4,14.2,22.6,12.4,27.8,36.6,7441.0,-92.0018752649712,44.5828765257837,Midwest
WI,Pierce,55093,6.7,30.8,10.7,5.9,5.8,13.0,23.5,9.8,24.7,33.2,43026.0,-92.4224986307832,44.719500944718,Midwest
WI,Polk,55095,7.2,36.1,10.7,7.5,7.3,14.3,22.6,12.4,27.0,35.6,45762.0,-92.4412755945684,45.4615053795217,Midwest
WI,Portage,55097,7.2,29.0,10.7,6.2,6.1,12.8,24.6,9.6,24.6,35.1,71024.0,-89.5014634259803,44.476069468424,Midwest
WI,Price,55099,7.8,40.1,10.9,9.7,9.5,16.7,22.0,14.8,31.7,42.5,14102.0,-90.3614824634713,45.680136950248,Midwest
WI,Racine,55101,9.6,34.6,11.3,6.7,6.7,14.7,22.4,12.5,31.2,42.3,196613.0,-88.0615110425471,42.7474549331325,Midwest
WI,Richland,55103,8.7,37.2,10.9,8.8,8.9,16.4,22.5,13.6,31.7,37.5,17197.0,-90.4295276874604,43.375594361217,Midwest
WI,Rock,55105,8.8,33.4,11.2,6.7,6.8,14.7,23.3,12.3,29.6,41.9,164278.0,-89.0714240953801,42.6712511057737,Midwest
WI,Rusk,55107,8.4,39.7,11.1,9.6,9.8,17.5,22.7,14.9,31.4,41.1,14143.0,-91.1334553337081,45.475051704817,Midwest
WI,Sauk,55111,8.0,34.0,10.8,7.1,7.0,14.9,24.2,12.3,29.8,40.4,65920.0,-89.9480570627182,43.4268791076475,Midwest
WI,Sawyer,55113,7.6,41.4,11.0,9.6,9.3,17.3,22.7,15.2,31.3,34.3,18552.0,-91.1445791569221,45.8800079322517,Midwest
WI,Shawano,55115,8.1,35.9,11.2,8.1,8.2,16.7,22.0,12.9,30.0,40.4,41109.0,-88.7652050438409,44.789005418413,Midwest
WI,Sheboygan,55117,7.9,35.4,10.3,6.9,6.5,13.7,22.0,11.5,29.0,36.6,117752.0,-87.9453315851594,43.7212481954764,Midwest
WI,St. Croix,55109,6.1,32.0,10.4,5.7,5.5,12.6,22.6,9.6,24.1,36.3,96763.0,-92.4526727439635,45.0340717962427,Midwest
WI,Taylor,55119,8.3,37.3,10.7,8.2,8.4,16.3,21.6,12.8,32.1,44.3,20058.0,-90.5014610688285,45.2114507805017,Midwest
WI,Trempealeau,55121,9.0,35.3,10.6,7.5,7.6,15.8,23.2,12.3,29.0,41.3,30899.0,-91.3584214806691,44.3039450660913,Midwest
WI,Vernon,55123,8.0,36.5,11.0,8.4,8.5,16.1,22.9,12.9,29.6,38.8,31170.0,-90.8341650417426,43.5938998571469,Midwest
WI,Vilas,55125,6.3,41.6,10.8,9.4,8.3,14.2,22.4,13.8,28.7,38.4,23885.0,-89.5147032960432,46.0528283109831,Midwest
WI,Walworth,55127,8.4,32.7,10.5,6.8,6.4,12.8,21.9,11.2,26.1,38.4,105822.0,-88.5418387513161,42.6685116518019,Midwest
WI,Washburn,55129,7.4,40.4,11.0,9.2,8.9,15.7,21.6,14.4,30.9,35.6,16930.0,-91.7913242154414,45.8992656540466,Midwest
WI,Washington,55131,6.2,32.9,10.5,6.5,5.9,12.1,22.3,10.5,22.7,36.4,138168.0,-88.2306031328811,43.3685226289149,Midwest
WI,Waukesha,55133,5.7,33.6,10.2,6.2,5.2,10.3,20.2,10.5,21.0,33.4,412591.0,-88.3044478622231,43.0182314530753,Midwest
WI,Waupaca,55135,8.2,36.7,11.1,7.7,7.8,15.7,22.9,13.1,28.7,38.2,51388.0,-88.9648874578922,44.4704262386258,Midwest
WI,Waushara,55137,8.9,39.1,10.5,8.9,8.7,16.5,22.1,14.4,32.0,39.7,24934.0,-89.2429754089233,44.1131612071157,Midwest
WI,Winnebago,55139,7.7,32.4,11.0,6.3,6.4,14.2,23.4,11.2,27.7,40.0,171735.0,-88.6446943692825,44.0689256622657,Midwest
WI,Wood,55141,7.9,35.9,10.9,7.8,7.7,15.5,22.7,12.6,28.2,40.0,73939.0,-90.0414727602816,44.4553501743957,Midwest
WV,Barbour,54001,9.3,46.4,12.6,9.3,11.9,21.4,31.9,16.9,36.2,43.3,15378.0,-80.0037987492522,39.1326214527284,South
WV,Berkeley,54003,8.7,39.6,12.2,6.7,8.4,17.4,29.5,13.5,31.1,38.7,132440.0,-78.0272689900364,39.4644546313415,South
WV,Boone,54005,9.1,48.1,12.5,9.7,12.4,21.9,31.0,17.3,36.9,46.7,20576.0,-81.7108557946382,38.0221545914536,South
WV,Braxton,54007,10.3,49.0,12.4,11.1,14.3,24.1,30.2,19.1,38.5,41.5,12162.0,-80.7194778355892,38.6999018711632,South
WV,Brooke,54009,7.4,44.6,11.7,8.7,9.8,16.9,28.8,15.5,29.9,40.0,21373.0,-80.5759156500243,40.2745123575932,South
WV,Cabell,54011,8.3,39.8,12.8,8.1,9.8,17.8,32.4,14.9,31.1,44.1,92082.0,-82.2415597718845,38.4203751697343,South
WV,Calhoun,54013,10.6,51.4,12.7,12.5,16.2,26.2,30.9,21.1,41.2,40.8,5959.0,-81.1171562125043,38.8442506055535,South
WV,Clay,54015,10.2,48.4,12.6,10.8,14.0,24.3,31.5,18.8,39.1,41.9,7783.0,-81.0752406360222,38.4623271616957,South
WV,Doddridge,54017,9.8,45.5,11.9,9.4,11.5,21.5,29.2,16.4,34.6,41.0,7680.0,-80.7064287510437,39.2695178781485,South
WV,Fayette,54019,9.2,45.6,12.5,9.7,12.2,21.7,31.2,17.9,35.9,40.5,39072.0,-81.08077484784,38.0286989649594,South
WV,Gilmer,54021,11.4,43.5,11.6,8.2,10.1,20.7,28.4,15.5,34.8,42.9,7254.0,-80.8565551863755,38.9243479452265,South
WV,Grant,54023,8.2,45.6,11.9,9.7,11.2,19.2,28.8,16.6,33.8,43.2,10921.0,-79.1956682823498,39.1051878980045,South
WV,Greenbrier,54025,9.2,46.9,12.3,10.1,12.4,20.8,29.4,17.3,35.0,40.4,32149.0,-80.4528428963638,37.9469307056766,South
WV,Hampshire,54027,8.5,46.0,11.9,9.5,11.3,20.3,29.6,16.9,33.9,39.2,23649.0,-78.6141696083259,39.31731697234,South
WV,Hancock,54029,8.0,46.3,12.1,9.2,10.8,18.6,29.5,16.6,32.2,44.0,28145.0,-80.5738950092347,40.5218655920266,South
WV,Hardy,54031,9.7,48.7,12.3,10.4,12.6,21.6,29.8,19.0,36.3,41.9,14251.0,-78.8580214852076,39.0074510404398,South
WV,Harrison,54033,8.1,43.0,12.3,8.5,10.2,18.8,29.6,15.6,30.4,40.2,64639.0,-80.3793933507544,39.2833399096793,South
WV,Jackson,54035,8.2,46.5,12.2,9.2,11.1,19.7,30.5,17.2,34.5,42.8,27593.0,-81.6747031647578,38.8344945109186,South
WV,Jefferson,54037,7.7,40.5,11.9,6.8,7.6,15.1,27.8,13.4,26.4,38.3,59787.0,-77.8631657527537,39.3075892215768,South
WV,Kanawha,54039,7.8,46.2,11.9,8.7,9.8,18.9,30.2,15.6,32.3,40.3,174805.0,-81.5284979920394,38.3361284608688,South
WV,Lewis,54041,9.0,44.2,12.2,9.2,11.6,21.2,31.0,16.9,34.7,40.3,16500.0,-80.5022541227854,38.9959239226888,South
WV,Lincoln,54043,10.4,47.2,12.9,10.4,13.8,24.6,32.5,18.5,36.2,45.6,19701.0,-82.0709294651021,38.1746145924151,South
WV,Logan,54045,10.1,47.8,12.7,10.2,13.5,24.0,34.3,18.2,39.3,45.0,30827.0,-81.9348841877201,37.8310559953658,South
WV,Marion,54049,7.7,41.9,12.2,7.9,9.3,17.7,30.3,14.7,29.8,42.1,55807.0,-80.2424987842091,39.5096729205619,South
WV,Marshall,54051,8.1,45.7,12.0,9.4,11.1,20.4,29.9,16.4,33.3,37.5,29405.0,-80.663378341193,39.860535240966,South
WV,Mason,54053,9.1,45.8,12.8,9.7,12.5,21.9,31.7,17.0,36.6,41.3,24765.0,-82.0265180831264,38.7697766470729,South
WV,McDowell,54047,13.9,51.0,13.2,11.8,16.5,28.7,31.1,21.6,45.0,46.2,17439.0,-81.6545890211044,37.3783912304724,South
WV,Mercer,54055,8.8,45.3,12.7,9.5,12.1,21.1,31.1,17.2,35.0,40.8,58057.0,-81.1115003008816,37.4056309003899,South
WV,Mineral,54057,7.4,43.0,11.9,8.4,9.8,17.5,30.4,15.2,30.9,39.3,26867.0,-78.9438660349927,39.4145638145152,South
WV,Mingo,54059,11.7,50.1,13.3,11.5,16.1,27.6,34.0,20.4,44.0,43.5,22023.0,-82.1354107949466,37.7274399594806,South
WV,Monongalia,54061,7.1,31.9,11.6,5.6,6.7,13.9,29.4,10.8,22.9,31.9,107718.0,-80.0460523363022,39.630272026213,South
WV,Monroe,54063,8.8,47.7,12.2,10.3,12.3,20.5,30.3,17.9,35.7,41.1,12382.0,-80.5505495429756,37.5604387985945,South
WV,Morgan,54065,8.2,46.7,11.9,9.4,11.1,19.4,29.1,16.8,33.4,39.2,17649.0,-78.2572007261259,39.5604993870421,South
WV,Nicholas,54067,8.6,46.6,12.1,9.9,11.9,20.7,30.8,16.8,35.1,40.6,24169.0,-80.7995158023614,38.2916433145159,South
WV,Ohio,54069,7.4,42.5,11.9,8.3,9.4,16.3,29.5,15.0,29.8,39.5,41194.0,-80.6191280922939,40.0974423829071,South
WV,Pendleton,54071,8.6,48.4,11.8,10.9,12.2,19.3,28.7,18.2,34.6,36.5,6029.0,-79.3506710846556,38.6803979946058,South
WV,Pleasants,54073,8.4,43.5,11.8,8.1,10.0,19.7,30.7,14.9,33.0,44.0,7428.0,-81.1611582140674,39.3705911266091,South
WV,Pocahontas,54075,10.0,49.9,12.2,11.4,13.9,22.2,29.4,19.2,37.9,40.6,7765.0,-80.0077272427339,38.3316812293055,South
WV,Preston,54077,9.4,43.1,11.9,8.5,10.5,20.6,30.5,15.3,31.9,37.7,34099.0,-79.6682382255385,39.4693463018361,South
WV,Putnam,54079,6.9,43.7,11.7,7.5,8.8,16.3,30.1,14.1,28.6,38.3,56962.0,-81.9090313136704,38.5086607909013,South
WV,Raleigh,54081,9.5,47.2,12.6,9.5,12.1,20.5,30.6,17.7,36.5,43.1,72356.0,-81.2481375065092,37.771281087791,South
WV,Randolph,54083,9.0,45.7,12.0,9.1,10.9,20.0,30.7,16.0,33.4,45.9,27350.0,-79.8755574314552,38.7748244563628,South
WV,Ritchie,54085,9.6,47.6,12.4,10.5,13.4,23.3,30.5,17.9,38.3,42.9,8167.0,-81.0627854058713,39.1779944001672,South
WV,Roane,54087,10.3,49.1,12.6,11.0,14.4,23.9,31.5,19.4,39.6,41.6,13743.0,-81.3481814780551,38.713994096242,South
WV,Summers,54089,10.0,48.9,13.0,11.0,13.9,22.6,30.5,19.4,38.9,39.8,11581.0,-80.8583805903992,37.6558327507211,South
WV,Taylor,54091,9.0,44.9,12.3,9.0,11.2,20.5,30.2,15.9,34.7,42.0,16388.0,-80.0461761884184,39.3359329202319,South
WV,Tucker,54093,7.8,48.1,11.9,9.9,11.3,18.5,29.3,16.9,33.3,39.3,6604.0,-79.5658010101617,39.1135842932892,South
WV,Tyler,54095,8.1,48.0,12.0,10.0,11.9,20.2,29.8,17.6,34.9,42.8,7919.0,-80.8850799013999,39.465890011048,South
WV,Upshur,54097,8.9,44.9,12.2,9.4,11.5,20.9,30.3,16.5,35.0,36.6,23529.0,-80.2337280101355,38.8975319884368,South
WV,Wayne,54099,9.0,46.5,12.5,9.7,12.0,21.5,31.3,16.9,35.7,42.6,37686.0,-82.4271343320478,38.1459980233102,South
WV,Webster,54101,10.4,49.9,12.7,11.5,14.8,24.2,31.4,19.5,41.2,42.9,8045.0,-80.4221064541905,38.4946072732535,South
WV,Wetzel,54103,8.6,45.6,12.1,9.7,11.7,20.6,30.7,16.7,36.9,42.4,13890.0,-80.6376146428537,39.6054037396684,South
WV,Wirt,54105,8.6,47.6,12.3,10.4,12.7,21.4,30.3,18.1,36.0,42.8,5000.0,-81.3786746196863,39.0222609917473,South
WV,Wood,54107,7.9,45.3,12.0,9.0,10.8,18.9,32.0,16.6,33.1,43.5,83052.0,-81.5149955199239,39.2111889760022,South
WV,Wyoming,54109,10.5,49.7,12.9,10.7,14.0,24.6,31.6,18.7,39.9,44.6,20277.0,-81.5486169582605,37.6089223993811,South
WY,Albany,56001,10.3,25.4,10.4,4.7,5.1,10.5,23.7,7.5,17.5,27.0,38257.0,-105.723439465307,41.6544509650776,West
WY,Big Horn,56003,13.1,35.7,10.3,8.2,8.8,15.7,21.6,12.6,28.0,33.8,12018.0,-107.994787098478,44.5263908192951,West
WY,Campbell,56005,12.5,29.6,10.3,5.6,6.6,15.3,22.8,9.9,25.9,35.9,47498.0,-105.548057845911,44.2485738556036,West
WY,Carbon,56007,14.7,34.6,9.9,7.4,8.0,15.6,19.8,12.9,30.5,38.6,14334.0,-106.930366354279,41.6947787709999,West
WY,Converse,56009,12.0,34.3,10.3,7.1,7.8,15.4,21.0,11.5,26.4,37.3,13809.0,-105.507297908746,42.9722028131336,West
WY,Crook,56011,9.5,34.4,10.2,7.3,7.5,13.5,20.1,11.5,24.5,32.6,7592.0,-104.569576215136,44.5885182060997,West
WY,Fremont,56013,11.7,35.4,10.9,7.6,8.3,16.4,20.6,12.4,27.2,33.9,39815.0,-108.630454608807,43.0406424027024,West
WY,Goshen,56015,12.1,35.8,9.9,8.0,8.1,13.9,20.9,12.3,27.0,36.8,12642.0,-104.353415965095,42.0879169606802,West
WY,Hot Springs,56017,10.9,39.1,10.5,9.7,9.9,14.9,20.7,14.5,28.4,35.1,4661.0,-108.4422998099,43.7189807030553,West
WY,Johnson,56019,10.5,37.1,10.2,8.8,8.9,14.7,19.6,13.1,28.4,35.6,8759.0,-106.584820119499,44.0396656597518,West
WY,Laramie,56021,12.0,30.3,10.1,5.9,6.6,13.3,21.1,10.5,27.5,33.8,100984.0,-104.689171612404,41.3069899861076,West
WY,Lincoln,56023,10.0,34.5,10.0,6.8,7.3,14.1,19.9,11.4,24.5,35.4,20880.0,-110.65625410799,42.2639412641557,West
WY,Natrona,56025,11.6,30.2,10.3,6.2,7.1,14.9,23.2,11.1,26.3,36.6,79941.0,-106.798428990807,42.9624387201285,West
WY,Niobrara,56027,11.6,36.4,10.9,8.7,9.5,16.1,22.3,13.0,30.2,36.3,2354.0,-104.475677641739,43.0562528774242,West
WY,Park,56029,10.0,34.0,9.8,7.4,7.3,12.5,20.9,11.7,24.9,31.5,30735.0,-109.588592877427,44.5205500093565,West
WY,Platte,56031,12.1,38.7,10.2,9.0,9.1,15.0,19.8,13.5,29.3,35.8,8546.0,-104.965967928793,42.1327154003272,West
WY,Sheridan,56033,9.7,34.0,10.0,7.0,7.1,12.9,23.1,10.9,22.9,30.6,32519.0,-106.87999955798,44.7906982747118,West
WY,Sublette,56035,9.5,34.4,9.8,7.3,7.0,12.7,20.2,11.2,24.3,33.3,8969.0,-109.914842354088,42.7665867752479,West
WY,Sweetwater,56037,14.1,31.1,10.3,6.2,7.0,16.1,23.6,11.1,27.2,36.3,41249.0,-108.879886957441,41.6596981373813,West
WY,Teton,56039,9.2,27.0,9.0,5.0,4.5,9.2,18.0,8.4,18.3,24.0,23232.0,-110.589857877684,43.9344840596924,West
WY,Uinta,56041,11.8,31.6,10.2,6.5,7.2,14.8,20.8,11.0,25.9,34.4,20745.0,-110.547535027877,41.287644945248,West
WY,Washakie,56043,13.6,36.1,10.1,8.5,8.9,15.4,20.3,13.7,30.2,33.3,7710.0,-107.682609867855,43.9044572012832,West
WY,Weston,56045,12.0,34.6,9.9,7.9,8.2,15.7,19.5,12.6,28.3,35.7,6808.0,-104.567739997323,43.8402189504887,West
